addr,size,name,source_file_or_bracket,category,fable_hint,fable_method,fable_body_similarity
00bc0060,85,FUN_00bc0060,between ? and PKStringsCBufferString,has assertion,,,
00bc00d0,7,SetVtable_00d9d9b4_00bc00d0,between ? and PKStringsCBufferString,vtable setter,,,
00bc00f0,21,FUN_00bc00f0,between ? and PKStringsCBufferString,unclassified,,,
00bc0130,105,Ctor_vt00d9e214_00bc0130,between ? and PKStringsCBufferString,constructor,,,
00bc01a0,208,Ctor_vt00d9e214_00bc01a0,PKStringsCBufferString,constructor,,,
00bc0270,27,ScalarDeletingDtor_00bc0270,between PKStringsCBufferString and PKCProtectionInstance,scalar deleting destructor,,,
00bc02a0,66,FUN_00bc02a0,between PKStringsCBufferString and PKCProtectionInstance,unclassified,,,
00bc02f0,128,LHAudioSystem_CreateResource,between PKStringsCBufferString and PKCProtectionInstance,named,,,
00bc0370,133,LHAudioSystem_CreateAtmosGroup,between PKStringsCBufferString and PKCProtectionInstance,named,,,
00bc0400,128,LHAudioSystem_CreateResource2,between PKStringsCBufferString and PKCProtectionInstance,named,,,
00bc0480,128,LHAudioSystem_CreateDriver,between PKStringsCBufferString and PKCProtectionInstance,named,,,
00bc0510,26,FUN_00bc0510,between PKStringsCBufferString and PKCProtectionInstance,unclassified,,,
00bc0530,26,FUN_00bc0530,between PKStringsCBufferString and PKCProtectionInstance,unclassified,,,
00bc0550,219,Dtor_00bc0550,between PKStringsCBufferString and PKCProtectionInstance,destructor,,,
00bc0690,156,Ctor_vt00d9e390_00bc0690,between PKStringsCBufferString and PKCProtectionInstance,constructor,,,
00bc0730,12,FUN_00bc0730,between PKStringsCBufferString and PKCProtectionInstance,unclassified,,,
00bc0750,12,FUN_00bc0750,between PKStringsCBufferString and PKCProtectionInstance,unclassified,,,
00bc0770,12,FUN_00bc0770,between PKStringsCBufferString and PKCProtectionInstance,unclassified,,,
00bc0960,14,Dtor_00bc0960,between PKStringsCBufferString and PKCProtectionInstance,destructor,,,
00bc09e0,14,Dtor_00bc09e0,between PKStringsCBufferString and PKCProtectionInstance,destructor,,,
00bc0a60,14,Dtor_00bc0a60,between PKStringsCBufferString and PKCProtectionInstance,destructor,,,
00bc0b30,21,Ctor_vt00d9e318_00bc0b30,between PKStringsCBufferString and PKCProtectionInstance,constructor,,,
00bc0b50,21,Ctor_vt00d9e340_00bc0b50,between PKStringsCBufferString and PKCProtectionInstance,constructor,,,
00bc0b70,21,Ctor_vt00d9e368_00bc0b70,between PKStringsCBufferString and PKCProtectionInstance,constructor,,,
00bc0b90,27,ScalarDeletingDtor_00bc0b90,between PKStringsCBufferString and PKCProtectionInstance,scalar deleting destructor,,,
00bc0bb0,27,ScalarDeletingDtor_00bc0bb0,between PKStringsCBufferString and PKCProtectionInstance,scalar deleting destructor,,,
00bc0bd0,27,ScalarDeletingDtor_00bc0bd0,between PKStringsCBufferString and PKCProtectionInstance,scalar deleting destructor,,,
00bc0bf0,14,Dtor_00bc0bf0,between PKStringsCBufferString and PKCProtectionInstance,destructor,,,
00bc0c20,14,Dtor_00bc0c20,between PKStringsCBufferString and PKCProtectionInstance,destructor,,,
00bc0c50,14,Dtor_00bc0c50,between PKStringsCBufferString and PKCProtectionInstance,destructor,,,
00bc0c80,27,ScalarDeletingDtor_00bc0c80,between PKStringsCBufferString and PKCProtectionInstance,scalar deleting destructor,,,
00bc0ca0,27,Ctor_vt00d9e3b8_00bc0ca0,between PKStringsCBufferString and PKCProtectionInstance,constructor,,,
00bc0cc0,27,Ctor_vt00d9e3e0_00bc0cc0,between PKStringsCBufferString and PKCProtectionInstance,constructor,,,
00bc0ce0,27,Ctor_vt00d9e408_00bc0ce0,between PKStringsCBufferString and PKCProtectionInstance,constructor,,,
00bc0d00,27,ScalarDeletingDtor_00bc0d00,between PKStringsCBufferString and PKCProtectionInstance,scalar deleting destructor,,,
00bc0d20,27,ScalarDeletingDtor_00bc0d20,between PKStringsCBufferString and PKCProtectionInstance,scalar deleting destructor,,,
00bc0d40,27,ScalarDeletingDtor_00bc0d40,between PKStringsCBufferString and PKCProtectionInstance,scalar deleting destructor,,,
00bc0d70,96,Ctor_vt00d9e430_00bc0d70,between PKStringsCBufferString and PKCProtectionInstance,constructor,,,
00bc0de0,152,FUN_00bc0de0,between PKStringsCBufferString and PKCProtectionInstance,unclassified,,,
00bc0e80,84,FUN_00bc0e80,between PKStringsCBufferString and PKCProtectionInstance,unclassified,,,
00bc0ee0,149,FUN_00bc0ee0,between PKStringsCBufferString and PKCProtectionInstance,has assertion,,,
00bc0f80,55,LH_Array_GetAt_00bc0f80,between PKStringsCBufferString and PKCProtectionInstance,array helper,,,
00bc0fe0,27,ScalarDeletingDtor_00bc0fe0,between PKStringsCBufferString and PKCProtectionInstance,scalar deleting destructor,,,
00bc1000,79,Dtor_00bc1000,between PKStringsCBufferString and PKCProtectionInstance,destructor,,,
00bc1050,214,LH_SortedArray_FindIndex_00bc1050,between PKStringsCBufferString and PKCProtectionInstance,array helper,,,
00bc1130,74,LH_SortedArray_FindObject_00bc1130,between PKStringsCBufferString and PKCProtectionInstance,array helper,,,
00bc11b0,98,Ctor_vt00d9e4c4_00bc11b0,between PKStringsCBufferString and PKCProtectionInstance,constructor,,,
00bc1220,89,FUN_00bc1220,between PKStringsCBufferString and PKCProtectionInstance,unclassified,,,
00bc1280,30,Dtor_00bc1280,between PKStringsCBufferString and PKCProtectionInstance,destructor,,,
00bc12c0,27,ScalarDeletingDtor_00bc12c0,between PKStringsCBufferString and PKCProtectionInstance,scalar deleting destructor,,,
00bc12f0,89,Ctor_vt00d9e4b0_00bc12f0,between PKStringsCBufferString and PKCProtectionInstance,constructor,,,
00bc1350,27,ScalarDeletingDtor_00bc1350,between PKStringsCBufferString and PKCProtectionInstance,scalar deleting destructor,,,
00bc1370,102,Dtor_00bc1370,between PKStringsCBufferString and PKCProtectionInstance,destructor,,,
00bc1470,29,FUN_00bc1470,between PKStringsCBufferString and PKCProtectionInstance,unclassified,,,
00bc1490,290,PKCProtectionInstance_Leave,PKCProtectionInstance,named,,,
00bc15f0,7,FUN_00bc15f0,between PKCProtectionInstance and CEngine,unclassified,,,
00bc1600,7,FUN_00bc1600,between PKCProtectionInstance and CEngine,unclassified,,,
00bc1620,7,SetVtable_00d9e540_00bc1620,between PKCProtectionInstance and CEngine,vtable setter,,,
00bc1690,31,FUN_00bc1690,between PKCProtectionInstance and CEngine,unclassified,,,
00bc16e0,100,FUN_00bc16e0,between PKCProtectionInstance and CEngine,unclassified,,,
00bc1750,60,FUN_00bc1750,between PKCProtectionInstance and CEngine,unclassified,,,
00bc1820,31,FUN_00bc1820,between PKCProtectionInstance and CEngine,unclassified,,,
00bc1840,102,FUN_00bc1840,between PKCProtectionInstance and CEngine,unclassified,,,
00bc18b0,103,FUN_00bc18b0,between PKCProtectionInstance and CEngine,unclassified,,,
00bc1920,97,FUN_00bc1920,between PKCProtectionInstance and CEngine,unclassified,,,
00bc1990,44,FUN_00bc1990,between PKCProtectionInstance and CEngine,unclassified,,,
00bc19f0,29,FUN_00bc19f0,between PKCProtectionInstance and CEngine,unclassified,,,
00bc1a10,53,FUN_00bc1a10,between PKCProtectionInstance and CEngine,unclassified,,,
00bc1a50,31,FUN_00bc1a50,between PKCProtectionInstance and CEngine,unclassified,,,
00bc1a80,93,FUN_00bc1a80,between PKCProtectionInstance and CEngine,unclassified,,,
00bc1ae0,107,FUN_00bc1ae0,between PKCProtectionInstance and CEngine,unclassified,,,
00bc1b50,426,FUN_00bc1b50,between PKCProtectionInstance and CEngine,unclassified,,,
00bc1d00,73,FUN_00bc1d00,between PKCProtectionInstance and CEngine,unclassified,,,
00bc1d50,94,FUN_00bc1d50,between PKCProtectionInstance and CEngine,unclassified,,,
00bc1db0,132,FUN_00bc1db0,between PKCProtectionInstance and CEngine,unclassified,,,
00bc1e40,58,FUN_00bc1e40,between PKCProtectionInstance and CEngine,unclassified,,,
00bc1e80,105,FUN_00bc1e80,between PKCProtectionInstance and CEngine,unclassified,,,
00bc1ef0,200,Dtor_00bc1ef0,between PKCProtectionInstance and CEngine,destructor,,,
00bc1fc0,234,Ctor_vt00d9e678_00bc1fc0,between PKCProtectionInstance and CEngine,constructor,,,
00bc20b0,27,ScalarDeletingDtor_00bc20b0,between PKCProtectionInstance and CEngine,scalar deleting destructor,,,
00bc20d0,27,ScalarDeletingDtor_00bc20d0,between PKCProtectionInstance and CEngine,scalar deleting destructor,,,
00bc2100,12,FUN_00bc2100,between PKCProtectionInstance and CEngine,unclassified,,,
00bc2120,12,FUN_00bc2120,between PKCProtectionInstance and CEngine,unclassified,,,
00bc2190,3,FUN_00bc2190,between PKCProtectionInstance and CEngine,unclassified,,,
00bc21a0,3,FUN_00bc21a0,between PKCProtectionInstance and CEngine,unclassified,,,
00bc22b0,14,Dtor_00bc22b0,between PKCProtectionInstance and CEngine,destructor,,,
00bc2340,14,Dtor_00bc2340,between PKCProtectionInstance and CEngine,destructor,,,
00bc23b0,21,Ctor_vt00d9e5d4_00bc23b0,between PKCProtectionInstance and CEngine,constructor,,,
00bc23d0,21,Ctor_vt00d9e5fc_00bc23d0,between PKCProtectionInstance and CEngine,constructor,,,
00bc23f0,27,ScalarDeletingDtor_00bc23f0,between PKCProtectionInstance and CEngine,scalar deleting destructor,,,
00bc2410,27,ScalarDeletingDtor_00bc2410,between PKCProtectionInstance and CEngine,scalar deleting destructor,,,
00bc2430,14,Dtor_00bc2430,between PKCProtectionInstance and CEngine,destructor,,,
00bc2440,14,Dtor_00bc2440,between PKCProtectionInstance and CEngine,destructor,,,
00bc2450,27,Ctor_vt00d9e624_00bc2450,between PKCProtectionInstance and CEngine,constructor,,,
00bc2470,27,Ctor_vt00d9e64c_00bc2470,between PKCProtectionInstance and CEngine,constructor,,,
00bc2490,27,ScalarDeletingDtor_00bc2490,between PKCProtectionInstance and CEngine,scalar deleting destructor,,,
00bc24b0,27,ScalarDeletingDtor_00bc24b0,between PKCProtectionInstance and CEngine,scalar deleting destructor,,,
00bc24d0,27,ScalarDeletingDtor_00bc24d0,between PKCProtectionInstance and CEngine,scalar deleting destructor,,,
00bc2580,26,FUN_00bc2580,between PKCProtectionInstance and CEngine,unclassified,,,
00bc25b0,4,FUN_00bc25b0,between PKCProtectionInstance and CEngine,unclassified,,,
00bc25c0,83,FUN_00bc25c0,between PKCProtectionInstance and CEngine,unclassified,,,
00bc2680,43,FUN_00bc2680,between PKCProtectionInstance and CEngine,unclassified,,,
00bc26b0,20,FUN_00bc26b0,between PKCProtectionInstance and CEngine,unclassified,,,
00bc26e0,40,FUN_00bc26e0,between PKCProtectionInstance and CEngine,unclassified,,,
00bc2710,97,FUN_00bc2710,between PKCProtectionInstance and CEngine,unclassified,,,
00bc2780,104,FUN_00bc2780,between PKCProtectionInstance and CEngine,unclassified,,,
00bc2800,75,FUN_00bc2800,between PKCProtectionInstance and CEngine,unclassified,,,
00bc2850,102,FUN_00bc2850,between PKCProtectionInstance and CEngine,unclassified,,,
00bc28d0,374,FUN_00bc28d0,between PKCProtectionInstance and CEngine,unclassified,,,
00bc2a50,186,FUN_00bc2a50,between PKCProtectionInstance and CEngine,unclassified,,,
00bc2b10,34,FUN_00bc2b10,between PKCProtectionInstance and CEngine,unclassified,,,
00bc2b40,11,FUN_00bc2b40,between PKCProtectionInstance and CEngine,unclassified,,,
00bc2b50,11,FUN_00bc2b50,between PKCProtectionInstance and CEngine,unclassified,,,
00bc2b60,48,FUN_00bc2b60,between PKCProtectionInstance and CEngine,unclassified,,,
00bc2b90,45,FUN_00bc2b90,between PKCProtectionInstance and CEngine,unclassified,,,
00bc2bd0,49,FUN_00bc2bd0,between PKCProtectionInstance and CEngine,unclassified,,,
00bc2c10,49,FUN_00bc2c10,between PKCProtectionInstance and CEngine,unclassified,,,
00bc2c50,130,FUN_00bc2c50,between PKCProtectionInstance and CEngine,unclassified,,,
00bc2ce0,115,FUN_00bc2ce0,between PKCProtectionInstance and CEngine,unclassified,,,
00bc2d60,47,FUN_00bc2d60,between PKCProtectionInstance and CEngine,unclassified,,,
00bc2d90,521,FUN_00bc2d90,between PKCProtectionInstance and CEngine,unclassified,,,
00bc2fa0,130,FUN_00bc2fa0,between PKCProtectionInstance and CEngine,unclassified,,,
00bc3030,115,FUN_00bc3030,between PKCProtectionInstance and CEngine,unclassified,,,
00bc30b0,10,FUN_00bc30b0,between PKCProtectionInstance and CEngine,unclassified,,,
00bc30c0,46,FUN_00bc30c0,between PKCProtectionInstance and CEngine,unclassified,,,
00bc30f0,160,FUN_00bc30f0,between PKCProtectionInstance and CEngine,unclassified,,,
00bc3190,4,FUN_00bc3190,between PKCProtectionInstance and CEngine,unclassified,,,
00bc31a0,4,FUN_00bc31a0,between PKCProtectionInstance and CEngine,unclassified,,,
00bc31b0,19,FUN_00bc31b0,between PKCProtectionInstance and CEngine,unclassified,,,
00bc31e0,114,FUN_00bc31e0,between PKCProtectionInstance and CEngine,unclassified,,,
00bc3260,114,FUN_00bc3260,between PKCProtectionInstance and CEngine,unclassified,,,
00bc32e0,114,FUN_00bc32e0,between PKCProtectionInstance and CEngine,unclassified,,,
00bc3360,114,FUN_00bc3360,between PKCProtectionInstance and CEngine,unclassified,,,
00bc33e0,181,FUN_00bc33e0,between PKCProtectionInstance and CEngine,unclassified,,,
00bc34a0,109,FUN_00bc34a0,between PKCProtectionInstance and CEngine,unclassified,,,
00bc3510,187,FUN_00bc3510,between PKCProtectionInstance and CEngine,unclassified,,,
00bc35d0,114,FUN_00bc35d0,between PKCProtectionInstance and CEngine,unclassified,,,
00bc3650,165,FUN_00bc3650,between PKCProtectionInstance and CEngine,unclassified,,,
00bc3700,11,FUN_00bc3700,between PKCProtectionInstance and CEngine,unclassified,,,
00bc3710,100,FUN_00bc3710,between PKCProtectionInstance and CEngine,unclassified,,,
00bc3780,100,FUN_00bc3780,between PKCProtectionInstance and CEngine,unclassified,,,
00bc37f0,100,FUN_00bc37f0,between PKCProtectionInstance and CEngine,unclassified,,,
00bc3860,125,FUN_00bc3860,between PKCProtectionInstance and CEngine,unclassified,,,
00bc38e0,105,FUN_00bc38e0,between PKCProtectionInstance and CEngine,unclassified,,,
00bc3950,46,FUN_00bc3950,between PKCProtectionInstance and CEngine,unclassified,,,
00bc3980,127,FUN_00bc3980,between PKCProtectionInstance and CEngine,unclassified,,,
00bc3a00,121,FUN_00bc3a00,between PKCProtectionInstance and CEngine,unclassified,,,
00bc3a80,173,FUN_00bc3a80,between PKCProtectionInstance and CEngine,unclassified,,,
00bc3b30,103,FUN_00bc3b30,between PKCProtectionInstance and CEngine,unclassified,,,
00bc3ba0,103,FUN_00bc3ba0,between PKCProtectionInstance and CEngine,unclassified,,,
00bc3c20,135,FUN_00bc3c20,between PKCProtectionInstance and CEngine,unclassified,,,
00bc3cb0,136,FUN_00bc3cb0,between PKCProtectionInstance and CEngine,unclassified,,,
00bc3d40,178,FUN_00bc3d40,between PKCProtectionInstance and CEngine,unclassified,,,
00bc3e00,120,FUN_00bc3e00,between PKCProtectionInstance and CEngine,unclassified,,,
00bc3e80,21,FUN_00bc3e80,between PKCProtectionInstance and CEngine,unclassified,,,
00bc3f60,83,FUN_00bc3f60,between PKCProtectionInstance and CEngine,unclassified,,,
00bc3fc0,99,FUN_00bc3fc0,between PKCProtectionInstance and CEngine,unclassified,,,
00bc4030,367,CEngine_ProcessActiveResource,CEngine,named,,,
00bc41a0,284,CEngine_ProcessMailboxLoop,CEngine,named,,,
00bc42c0,357,FUN_00bc42c0,between CEngine and PKDataReadCAccess,has assertion,,,
00bc4430,85,FUN_00bc4430,between CEngine and PKDataReadCAccess,unclassified,,,
00bc4490,116,FUN_00bc4490,between CEngine and PKDataReadCAccess,unclassified,,,
00bc4510,172,FUN_00bc4510,between CEngine and PKDataReadCAccess,unclassified,,,
00bc45c0,60,FUN_00bc45c0,between CEngine and PKDataReadCAccess,unclassified,,,
00bc4600,92,FUN_00bc4600,between CEngine and PKDataReadCAccess,unclassified,,,
00bc4660,163,FUN_00bc4660,between CEngine and PKDataReadCAccess,unclassified,,,
00bc48f0,318,FUN_00bc48f0,between CEngine and PKDataReadCAccess,unclassified,,,
00bc4a30,195,FUN_00bc4a30,between CEngine and PKDataReadCAccess,unclassified,,,
00bc4b00,228,FUN_00bc4b00,between CEngine and PKDataReadCAccess,unclassified,,,
00bc4bf0,165,FUN_00bc4bf0,between CEngine and PKDataReadCAccess,unclassified,,,
00bc4ca0,184,FUN_00bc4ca0,between CEngine and PKDataReadCAccess,unclassified,,,
00bc4d60,160,FUN_00bc4d60,between CEngine and PKDataReadCAccess,unclassified,,,
00bc4e00,99,FUN_00bc4e00,between CEngine and PKDataReadCAccess,unclassified,,,
00bc4e70,165,FUN_00bc4e70,between CEngine and PKDataReadCAccess,unclassified,,,
00bc4f20,165,FUN_00bc4f20,between CEngine and PKDataReadCAccess,unclassified,,,
00bc4fd0,160,FUN_00bc4fd0,between CEngine and PKDataReadCAccess,unclassified,,,
00bc5070,179,FUN_00bc5070,between CEngine and PKDataReadCAccess,unclassified,,,
00bc5130,149,FUN_00bc5130,between CEngine and PKDataReadCAccess,unclassified,,,
00bc51d0,145,FUN_00bc51d0,between CEngine and PKDataReadCAccess,unclassified,,,
00bc5270,156,FUN_00bc5270,between CEngine and PKDataReadCAccess,unclassified,,,
00bc5310,231,FUN_00bc5310,between CEngine and PKDataReadCAccess,has assertion,,,
00bc5400,234,FUN_00bc5400,between CEngine and PKDataReadCAccess,has assertion,,,
00bc54f0,270,FUN_00bc54f0,between CEngine and PKDataReadCAccess,has assertion,,,
00bc5610,232,FUN_00bc5610,between CEngine and PKDataReadCAccess,has assertion,,,
00bc5730,562,Dtor_00bc5730,between CEngine and PKDataReadCAccess,destructor,,,
00bc5990,138,FUN_00bc5990,between CEngine and PKDataReadCAccess,unclassified,,,
00bc5a20,240,FUN_00bc5a20,between CEngine and PKDataReadCAccess,unclassified,,,
00bc5b10,332,FUN_00bc5b10,between CEngine and PKDataReadCAccess,unclassified,,,
00bc5c60,207,FUN_00bc5c60,between CEngine and PKDataReadCAccess,unclassified,,,
00bc5d40,345,FUN_00bc5d40,between CEngine and PKDataReadCAccess,unclassified,,,
00bc5ea0,754,Ctor_vt00d9eb88_00bc5ea0,between CEngine and PKDataReadCAccess,constructor,,,
00bc61a0,1339,FUN_00bc61a0,between CEngine and PKDataReadCAccess,unclassified,,,
00bc66e0,289,FUN_00bc66e0,between CEngine and PKDataReadCAccess,unclassified,,,
00bc6810,119,FUN_00bc6810,between CEngine and PKDataReadCAccess,unclassified,,,
00bc6890,214,FUN_00bc6890,between CEngine and PKDataReadCAccess,unclassified,,,
00bc6970,294,FUN_00bc6970,between CEngine and PKDataReadCAccess,has assertion,,,
00bc6aa0,460,FUN_00bc6aa0,between CEngine and PKDataReadCAccess,unclassified,,,
00bc6c70,7,SetVtable_00d9e6c8_00bc6c70,between CEngine and PKDataReadCAccess,vtable setter,,,
00bc6ca0,7,SetVtable_00d9e7a0_00bc6ca0,between CEngine and PKDataReadCAccess,vtable setter,,,
00bc6cd0,7,SetVtable_00d9e7a0_00bc6cd0,between CEngine and PKDataReadCAccess,vtable setter,,,
00bc6d50,8,FUN_00bc6d50,between CEngine and PKDataReadCAccess,unclassified,,,
00bc6d70,27,ScalarDeletingDtor_00bc6d70,between CEngine and PKDataReadCAccess,scalar deleting destructor,,,
00bc6d90,27,ScalarDeletingDtor_00bc6d90,between CEngine and PKDataReadCAccess,scalar deleting destructor,,,
00bc6de0,27,ScalarDeletingDtor_00bc6de0,between CEngine and PKDataReadCAccess,scalar deleting destructor,,,
00bc6e00,27,ScalarDeletingDtor_00bc6e00,between CEngine and PKDataReadCAccess,scalar deleting destructor,,,
00bc6e60,12,FUN_00bc6e60,between CEngine and PKDataReadCAccess,unclassified,,,
00bc6e80,12,FUN_00bc6e80,between CEngine and PKDataReadCAccess,unclassified,,,
00bc6ea0,12,FUN_00bc6ea0,between CEngine and PKDataReadCAccess,unclassified,,,
00bc6ec0,12,FUN_00bc6ec0,between CEngine and PKDataReadCAccess,unclassified,,,
00bc6f20,7,SetVtable_00d9e7b8_00bc6f20,between CEngine and PKDataReadCAccess,vtable setter,,,
00bc6fb0,7,SetVtable_00d9d9b4_00bc6fb0,between CEngine and PKDataReadCAccess,vtable setter,,,
00bc7200,17,FUN_00bc7200,between CEngine and PKDataReadCAccess,unclassified,,,
00bc7230,27,ScalarDeletingDtor_00bc7230,between CEngine and PKDataReadCAccess,scalar deleting destructor,,,
00bc72a0,153,LH_Array_Reserve_00bc72a0,between CEngine and PKDataReadCAccess,array helper,,,
00bc7360,4,GetField_8_00bc7360,between CEngine and PKDataReadCAccess,field getter,,,
00bc7370,43,LH_Array_SetFilledSize_00bc7370,between CEngine and PKDataReadCAccess,array helper,,,
00bc73a0,13,FUN_00bc73a0,between CEngine and PKDataReadCAccess,unclassified,,,
00bc73b0,73,LH_Array_FreeBuffer_00bc73b0,between CEngine and PKDataReadCAccess,array helper,,,
00bc7410,3,FUN_00bc7410,between CEngine and PKDataReadCAccess,unclassified,,,
00bc7420,3,FUN_00bc7420,between CEngine and PKDataReadCAccess,unclassified,,,
00bc7430,49,FUN_00bc7430,between CEngine and PKDataReadCAccess,unclassified,,,
00bc7470,55,LH_Array_GetAt_00bc7470,between CEngine and PKDataReadCAccess,array helper,,,
00bc7510,152,FUN_00bc7510,between CEngine and PKDataReadCAccess,unclassified,,,
00bc75e0,27,ScalarDeletingDtor_00bc75e0,between CEngine and PKDataReadCAccess,scalar deleting destructor,,,
00bc7600,77,FUN_00bc7600,between CEngine and PKDataReadCAccess,unclassified,,,
00bc7650,24,FUN_00bc7650,between CEngine and PKDataReadCAccess,unclassified,,,
00bc7670,12,FUN_00bc7670,between CEngine and PKDataReadCAccess,unclassified,,,
00bc7680,155,LHAudio_CompareEventsByPriority,between CEngine and PKDataReadCAccess,named,,,
00bc7780,27,ScalarDeletingDtor_00bc7780,between CEngine and PKDataReadCAccess,scalar deleting destructor,,,
00bc77a0,7,SetVtable_00d9e7b0_00bc77a0,between CEngine and PKDataReadCAccess,vtable setter,,,
00bc77b0,7,SetVtable_00d9da84_00bc77b0,between CEngine and PKDataReadCAccess,vtable setter,,,
00bc7b10,14,Dtor_00bc7b10,between CEngine and PKDataReadCAccess,destructor,,,
00bc7bf0,14,Dtor_00bc7bf0,between CEngine and PKDataReadCAccess,destructor,,,
00bc7cd0,14,Dtor_00bc7cd0,between CEngine and PKDataReadCAccess,destructor,,,
00bc7db0,14,Dtor_00bc7db0,between CEngine and PKDataReadCAccess,destructor,,,
00bc7f20,97,Ctor_vt00d9e97c_00bc7f20,between CEngine and PKDataReadCAccess,constructor,,,
00bc7f90,64,FUN_00bc7f90,between CEngine and PKDataReadCAccess,unclassified,,,
00bc7fd0,99,Dtor_00bc7fd0,between CEngine and PKDataReadCAccess,destructor,,,
00bc8040,45,FUN_00bc8040,between CEngine and PKDataReadCAccess,unclassified,,,
00bc8070,120,FUN_00bc8070,between CEngine and PKDataReadCAccess,unclassified,,,
00bc8230,27,ScalarDeletingDtor_00bc8230,between CEngine and PKDataReadCAccess,scalar deleting destructor,,,
00bc8250,27,ScalarDeletingDtor_00bc8250,between CEngine and PKDataReadCAccess,scalar deleting destructor,,,
00bc8270,27,ScalarDeletingDtor_00bc8270,between CEngine and PKDataReadCAccess,scalar deleting destructor,,,
00bc8290,27,ScalarDeletingDtor_00bc8290,between CEngine and PKDataReadCAccess,scalar deleting destructor,,,
00bc82b0,26,FUN_00bc82b0,between CEngine and PKDataReadCAccess,unclassified,,,
00bc8390,29,FUN_00bc8390,between CEngine and PKDataReadCAccess,unclassified,,,
00bc8400,184,LH_Sort_Med3_00bc8400,between CEngine and PKDataReadCAccess,named,,,
00bc84e0,147,LH_Sort_PushHeap_00bc84e0,between CEngine and PKDataReadCAccess,named,,,
00bc8580,21,Ctor_vt00d9e8d4_00bc8580,between CEngine and PKDataReadCAccess,constructor,,,
00bc85a0,21,Ctor_vt00d9e8fc_00bc85a0,between CEngine and PKDataReadCAccess,constructor,,,
00bc85c0,21,Ctor_vt00d9e924_00bc85c0,between CEngine and PKDataReadCAccess,constructor,,,
00bc85e0,21,Ctor_vt00d9e94c_00bc85e0,between CEngine and PKDataReadCAccess,constructor,,,
00bc8600,27,ScalarDeletingDtor_00bc8600,between CEngine and PKDataReadCAccess,scalar deleting destructor,,,
00bc8620,27,ScalarDeletingDtor_00bc8620,between CEngine and PKDataReadCAccess,scalar deleting destructor,,,
00bc8640,27,ScalarDeletingDtor_00bc8640,between CEngine and PKDataReadCAccess,scalar deleting destructor,,,
00bc8660,27,ScalarDeletingDtor_00bc8660,between CEngine and PKDataReadCAccess,scalar deleting destructor,,,
00bc8680,26,FUN_00bc8680,between CEngine and PKDataReadCAccess,unclassified,,,
00bc86b0,366,PKCAutoDelete_Set_00bc86b0,between CEngine and PKDataReadCAccess,named,,,
00bc8860,14,Dtor_00bc8860,between CEngine and PKDataReadCAccess,destructor,,,
00bc8890,14,Dtor_00bc8890,between CEngine and PKDataReadCAccess,destructor,,,
00bc88c0,14,Dtor_00bc88c0,between CEngine and PKDataReadCAccess,destructor,,,
00bc88f0,14,Dtor_00bc88f0,between CEngine and PKDataReadCAccess,destructor,,,
00bc8900,147,FUN_00bc8900,between CEngine and PKDataReadCAccess,unclassified,,,
00bc89a0,94,FUN_00bc89a0,between CEngine and PKDataReadCAccess,unclassified,,,
00bc8a00,151,FUN_00bc8a00,between CEngine and PKDataReadCAccess,unclassified,,,
00bc8aa0,156,FUN_00bc8aa0,between CEngine and PKDataReadCAccess,unclassified,,,
00bc8b60,152,LH_Sort_AdjustHeap_00bc8b60,between CEngine and PKDataReadCAccess,named,,,
00bc8c30,27,Ctor_vt00d9eae8_00bc8c30,between CEngine and PKDataReadCAccess,constructor,,,
00bc8c50,27,Ctor_vt00d9eb10_00bc8c50,between CEngine and PKDataReadCAccess,constructor,,,
00bc8c70,27,Ctor_vt00d9eb38_00bc8c70,between CEngine and PKDataReadCAccess,constructor,,,
00bc8c90,27,Ctor_vt00d9eb60_00bc8c90,between CEngine and PKDataReadCAccess,constructor,,,
00bc8cb0,27,ScalarDeletingDtor_00bc8cb0,between CEngine and PKDataReadCAccess,scalar deleting destructor,,,
00bc8cd0,27,ScalarDeletingDtor_00bc8cd0,between CEngine and PKDataReadCAccess,scalar deleting destructor,,,
00bc8cf0,27,ScalarDeletingDtor_00bc8cf0,between CEngine and PKDataReadCAccess,scalar deleting destructor,,,
00bc8d10,27,ScalarDeletingDtor_00bc8d10,between CEngine and PKDataReadCAccess,scalar deleting destructor,,,
00bc8d30,740,LH_Sort_UnguardedPartition_00bc8d30,between CEngine and PKDataReadCAccess,named,,,
00bc9020,250,LH_Sort_InsertionSort_00bc9020,between CEngine and PKDataReadCAccess,named,,,
00bc9120,60,FUN_00bc9120,between CEngine and PKDataReadCAccess,unclassified,,,
00bc9190,27,ScalarDeletingDtor_00bc9190,between CEngine and PKDataReadCAccess,scalar deleting destructor,,,
00bc9210,70,FUN_00bc9210,between CEngine and PKDataReadCAccess,unclassified,,,
00bc9260,232,FUN_00bc9260,between CEngine and PKDataReadCAccess,unclassified,,,
00bc9370,36,FUN_00bc9370,between CEngine and PKDataReadCAccess,unclassified,,,
00bc93a0,7,SetVtable_00d9ec7c_00bc93a0,between CEngine and PKDataReadCAccess,vtable setter,,,
00bc93f0,21,FUN_00bc93f0,between CEngine and PKDataReadCAccess,unclassified,,,
00bc9420,112,Dtor_00bc9420,between CEngine and PKDataReadCAccess,destructor,,,
00bc94c0,141,FUN_00bc94c0,between CEngine and PKDataReadCAccess,unclassified,,,
00bc9550,146,FUN_00bc9550,between CEngine and PKDataReadCAccess,unclassified,,,
00bc95f0,129,FUN_00bc95f0,between CEngine and PKDataReadCAccess,unclassified,,,
00bc9680,156,FUN_00bc9680,between CEngine and PKDataReadCAccess,unclassified,,,
00bc9720,34,FUN_00bc9720,between CEngine and PKDataReadCAccess,unclassified,,,
00bc9750,141,FUN_00bc9750,between CEngine and PKDataReadCAccess,unclassified,,,
00bc97e0,146,FUN_00bc97e0,between CEngine and PKDataReadCAccess,unclassified,,,
00bc9880,74,FUN_00bc9880,between CEngine and PKDataReadCAccess,unclassified,Graphics_MultiplyFloatByBitMask,body,0.89
00bc98d0,292,FUN_00bc98d0,between CEngine and PKDataReadCAccess,unclassified,,,
00bc9a60,53,FUN_00bc9a60,between CEngine and PKDataReadCAccess,unclassified,ConstructString_SetCharMask,size-run,0.84
00bc9ad0,20,FUN_00bc9ad0,between CEngine and PKDataReadCAccess,unclassified,ConstructString,size-run,
00bc9af0,20,FUN_00bc9af0,between CEngine and PKDataReadCAccess,unclassified,ConstructString,size-run,
00bc9b10,111,FUN_00bc9b10,between CEngine and PKDataReadCAccess,unclassified,NUISystem_CComponent_UpdateAnimation,size-run,0.42
00bc9d20,70,FUN_00bc9d20,between CEngine and PKDataReadCAccess,unclassified,Graphics_ClampFloatParam,size-run,0.38
00bc9d70,123,FUN_00bc9d70,between CEngine and PKDataReadCAccess,unclassified,Render_ApplyAlphaValueMask,size-run,0.72
00bc9df0,378,Ctor_vt00d9ecac_00bc9df0,between CEngine and PKDataReadCAccess,constructor,,,
00bc9f80,149,FUN_00bc9f80,between CEngine and PKDataReadCAccess,unclassified,,,
00bca020,67,FUN_00bca020,between CEngine and PKDataReadCAccess,unclassified,,,
00bca0f0,63,FUN_00bca0f0,between CEngine and PKDataReadCAccess,unclassified,,,
00bca140,91,FUN_00bca140,between CEngine and PKDataReadCAccess,unclassified,,,
00bca1a0,435,FUN_00bca1a0,between CEngine and PKDataReadCAccess,unclassified,,,
00bca3e0,167,FUN_00bca3e0,between CEngine and PKDataReadCAccess,unclassified,,,
00bca4b0,27,ScalarDeletingDtor_00bca4b0,between CEngine and PKDataReadCAccess,scalar deleting destructor,,,
00bca500,7,SetVtable_00d9ecf8_00bca500,between CEngine and PKDataReadCAccess,vtable setter,,,
00bca540,114,FUN_00bca540,between CEngine and PKDataReadCAccess,unclassified,,,
00bca5c0,119,FUN_00bca5c0,between CEngine and PKDataReadCAccess,unclassified,,,
00bca640,104,FUN_00bca640,between CEngine and PKDataReadCAccess,unclassified,,,
00bca6b0,93,FUN_00bca6b0,between CEngine and PKDataReadCAccess,unclassified,,,
00bca710,133,FUN_00bca710,between CEngine and PKDataReadCAccess,unclassified,,,
00bca7a0,114,FUN_00bca7a0,between CEngine and PKDataReadCAccess,unclassified,,,
00bca820,97,FUN_00bca820,between CEngine and PKDataReadCAccess,unclassified,,,
00bca890,92,FUN_00bca890,between CEngine and PKDataReadCAccess,unclassified,,,
00bca8f0,124,FUN_00bca8f0,between CEngine and PKDataReadCAccess,unclassified,,,
00bca970,219,FUN_00bca970,between CEngine and PKDataReadCAccess,unclassified,,,
00bcaa50,31,FUN_00bcaa50,between CEngine and PKDataReadCAccess,unclassified,SetRotationAngle,size-run,
00bcaac0,74,FUN_00bcaac0,between CEngine and PKDataReadCAccess,unclassified,OnInitialActivate,size-run,
00bcab10,33,FUN_00bcab10,between CEngine and PKDataReadCAccess,unclassified,SetAtmosEditingMode,size-run,
00bcab40,45,FUN_00bcab40,between CEngine and PKDataReadCAccess,unclassified,SetAtmosEditingMode,size-run,
00bcab70,33,FUN_00bcab70,between CEngine and PKDataReadCAccess,unclassified,SetMaterialIndex,size-run,
00bcaba0,45,FUN_00bcaba0,between CEngine and PKDataReadCAccess,unclassified,SetAtmosEditingMode,size-run,
00bcabd0,123,FUN_00bcabd0,between CEngine and PKDataReadCAccess,unclassified,,,
00bcac50,124,FUN_00bcac50,between CEngine and PKDataReadCAccess,unclassified,,,
00bcacd0,126,FUN_00bcacd0,between CEngine and PKDataReadCAccess,unclassified,,,
00bcad50,333,FUN_00bcad50,between CEngine and PKDataReadCAccess,unclassified,,,
00bcaea0,173,FUN_00bcaea0,between CEngine and PKDataReadCAccess,unclassified,,,
00bcaf50,199,FUN_00bcaf50,between CEngine and PKDataReadCAccess,unclassified,,,
00bcb020,173,Dtor_00bcb020,between CEngine and PKDataReadCAccess,destructor,,,
00bcb0d0,170,FUN_00bcb0d0,between CEngine and PKDataReadCAccess,unclassified,,,
00bcb180,121,FUN_00bcb180,between CEngine and PKDataReadCAccess,unclassified,,,
00bcb3b0,311,Ctor_vt00d9edb8_00bcb3b0,between CEngine and PKDataReadCAccess,constructor,,,
00bcb500,90,FUN_00bcb500,between CEngine and PKDataReadCAccess,unclassified,,,
00bcb570,27,ScalarDeletingDtor_00bcb570,between CEngine and PKDataReadCAccess,scalar deleting destructor,,,
00bcb590,12,FUN_00bcb590,between CEngine and PKDataReadCAccess,unclassified,,,
00bcb600,21,FUN_00bcb600,between CEngine and PKDataReadCAccess,unclassified,,,
00bcb620,77,FUN_00bcb620,between CEngine and PKDataReadCAccess,unclassified,,,
00bcb730,14,Dtor_00bcb730,between CEngine and PKDataReadCAccess,destructor,,,
00bcb7c0,21,FUN_00bcb7c0,between CEngine and PKDataReadCAccess,unclassified,,,
00bcb860,21,Ctor_vt00d9ed64_00bcb860,between CEngine and PKDataReadCAccess,constructor,,,
00bcb880,27,ScalarDeletingDtor_00bcb880,between CEngine and PKDataReadCAccess,scalar deleting destructor,,,
00bcb8a0,207,PKCAutoDeleteMe_Release_00bcb8a0,between CEngine and PKDataReadCAccess,named,,,
00bcb970,14,Dtor_00bcb970,between CEngine and PKDataReadCAccess,destructor,,,
00bcb9a0,198,PKCAutoDelete_Get_00bcb9a0,between CEngine and PKDataReadCAccess,named,,,
00bcba70,207,PKCAutoDeleteMe_Release_00bcba70,between CEngine and PKDataReadCAccess,named,,,
00bcbb40,27,Ctor_vt00d9ed8c_00bcbb40,between CEngine and PKDataReadCAccess,constructor,,,
00bcbb60,27,ScalarDeletingDtor_00bcbb60,between CEngine and PKDataReadCAccess,scalar deleting destructor,?SetAllSoundsAsMuted@CGameScriptInterface@@UBEX_N@Z,size-run,
00bcbb80,27,ScalarDeletingDtor_00bcbb80,between CEngine and PKDataReadCAccess,scalar deleting destructor,?SetSoundThemesAsEnabledForRegion@CGameScriptInterface@@UBEXABVCCharString@@_N@Z,size-run,
00bcbbc0,8,FUN_00bcbbc0,between CEngine and PKDataReadCAccess,unclassified,?SetDebugCameraType@CGameScriptInterface@@UBEXJ@Z,size-run,
00bcbbd0,4,GetField_8_00bcbbd0,between CEngine and PKDataReadCAccess,field getter,?IsXbox@CGameScriptInterface@@UBE_NXZ,size-run,
00bcbbe0,13,FUN_00bcbbe0,between CEngine and PKDataReadCAccess,unclassified,?GiveHeroTitle@CGameScriptInterface@@UBEXABVCCharString@@@Z,size-run,
00bcbc00,28,FUN_00bcbc00,between CEngine and PKDataReadCAccess,unclassified,?GiveHeroWeapon@CGameScriptInterface@@UBEXABVCCharString@@_N@Z,size-run,
00bcbc20,166,FUN_00bcbc20,between CEngine and PKDataReadCAccess,unclassified,,,
00bcbcd0,119,FUN_00bcbcd0,between CEngine and PKDataReadCAccess,unclassified,,,
00bcbd60,106,FUN_00bcbd60,between CEngine and PKDataReadCAccess,unclassified,,,
00bcbdd0,326,LHAudio_RemoveEventTriggersMatching,between CEngine and PKDataReadCAccess,named,,,
00bcbf30,229,LHAudio_RemoveDebugInfoMatching,between CEngine and PKDataReadCAccess,named,,,
00bcc020,55,LH_Array_GetAt_00bcc020,between CEngine and PKDataReadCAccess,array helper,,,
00bcc060,63,LH_Array_SetAt_00bcc060,between CEngine and PKDataReadCAccess,array helper,,,
00bcc0a0,4,GetField_8_00bcc0a0,between CEngine and PKDataReadCAccess,field getter,,,
00bcc0b0,43,LH_Array_SetFilledSize_00bcc0b0,between CEngine and PKDataReadCAccess,array helper,,,
00bcc0e0,13,FUN_00bcc0e0,between CEngine and PKDataReadCAccess,unclassified,,,
00bcc0f0,73,LH_Array_FreeBuffer_00bcc0f0,between CEngine and PKDataReadCAccess,array helper,,,
00bcc150,8,FUN_00bcc150,between CEngine and PKDataReadCAccess,unclassified,,,
00bcc160,67,FUN_00bcc160,between CEngine and PKDataReadCAccess,unclassified,,,
00bcc1b0,153,LH_Array_Reserve_00bcc1b0,between CEngine and PKDataReadCAccess,array helper,,,
00bcc270,39,FUN_00bcc270,between CEngine and PKDataReadCAccess,unclassified,,,
00bcc2a0,153,LH_Array_Reserve_00bcc2a0,between CEngine and PKDataReadCAccess,array helper,,,
00bcc360,39,FUN_00bcc360,between CEngine and PKDataReadCAccess,unclassified,,,
00bcc390,49,FUN_00bcc390,between CEngine and PKDataReadCAccess,unclassified,,,
00bcc3d0,49,FUN_00bcc3d0,between CEngine and PKDataReadCAccess,unclassified,,,
00bcc4d0,152,FUN_00bcc4d0,between CEngine and PKDataReadCAccess,unclassified,,,
00bcc570,152,FUN_00bcc570,between CEngine and PKDataReadCAccess,unclassified,,,
00bcc610,27,ScalarDeletingDtor_00bcc610,between CEngine and PKDataReadCAccess,scalar deleting destructor,~CFileDataInputStream,size-run,
00bcc630,12,FUN_00bcc630,between CEngine and PKDataReadCAccess,unclassified,?SetPosition@CFileDataOutputStream@@UAEXK@Z,size-run,
00bcc640,5,LH_Array_FreeBuffer_00bcc640,between CEngine and PKDataReadCAccess,array helper,?GetPosition@CFileDataOutputStream@@UBEKXZ,size-run,
00bcc650,8,FUN_00bcc650,between CEngine and PKDataReadCAccess,unclassified,?Close@CFileDataOutputStream@@UAEXXZ,size-run,
00bcc660,21,Ctor_vt00d9ee00_00bcc660,between CEngine and PKDataReadCAccess,constructor,?Write@CFileDataOutputStream@@UAEXPBXJ@Z,size-run,
00bcc680,80,Dtor_00bcc680,between CEngine and PKDataReadCAccess,destructor,CBufferedFileDataOutputStream,size-run,
00bcc6e0,72,FUN_00bcc6e0,between CEngine and PKDataReadCAccess,unclassified,,,
00bcc730,38,FUN_00bcc730,between CEngine and PKDataReadCAccess,unclassified,,,
00bcc760,8,FUN_00bcc760,between CEngine and PKDataReadCAccess,unclassified,,,
00bcc770,27,ScalarDeletingDtor_00bcc770,between CEngine and PKDataReadCAccess,scalar deleting destructor,,,
00bcc790,55,LH_Array_GetAt_00bcc790,between CEngine and PKDataReadCAccess,array helper,,,
00bcc7d0,63,LH_Array_SetAt_00bcc7d0,between CEngine and PKDataReadCAccess,array helper,,,
00bcc810,43,LH_Array_SetFilledSize_00bcc810,between CEngine and PKDataReadCAccess,array helper,,,
00bcc840,73,LH_Array_FreeBuffer_00bcc840,between CEngine and PKDataReadCAccess,array helper,,,
00bcc8a0,202,FUN_00bcc8a0,between CEngine and PKDataReadCAccess,has assertion,,,
00bcc970,8,FUN_00bcc970,between CEngine and PKDataReadCAccess,unclassified,,,
00bcc980,67,FUN_00bcc980,between CEngine and PKDataReadCAccess,unclassified,,,
00bcc9d0,92,LH_Array_IsSortedUnique_00bcc9d0,between CEngine and PKDataReadCAccess,array helper,,,
00bcca30,90,LH_Sort_Compare_00bcca30,between CEngine and PKDataReadCAccess,named,,,
00bcca90,72,FUN_00bcca90,between CEngine and PKDataReadCAccess,unclassified,,,
00bccae0,72,FUN_00bccae0,between CEngine and PKDataReadCAccess,unclassified,,,
00bccc00,169,LH_Array_MedianOfThree_00bccc00,between CEngine and PKDataReadCAccess,array helper,,,
00bcccd0,166,LH_Sort_Med3_00bcccd0,between CEngine and PKDataReadCAccess,named,,,
00bccda0,129,LH_Array_PushHeap_00bccda0,between CEngine and PKDataReadCAccess,array helper,,,
00bcce30,128,LH_Sort_PushHeap_00bcce30,between CEngine and PKDataReadCAccess,named,,,
00bccec0,12,FUN_00bccec0,between CEngine and PKDataReadCAccess,unclassified,,,
00bcced0,5,LH_Array_FreeBuffer_00bcced0,between CEngine and PKDataReadCAccess,array helper,,,
00bccee0,74,LH_SortedArray_FindObject_00bccee0,between CEngine and PKDataReadCAccess,array helper,,,
00bccf30,21,Ctor_vt00d9ee30_00bccf30,between CEngine and PKDataReadCAccess,constructor,,,
00bccf50,80,Dtor_00bccf50,between CEngine and PKDataReadCAccess,destructor,,,
00bccfb0,72,FUN_00bccfb0,between CEngine and PKDataReadCAccess,unclassified,,,
00bcd000,38,FUN_00bcd000,between CEngine and PKDataReadCAccess,unclassified,,,
00bcd030,27,ScalarDeletingDtor_00bcd030,between CEngine and PKDataReadCAccess,scalar deleting destructor,,,
00bcd050,69,FUN_00bcd050,between CEngine and PKDataReadCAccess,unclassified,,,
00bcd0a0,69,FUN_00bcd0a0,between CEngine and PKDataReadCAccess,unclassified,,,
00bcd0f0,156,FUN_00bcd0f0,between CEngine and PKDataReadCAccess,unclassified,,,
00bcd1b0,156,FUN_00bcd1b0,between CEngine and PKDataReadCAccess,unclassified,,,
00bcd270,147,LH_Array_AdjustHeap_00bcd270,between CEngine and PKDataReadCAccess,array helper,,,
00bcd310,145,LH_Sort_AdjustHeap_00bcd310,between CEngine and PKDataReadCAccess,named,,,
00bcd420,25,FUN_00bcd420,between CEngine and PKDataReadCAccess,unclassified,,,
00bcd450,25,FUN_00bcd450,between CEngine and PKDataReadCAccess,unclassified,,,
00bcd470,685,LH_Sort_UnguardedPartition_00bcd470,between CEngine and PKDataReadCAccess,named,,,
00bcd730,242,LH_Sort_InsertionSort_00bcd730,between CEngine and PKDataReadCAccess,named,,,
00bcd830,670,LH_Sort_UnguardedPartition_00bcd830,between CEngine and PKDataReadCAccess,named,,,
00bcdae0,244,LH_Sort_InsertionSort_00bcdae0,between CEngine and PKDataReadCAccess,named,,,
00bcdbe0,60,FUN_00bcdbe0,between CEngine and PKDataReadCAccess,unclassified,,,
00bcdc20,60,FUN_00bcdc20,between CEngine and PKDataReadCAccess,unclassified,,,
00bcdcc0,51,LH_Array_AdoptRequireEmpty_00bcdcc0,between CEngine and PKDataReadCAccess,array helper,,,
00bcdd00,51,LH_Array_AdoptRequireEmpty_00bcdd00,between CEngine and PKDataReadCAccess,array helper,,,
00bcde20,70,FUN_00bcde20,between CEngine and PKDataReadCAccess,unclassified,,,
00bcde70,70,FUN_00bcde70,between CEngine and PKDataReadCAccess,unclassified,,,
00bcdec0,232,FUN_00bcdec0,between CEngine and PKDataReadCAccess,unclassified,,,
00bcdfb0,232,FUN_00bcdfb0,between CEngine and PKDataReadCAccess,unclassified,,,
00bce0e0,36,FUN_00bce0e0,between CEngine and PKDataReadCAccess,unclassified,,,
00bce110,36,FUN_00bce110,between CEngine and PKDataReadCAccess,unclassified,,,
00bce140,43,LH_Array_SortAndVerifyUnique_00bce140,between CEngine and PKDataReadCAccess,array helper,,,
00bce170,43,LH_Array_SortAndVerifyUnique_00bce170,between CEngine and PKDataReadCAccess,array helper,,,
00bce1a0,55,LH_Array_CopySorted_00bce1a0,between CEngine and PKDataReadCAccess,array helper,,,
00bce1e0,55,LH_Array_CopySorted_00bce1e0,between CEngine and PKDataReadCAccess,array helper,,,
00bce240,7,SetVtable_00d9ee80_00bce240,between CEngine and PKDataReadCAccess,vtable setter,,,
00bce2c0,15,FUN_00bce2c0,between CEngine and PKDataReadCAccess,unclassified,,,
00bce2d0,8,FUN_00bce2d0,between CEngine and PKDataReadCAccess,unclassified,,,
00bce2e0,104,FUN_00bce2e0,between CEngine and PKDataReadCAccess,unclassified,,,
00bce350,91,FUN_00bce350,between CEngine and PKDataReadCAccess,unclassified,,,
00bce3b0,126,FUN_00bce3b0,between CEngine and PKDataReadCAccess,unclassified,,,
00bce430,126,FUN_00bce430,between CEngine and PKDataReadCAccess,unclassified,,,
00bce4b0,62,FUN_00bce4b0,between CEngine and PKDataReadCAccess,unclassified,,,
00bce4f0,152,Ctor_vt00d9ee8c_00bce4f0,between CEngine and PKDataReadCAccess,constructor,,,
00bce5d0,73,Dtor_00bce5d0,between CEngine and PKDataReadCAccess,destructor,,,
00bce620,27,ScalarDeletingDtor_00bce620,between CEngine and PKDataReadCAccess,scalar deleting destructor,,,
00bce650,6,FUN_00bce650,between CEngine and PKDataReadCAccess,unclassified,,,
00bce660,75,FUN_00bce660,between CEngine and PKDataReadCAccess,unclassified,,,
00bce6b0,285,FUN_00bce6b0,between CEngine and PKDataReadCAccess,unclassified,,,
00bce7e0,105,FUN_00bce7e0,between CEngine and PKDataReadCAccess,unclassified,,,
00bce860,16,FUN_00bce860,between CEngine and PKDataReadCAccess,unclassified,,,
00bce870,4,FUN_00bce870,between CEngine and PKDataReadCAccess,unclassified,,,
00bce880,11,FUN_00bce880,between CEngine and PKDataReadCAccess,unclassified,,,
00bce890,230,PKDataReadCAccess_Dtor,PKDataReadCAccess,named,,,
00bce980,204,PKDataReadCAccess_ReleaseReference,PKDataReadCAccess,named,,,
00bcea50,27,ScalarDeletingDtor_00bcea50,between PKDataReadCAccess and PKCSemaphore,scalar deleting destructor,,,
00bcea70,14,Wrap_InitializeCriticalSection_00bcea70,between PKDataReadCAccess and PKCSemaphore,Win32/CRT wrapper,,,
00bcea80,8,Wrap_DeleteCriticalSection_00bcea80,between PKDataReadCAccess and PKCSemaphore,Win32/CRT wrapper,,,
00bcea90,8,Wrap_EnterCriticalSection_00bcea90,between PKDataReadCAccess and PKCSemaphore,Win32/CRT wrapper,,,
00bceaa0,8,Wrap_LeaveCriticalSection_00bceaa0,between PKDataReadCAccess and PKCSemaphore,Win32/CRT wrapper,,,
00bceac0,10,Wrap_CloseHandle_00bceac0,between PKDataReadCAccess and PKCSemaphore,Win32/CRT wrapper,,,
00bcead0,20,Wrap_ReleaseSemaphore_00bcead0,between PKDataReadCAccess and PKCSemaphore,Win32/CRT wrapper,,,
00bceaf0,221,PKCSemaphore_Create,PKCSemaphore,named,,,
00bcebd0,204,PKCSemaphore_Wait,PKCSemaphore,named,,,
00bcecf0,36,RedBlackTree_GetMinObject,between PKCSemaphore and PKContainersCRedBlackTree,named,,,
00bced20,37,RedBlackTree_GetMaxObject,between PKCSemaphore and PKContainersCRedBlackTree,named,,,
00bced50,75,RedBlackTree_CompareViaVtable,between PKCSemaphore and PKContainersCRedBlackTree,named,,,
00bceda0,59,RedBlackTree_CompareKeyToObject,between PKCSemaphore and PKContainersCRedBlackTree,named,,,
00bcede0,31,RedBlackTree_CompareKeyToObject2,between PKCSemaphore and PKContainersCRedBlackTree,named,,,
00bcee00,47,RedBlackTree_CountNodes_Recursive,between PKCSemaphore and PKContainersCRedBlackTree,named,,,
00bcee30,55,RedBlackTree_ForEach_Recursive,between PKCSemaphore and PKContainersCRedBlackTree,named,,,
00bcee70,68,RedBlackTree_NextNode,between PKCSemaphore and PKContainersCRedBlackTree,named,,,
00bceec0,68,RedBlackTree_PrevNode,between PKCSemaphore and PKContainersCRedBlackTree,named,,,
00bcef10,14,RedBlackTree_Node_Init,between PKCSemaphore and PKContainersCRedBlackTree,named,,,
00bcef20,35,RedBlackTree_Node_IsInitialised,between PKCSemaphore and PKContainersCRedBlackTree,named,,,
00bcef50,94,RedBlackTree_Find,between PKCSemaphore and PKContainersCRedBlackTree,named,,,
00bcefb0,63,RedBlackTree_FindNode,between PKCSemaphore and PKContainersCRedBlackTree,named,,,
00bceff0,99,RedBlackTree_FindFirst,between PKCSemaphore and PKContainersCRedBlackTree,named,,,
00bcf120,28,RedBlackTree_Count,between PKCSemaphore and PKContainersCRedBlackTree,named,,,
00bcf140,18,RedBlackTree_ForEach,between PKCSemaphore and PKContainersCRedBlackTree,named,,,
00bcf160,8,RedBlackTree_Node_Ctor,between PKCSemaphore and PKContainersCRedBlackTree,named,,,
00bcf170,128,RedBlackTree_Ctor,between PKCSemaphore and PKContainersCRedBlackTree,named,,,
00bcf1f0,511,RedBlackTree_Insert,PKContainersCRedBlackTree,named,,,
00bcf3f0,231,RedBlackTree_GetSuccessor,PKContainersCRedBlackTree,named,,,
00bcf4e0,231,RedBlackTree_GetPredecessor,PKContainersCRedBlackTree,named,,,
00bcf5d0,674,RedBlackTree_CheckAssumptions,PKContainersCRedBlackTree,named,,,
00bcf880,198,RedBlackTree_Node_Dtor,PKContainersCRedBlackTree,named,,,
00bcf960,262,RedBlackTree_LeftRotate,PKContainersCRedBlackTree,named,,,
00bcfa70,71,FUN_00bcfa70,PKContainersCRedBlackTree,unclassified,,,
00bcfac0,266,FUN_00bcfac0,PKContainersCRedBlackTree,has assertion,,,
00bcfbd0,67,FUN_00bcfbd0,PKContainersCRedBlackTree,unclassified,,,
00bcfc70,328,FUN_00bcfc70,PKContainersCRedBlackTree,unclassified,,,
00bcfdc0,421,RedBlackTree_Remove,PKContainersCRedBlackTree,named,,,
00bcff70,28,FUN_00bcff70,PKContainersCRedBlackTree,unclassified,,,
00bcff90,35,FUN_00bcff90,PKContainersCRedBlackTree,unclassified,,,
00bcffc0,266,RedBlackTree_Dtor,PKContainersCRedBlackTree,named,,,
00bd00d0,27,ScalarDeletingDtor_00bd00d0,between PKContainersCRedBlackTree and PKDataReadCStreamer,scalar deleting destructor,,,
00bd0100,7,SetVtable_00d9f090_00bd0100,between PKContainersCRedBlackTree and PKDataReadCStreamer,vtable setter,,,
00bd0140,33,FUN_00bd0140,between PKContainersCRedBlackTree and PKDataReadCStreamer,unclassified,,,
00bd0170,4,FUN_00bd0170,between PKContainersCRedBlackTree and PKDataReadCStreamer,unclassified,,,
00bd0190,93,FUN_00bd0190,between PKContainersCRedBlackTree and PKDataReadCStreamer,unclassified,,,
00bd01f0,33,FUN_00bd01f0,between PKContainersCRedBlackTree and PKDataReadCStreamer,unclassified,,,
00bd0220,119,Ctor_vt00d9f0a4_00bd0220,between PKContainersCRedBlackTree and PKDataReadCStreamer,constructor,,,
00bd02a0,247,FUN_00bd02a0,between PKContainersCRedBlackTree and PKDataReadCStreamer,unclassified,,,
00bd03b0,112,Dtor_00bd03b0,between PKContainersCRedBlackTree and PKDataReadCStreamer,destructor,,,
00bd0480,27,ScalarDeletingDtor_00bd0480,between PKContainersCRedBlackTree and PKDataReadCStreamer,scalar deleting destructor,,,
00bd04d0,7,FUN_00bd04d0,between PKContainersCRedBlackTree and PKDataReadCStreamer,unclassified,,,
00bd0520,151,FUN_00bd0520,between PKContainersCRedBlackTree and PKDataReadCStreamer,unclassified,,,
00bd05c0,175,Ctor_vt00d9f0d8_00bd05c0,between PKContainersCRedBlackTree and PKDataReadCStreamer,constructor,,,
00bd0670,426,Dtor_00bd0670,between PKContainersCRedBlackTree and PKDataReadCStreamer,destructor,,,
00bd0840,41,FUN_00bd0840,between PKContainersCRedBlackTree and PKDataReadCStreamer,unclassified,,,
00bd0890,45,FUN_00bd0890,between PKContainersCRedBlackTree and PKDataReadCStreamer,unclassified,,,
00bd0910,4,GetField_8_00bd0910,between PKContainersCRedBlackTree and PKDataReadCStreamer,field getter,,,
00bd0920,43,LH_Array_SetFilledSize_00bd0920,between PKContainersCRedBlackTree and PKDataReadCStreamer,array helper,,,
00bd0950,13,FUN_00bd0950,between PKContainersCRedBlackTree and PKDataReadCStreamer,unclassified,,,
00bd0960,73,LH_Array_FreeBuffer_00bd0960,between PKContainersCRedBlackTree and PKDataReadCStreamer,array helper,,,
00bd09c0,55,LH_Array_GetAt_00bd09c0,between PKContainersCRedBlackTree and PKDataReadCStreamer,array helper,,,
00bd0a00,4,GetField_8_00bd0a00,between PKContainersCRedBlackTree and PKDataReadCStreamer,field getter,,,
00bd0a10,43,LH_Array_SetFilledSize_00bd0a10,between PKContainersCRedBlackTree and PKDataReadCStreamer,array helper,,,
00bd0a40,13,FUN_00bd0a40,between PKContainersCRedBlackTree and PKDataReadCStreamer,unclassified,,,
00bd0a50,73,LH_Array_FreeBuffer_00bd0a50,between PKContainersCRedBlackTree and PKDataReadCStreamer,array helper,,,
00bd0ab0,55,LH_Array_GetAt_00bd0ab0,between PKContainersCRedBlackTree and PKDataReadCStreamer,array helper,,,
00bd0af0,4,GetField_8_00bd0af0,between PKContainersCRedBlackTree and PKDataReadCStreamer,field getter,,,
00bd0b00,43,LH_Array_SetFilledSize_00bd0b00,between PKContainersCRedBlackTree and PKDataReadCStreamer,array helper,,,
00bd0b30,13,FUN_00bd0b30,between PKContainersCRedBlackTree and PKDataReadCStreamer,unclassified,,,
00bd0b40,73,LH_Array_FreeBuffer_00bd0b40,between PKContainersCRedBlackTree and PKDataReadCStreamer,array helper,,,
00bd0ba0,63,LH_Array_SetAt_00bd0ba0,between PKContainersCRedBlackTree and PKDataReadCStreamer,array helper,,,
00bd0be0,63,LH_Array_SetAt_00bd0be0,between PKContainersCRedBlackTree and PKDataReadCStreamer,array helper,,,
00bd0c20,63,LH_Array_SetAt_00bd0c20,between PKContainersCRedBlackTree and PKDataReadCStreamer,array helper,,,
00bd0c60,153,LH_Array_Reserve_00bd0c60,between PKContainersCRedBlackTree and PKDataReadCStreamer,array helper,CModeCrouch,size-run,
00bd0d20,39,FUN_00bd0d20,between PKContainersCRedBlackTree and PKDataReadCStreamer,unclassified,`scalar_deleting_destructor',size-run,
00bd0d50,153,LH_Array_Reserve_00bd0d50,between PKContainersCRedBlackTree and PKDataReadCStreamer,array helper,CModeCrouch,size-run,
00bd0e10,39,FUN_00bd0e10,between PKContainersCRedBlackTree and PKDataReadCStreamer,unclassified,`scalar_deleting_destructor',size-run,
00bd0e40,153,LH_Array_Reserve_00bd0e40,between PKContainersCRedBlackTree and PKDataReadCStreamer,array helper,CModeCrouch,size-run,
00bd0f00,39,FUN_00bd0f00,between PKContainersCRedBlackTree and PKDataReadCStreamer,unclassified,`scalar_deleting_destructor',size-run,
00bd0f30,49,FUN_00bd0f30,between PKContainersCRedBlackTree and PKDataReadCStreamer,unclassified,,,
00bd0f70,49,FUN_00bd0f70,between PKContainersCRedBlackTree and PKDataReadCStreamer,unclassified,,,
00bd0fb0,49,FUN_00bd0fb0,between PKContainersCRedBlackTree and PKDataReadCStreamer,unclassified,,,
00bd1090,12,FUN_00bd1090,between PKContainersCRedBlackTree and PKDataReadCStreamer,unclassified,,,
00bd10a0,5,LH_Array_FreeBuffer_00bd10a0,between PKContainersCRedBlackTree and PKDataReadCStreamer,array helper,?GetTimeOfDay@CGameScriptInterface@@UBEJXZ,size-run,
00bd10b0,12,FUN_00bd10b0,between PKContainersCRedBlackTree and PKDataReadCStreamer,unclassified,?IsTimeOfDayBetween@CGameScriptInterface@@UBE_NJJ@Z,size-run,
00bd10c0,5,LH_Array_FreeBuffer_00bd10c0,between PKContainersCRedBlackTree and PKDataReadCStreamer,array helper,?GetDayOfWeek@CGameScriptInterface@@UBEJXZ,size-run,
00bd10e0,12,FUN_00bd10e0,between PKContainersCRedBlackTree and PKDataReadCStreamer,unclassified,?GetDayCount@CGameScriptInterface@@UBEJXZ,size-run,
00bd10f0,5,LH_Array_FreeBuffer_00bd10f0,between PKContainersCRedBlackTree and PKDataReadCStreamer,array helper,?SetTimeAsStopped@CGameScriptInterface@@UBEX_NAAJ@Z,size-run,
00bd1100,72,FUN_00bd1100,between PKContainersCRedBlackTree and PKDataReadCStreamer,unclassified,?FastForwardTimeTo@CGameScriptInterface@@UBEXMM@Z,size-run,
00bd1150,72,FUN_00bd1150,between PKContainersCRedBlackTree and PKDataReadCStreamer,unclassified,,,
00bd11a0,72,FUN_00bd11a0,between PKContainersCRedBlackTree and PKDataReadCStreamer,unclassified,,,
00bd11f0,43,LH_Map_GetObject_00bd11f0,between PKContainersCRedBlackTree and PKDataReadCStreamer,container helper,,,
00bd1220,214,LH_SortedArray_FindIndex_00bd1220,between PKContainersCRedBlackTree and PKDataReadCStreamer,array helper,,,
00bd1300,214,LH_SortedArray_FindIndex_00bd1300,between PKContainersCRedBlackTree and PKDataReadCStreamer,array helper,,,
00bd13e0,67,FUN_00bd13e0,between PKContainersCRedBlackTree and PKDataReadCStreamer,unclassified,,,
00bd1430,67,FUN_00bd1430,between PKContainersCRedBlackTree and PKDataReadCStreamer,unclassified,,,
00bd1480,67,FUN_00bd1480,between PKContainersCRedBlackTree and PKDataReadCStreamer,unclassified,,,
00bd14d0,72,FUN_00bd14d0,between PKContainersCRedBlackTree and PKDataReadCStreamer,unclassified,,,
00bd1520,72,FUN_00bd1520,between PKContainersCRedBlackTree and PKDataReadCStreamer,unclassified,,,
00bd1570,72,FUN_00bd1570,between PKContainersCRedBlackTree and PKDataReadCStreamer,unclassified,,,
00bd15c0,38,FUN_00bd15c0,between PKContainersCRedBlackTree and PKDataReadCStreamer,unclassified,,,
00bd1600,74,LH_SortedArray_FindObject_00bd1600,between PKContainersCRedBlackTree and PKDataReadCStreamer,array helper,,,
00bd1650,74,LH_SortedArray_FindObject_00bd1650,between PKContainersCRedBlackTree and PKDataReadCStreamer,array helper,,,
00bd16a0,80,Dtor_00bd16a0,between PKContainersCRedBlackTree and PKDataReadCStreamer,destructor,~CActionParamCCountedPointer<NUISystem::CComponent>,size-run,
00bd16f0,80,Dtor_00bd16f0,between PKContainersCRedBlackTree and PKDataReadCStreamer,destructor,~CActionParamCCountedPointer<NUISystem::CComponent>,size-run,
00bd1740,80,Dtor_00bd1740,between PKContainersCRedBlackTree and PKDataReadCStreamer,destructor,~CActionParamCCountedPointer<NUISystem::CComponent>,size-run,
00bd1790,27,ScalarDeletingDtor_00bd1790,between PKContainersCRedBlackTree and PKDataReadCStreamer,scalar deleting destructor,`vector_deleting_destructor',size-run,
00bd17b0,27,ScalarDeletingDtor_00bd17b0,between PKContainersCRedBlackTree and PKDataReadCStreamer,scalar deleting destructor,`vector_deleting_destructor',size-run,
00bd17d0,27,ScalarDeletingDtor_00bd17d0,between PKContainersCRedBlackTree and PKDataReadCStreamer,scalar deleting destructor,`vector_deleting_destructor',size-run,
00bd17f0,69,FUN_00bd17f0,between PKContainersCRedBlackTree and PKDataReadCStreamer,unclassified,CActionParamString,size-run,
00bd1840,69,FUN_00bd1840,between PKContainersCRedBlackTree and PKDataReadCStreamer,unclassified,CActionParamString,size-run,
00bd1890,69,FUN_00bd1890,between PKContainersCRedBlackTree and PKDataReadCStreamer,unclassified,,,
00bd1910,51,LH_Array_AdoptRequireEmpty_00bd1910,between PKContainersCRedBlackTree and PKDataReadCStreamer,array helper,?Initialise@CCreatureAction_VillagerAttackKnockdown@@UAEXXZ,size-run,
00bd1950,51,LH_Array_AdoptRequireEmpty_00bd1950,between PKContainersCRedBlackTree and PKDataReadCStreamer,array helper,?Initialise@CCreatureAction_VillagerAdvance@@UAEXXZ,size-run,
00bd1990,51,LH_Array_AdoptRequireEmpty_00bd1990,between PKContainersCRedBlackTree and PKDataReadCStreamer,array helper,?Initialise@CCreatureAction_VillagerBackOff@@UAEXXZ,size-run,
00bd19d0,83,Ctor_vt00d9f0cc_00bd19d0,between PKContainersCRedBlackTree and PKDataReadCStreamer,constructor,CCreatureAction_DragonRoar,size-run,
00bd1a30,83,Ctor_vt00d9f0d0_00bd1a30,between PKContainersCRedBlackTree and PKDataReadCStreamer,constructor,CCreatureAction_SummonCreatures,size-run,
00bd1a90,83,Ctor_vt00d9f0d4_00bd1a90,between PKContainersCRedBlackTree and PKDataReadCStreamer,constructor,CCreatureAction_DragonRoar,size-run,
00bd1af0,27,ScalarDeletingDtor_00bd1af0,between PKContainersCRedBlackTree and PKDataReadCStreamer,scalar deleting destructor,,,
00bd1ba0,31,std__String__Constructor,between PKContainersCRedBlackTree and PKDataReadCStreamer,named,,,
00bd1bf0,27,ScalarDeletingDtor_00bd1bf0,between PKContainersCRedBlackTree and PKDataReadCStreamer,scalar deleting destructor,,,
00bd1df0,109,LH_CommitLoadedBank,between PKContainersCRedBlackTree and PKDataReadCStreamer,named,,,
00bd1e60,124,FUN_00bd1e60,between PKContainersCRedBlackTree and PKDataReadCStreamer,unclassified,,,
00bd1ef0,285,LH_GetFileSegmentBankInfo,between PKContainersCRedBlackTree and PKDataReadCStreamer,named,,,
00bd2010,133,FUN_00bd2010,between PKContainersCRedBlackTree and PKDataReadCStreamer,unclassified,,,
00bd20a0,204,FUN_00bd20a0,between PKContainersCRedBlackTree and PKDataReadCStreamer,unclassified,,,
00bd2170,218,FUN_00bd2170,between PKContainersCRedBlackTree and PKDataReadCStreamer,unclassified,,,
00bd2250,284,FUN_00bd2250,between PKContainersCRedBlackTree and PKDataReadCStreamer,has assertion,,,
00bd2380,251,FUN_00bd2380,between PKContainersCRedBlackTree and PKDataReadCStreamer,unclassified,,,
00bd2490,68,FUN_00bd2490,between PKContainersCRedBlackTree and PKDataReadCStreamer,unclassified,,,
00bd24e0,61,FUN_00bd24e0,between PKContainersCRedBlackTree and PKDataReadCStreamer,unclassified,,,
00bd251d,147,FUN_00bd251d,between PKContainersCRedBlackTree and PKDataReadCStreamer,unclassified,,,
00bd25c0,173,FUN_00bd25c0,between PKContainersCRedBlackTree and PKDataReadCStreamer,unclassified,,,
00bd2670,159,LH_SaveGlobalProperties,between PKContainersCRedBlackTree and PKDataReadCStreamer,named,,,
00bd2710,57,FUN_00bd2710,between PKContainersCRedBlackTree and PKDataReadCStreamer,unclassified,,,
00bd2750,1048,LH_SaveSampleBankTable,between PKContainersCRedBlackTree and PKDataReadCStreamer,named,,,
00bd2b70,754,LH_LoadLUGAsset_AutoDetectFormat,between PKContainersCRedBlackTree and PKDataReadCStreamer,named,,,
00bd2e70,133,LH_LoadMetFile,between PKContainersCRedBlackTree and PKDataReadCStreamer,named,,,
00bd2f10,298,LH_LoadBank,between PKContainersCRedBlackTree and PKDataReadCStreamer,named,,,
00bd3040,154,LH_TryLoadBank,between PKContainersCRedBlackTree and PKDataReadCStreamer,named,,,
00bd30e0,537,LH_SaveBankCriteriaInfo,between PKContainersCRedBlackTree and PKDataReadCStreamer,named,,,
00bd3300,461,LH_SaveRLMParamsSegment,between PKContainersCRedBlackTree and PKDataReadCStreamer,named,,,
00bd34d0,682,LH_BuildLUGAsset,between PKContainersCRedBlackTree and PKDataReadCStreamer,named,,,
00bd37f0,17,FUN_00bd37f0,between PKContainersCRedBlackTree and PKDataReadCStreamer,unclassified,,,
00bd3810,27,ScalarDeletingDtor_00bd3810,between PKContainersCRedBlackTree and PKDataReadCStreamer,scalar deleting destructor,,,
00bd3830,55,LH_Array_GetAt_00bd3830,between PKContainersCRedBlackTree and PKDataReadCStreamer,array helper,,,
00bd3870,4,LH_Array_GetCount,between PKContainersCRedBlackTree and PKDataReadCStreamer,array helper,,,
00bd3880,7,SetVtable_00d9d9ac_00bd3880,between PKContainersCRedBlackTree and PKDataReadCStreamer,vtable setter,,,
00bd3890,4,GetField_8_00bd3890,between PKContainersCRedBlackTree and PKDataReadCStreamer,field getter,,,
00bd38a0,4,GetField_8_00bd38a0,between PKContainersCRedBlackTree and PKDataReadCStreamer,field getter,?IsToRetainSafeDistance@CCreatureAction_FodderUnblockablePrimaryAttack@@UBE_NXZ,size-run,
00bd38b0,9,FUN_00bd38b0,between PKContainersCRedBlackTree and PKDataReadCStreamer,unclassified,?IsToFaceTargetAtStart@CCreatureAction_FodderUnblockablePrimaryAttack@@UBE_NXZ,size-run,
00bd38c0,9,LH_SerializeGlobalProperties_Thunk,between PKContainersCRedBlackTree and PKDataReadCStreamer,named,?IsBlockable@CCreatureAction_FodderUnblockablePrimaryAttack@@UBE_NXZ,size-run,
00bd38d0,13,LH_Array_ZeroHeader,between PKContainersCRedBlackTree and PKDataReadCStreamer,array helper,?IsKnockdownStrike@CCreatureAction_FodderUnblockablePrimaryAttack@@UBE_NXZ,size-run,
00bd38e0,73,LH_Array_FreeBuffer_00bd38e0,between PKContainersCRedBlackTree and PKDataReadCStreamer,array helper,CCreatureAction_DragonRoar,size-run,
00bd3940,9,FUN_00bd3940,between PKContainersCRedBlackTree and PKDataReadCStreamer,unclassified,?IsToRetainSafeDistance@CCreatureAction_FodderSecondaryAttack@@UBE_NXZ,size-run,
00bd3950,4,GetField_8_00bd3950,between PKContainersCRedBlackTree and PKDataReadCStreamer,field getter,?IsToFaceTargetAtStart@CCreatureAction_FodderSecondaryAttack@@UBE_NXZ,size-run,
00bd3960,55,LH_Array_GetAt_00bd3960,between PKContainersCRedBlackTree and PKDataReadCStreamer,array helper,,,
00bd39a0,55,LH_Array_GetAt_00bd39a0,between PKContainersCRedBlackTree and PKDataReadCStreamer,array helper,,,
00bd39e0,153,LH_Array_Reserve_00bd39e0,between PKContainersCRedBlackTree and PKDataReadCStreamer,array helper,,,
00bd3aa0,39,FUN_00bd3aa0,between PKContainersCRedBlackTree and PKDataReadCStreamer,unclassified,,,
00bd3b30,152,FUN_00bd3b30,between PKContainersCRedBlackTree and PKDataReadCStreamer,unclassified,,,
00bd3bd0,21,FUN_00bd3bd0,between PKContainersCRedBlackTree and PKDataReadCStreamer,unclassified,,,
00bd3bf0,27,Ctor_vt00d9f134_00bd3bf0,between PKContainersCRedBlackTree and PKDataReadCStreamer,constructor,,,
00bd3c10,11,Dtor_00bd3c10,between PKContainersCRedBlackTree and PKDataReadCStreamer,destructor,,,
00bd3c60,27,ScalarDeletingDtor_00bd3c60,between PKContainersCRedBlackTree and PKDataReadCStreamer,scalar deleting destructor,,,
00bd3c80,112,FUN_00bd3c80,between PKContainersCRedBlackTree and PKDataReadCStreamer,unclassified,,,
00bd3cf0,116,FUN_00bd3cf0,between PKContainersCRedBlackTree and PKDataReadCStreamer,unclassified,,,
00bd3d70,17,FUN_00bd3d70,between PKContainersCRedBlackTree and PKDataReadCStreamer,unclassified,,,
00bd3d90,26,FUN_00bd3d90,between PKContainersCRedBlackTree and PKDataReadCStreamer,unclassified,,,
00bd3df0,32,FUN_00bd3df0,between PKContainersCRedBlackTree and PKDataReadCStreamer,unclassified,,,
00bd3e10,32,LH_WriteGlobalProperties,between PKContainersCRedBlackTree and PKDataReadCStreamer,named,,,
00bd3e30,21,Ctor_vt00d9f160_00bd3e30,between PKContainersCRedBlackTree and PKDataReadCStreamer,constructor,,,
00bd3e50,14,Dtor_00bd3e50,between PKContainersCRedBlackTree and PKDataReadCStreamer,destructor,,,
00bd3e60,32,FUN_00bd3e60,between PKContainersCRedBlackTree and PKDataReadCStreamer,unclassified,,,
00bd3e80,27,ScalarDeletingDtor_00bd3e80,between PKContainersCRedBlackTree and PKDataReadCStreamer,scalar deleting destructor,,,
00bd3ea0,30,Dtor_00bd3ea0,between PKContainersCRedBlackTree and PKDataReadCStreamer,destructor,,,
00bd3ed0,43,LH_Map_GetObject_00bd3ed0,between PKContainersCRedBlackTree and PKDataReadCStreamer,container helper,,,
00bd3f20,200,FUN_00bd3f20,between PKContainersCRedBlackTree and PKDataReadCStreamer,has assertion,,,
00bd3ff0,27,ScalarDeletingDtor_00bd3ff0,between PKContainersCRedBlackTree and PKDataReadCStreamer,scalar deleting destructor,,,
00bd4010,43,LH_Map_GetObject_00bd4010,between PKContainersCRedBlackTree and PKDataReadCStreamer,container helper,,,
00bd4040,43,LH_Map_GetObject_00bd4040,between PKContainersCRedBlackTree and PKDataReadCStreamer,container helper,,,
00bd4070,49,FUN_00bd4070,between PKContainersCRedBlackTree and PKDataReadCStreamer,unclassified,,,
00bd40b0,90,LH_Sort_Compare_00bd40b0,between PKContainersCRedBlackTree and PKDataReadCStreamer,named,,,
00bd4110,72,FUN_00bd4110,between PKContainersCRedBlackTree and PKDataReadCStreamer,unclassified,,,
00bd41c0,166,LH_Sort_Med3_00bd41c0,between PKContainersCRedBlackTree and PKDataReadCStreamer,named,,,
00bd4290,128,LH_Sort_PushHeap_00bd4290,between PKContainersCRedBlackTree and PKDataReadCStreamer,named,,,
00bd4320,26,FUN_00bd4320,between PKContainersCRedBlackTree and PKDataReadCStreamer,unclassified,,,
00bd4350,198,PKCAutoDelete_Get_00bd4350,between PKContainersCRedBlackTree and PKDataReadCStreamer,named,,,
00bd4420,207,PKCAutoDelete_Release_00bd4420,between PKContainersCRedBlackTree and PKDataReadCStreamer,named,,,
00bd44f0,207,PKCAutoDelete_Release_00bd44f0,between PKContainersCRedBlackTree and PKDataReadCStreamer,named,,,
00bd45c0,313,PKCAutoDeleteArray_Resize_00bd45c0,between PKContainersCRedBlackTree and PKDataReadCStreamer,named,,,
00bd4710,264,PKCAutoDeleteArray_At_00bd4710,between PKContainersCRedBlackTree and PKDataReadCStreamer,named,,,
00bd4820,264,PKCAutoDeleteArray_At_00bd4820,between PKContainersCRedBlackTree and PKDataReadCStreamer,named,,,
00bd4940,74,LH_SortedArray_FindObject_00bd4940,between PKContainersCRedBlackTree and PKDataReadCStreamer,array helper,,,
00bd49b0,119,LH_CountGlobalProperties,between PKContainersCRedBlackTree and PKDataReadCStreamer,named,,,
00bd4a30,119,FUN_00bd4a30,between PKContainersCRedBlackTree and PKDataReadCStreamer,unclassified,,,
00bd4ab0,119,FUN_00bd4ab0,between PKContainersCRedBlackTree and PKDataReadCStreamer,unclassified,,,
00bd4b30,29,FUN_00bd4b30,between PKContainersCRedBlackTree and PKDataReadCStreamer,unclassified,,,
00bd4b50,69,FUN_00bd4b50,between PKContainersCRedBlackTree and PKDataReadCStreamer,unclassified,,,
00bd4ba0,156,FUN_00bd4ba0,between PKContainersCRedBlackTree and PKDataReadCStreamer,unclassified,,,
00bd4c60,145,LH_Sort_AdjustHeap_00bd4c60,between PKContainersCRedBlackTree and PKDataReadCStreamer,named,,,
00bd4d30,126,LH_Archive_SerializeU32Array,between PKContainersCRedBlackTree and PKDataReadCStreamer,named,,,
00bd4de0,265,Ctor_vt00d9f1ec_00bd4de0,between PKContainersCRedBlackTree and PKDataReadCStreamer,constructor,,,
00bd4f00,27,ScalarDeletingDtor_00bd4f00,between PKContainersCRedBlackTree and PKDataReadCStreamer,scalar deleting destructor,,,
00bd4f20,8,FUN_00bd4f20,between PKContainersCRedBlackTree and PKDataReadCStreamer,unclassified,,,
00bd4f30,8,FUN_00bd4f30,between PKContainersCRedBlackTree and PKDataReadCStreamer,unclassified,,,
00bd4f40,670,LH_Sort_UnguardedPartition_00bd4f40,between PKContainersCRedBlackTree and PKDataReadCStreamer,named,,,
00bd51f0,244,LH_Sort_InsertionSort_00bd51f0,between PKContainersCRedBlackTree and PKDataReadCStreamer,named,,,
00bd52f0,60,FUN_00bd52f0,between PKContainersCRedBlackTree and PKDataReadCStreamer,unclassified,,,
00bd5370,412,FUN_00bd5370,between PKContainersCRedBlackTree and PKDataReadCStreamer,unclassified,,,
00bd5530,9,FUN_00bd5530,between PKContainersCRedBlackTree and PKDataReadCStreamer,unclassified,,,
00bd5540,45,LH_Container_AddObject_00bd5540,between PKContainersCRedBlackTree and PKDataReadCStreamer,container helper,,,
00bd55d0,70,FUN_00bd55d0,between PKContainersCRedBlackTree and PKDataReadCStreamer,unclassified,,,
00bd5620,232,FUN_00bd5620,between PKContainersCRedBlackTree and PKDataReadCStreamer,unclassified,,,
00bd5730,36,FUN_00bd5730,between PKContainersCRedBlackTree and PKDataReadCStreamer,unclassified,,,
00bd5760,43,LH_Array_SortAndVerifyUnique_00bd5760,between PKContainersCRedBlackTree and PKDataReadCStreamer,array helper,,,
00bd5790,55,LH_Array_CopySorted_00bd5790,between PKContainersCRedBlackTree and PKDataReadCStreamer,array helper,,,
00bd57f0,61,FUN_00bd57f0,between PKContainersCRedBlackTree and PKDataReadCStreamer,unclassified,,,
00bd58a0,136,FUN_00bd58a0,between PKContainersCRedBlackTree and PKDataReadCStreamer,unclassified,,,
00bd5960,47,FUN_00bd5960,between PKContainersCRedBlackTree and PKDataReadCStreamer,unclassified,,,
00bd5990,162,FUN_00bd5990,between PKContainersCRedBlackTree and PKDataReadCStreamer,unclassified,,,
00bd5a40,164,FUN_00bd5a40,between PKContainersCRedBlackTree and PKDataReadCStreamer,unclassified,,,
00bd5af0,693,FUN_00bd5af0,between PKContainersCRedBlackTree and PKDataReadCStreamer,has assertion,,,
00bd5db0,668,FUN_00bd5db0,between PKContainersCRedBlackTree and PKDataReadCStreamer,has assertion,,,
00bd6300,12,FUN_00bd6300,between PKContainersCRedBlackTree and PKDataReadCStreamer,unclassified,,,
00bd6320,27,ScalarDeletingDtor_00bd6320,between PKContainersCRedBlackTree and PKDataReadCStreamer,scalar deleting destructor,,,
00bd6370,153,LH_Array_Reserve_00bd6370,between PKContainersCRedBlackTree and PKDataReadCStreamer,array helper,,,
00bd6430,4,GetField_8_00bd6430,between PKContainersCRedBlackTree and PKDataReadCStreamer,field getter,,,
00bd6440,43,LH_Array_SetFilledSize_00bd6440,between PKContainersCRedBlackTree and PKDataReadCStreamer,array helper,,,
00bd6470,13,FUN_00bd6470,between PKContainersCRedBlackTree and PKDataReadCStreamer,unclassified,,,
00bd6480,73,LH_Array_FreeBuffer_00bd6480,between PKContainersCRedBlackTree and PKDataReadCStreamer,array helper,,,
00bd64e0,153,LH_Array_Reserve_00bd64e0,between PKContainersCRedBlackTree and PKDataReadCStreamer,array helper,,,
00bd65a0,4,GetField_8_00bd65a0,between PKContainersCRedBlackTree and PKDataReadCStreamer,field getter,,,
00bd65b0,43,LH_Array_SetFilledSize_00bd65b0,between PKContainersCRedBlackTree and PKDataReadCStreamer,array helper,,,
00bd65e0,13,FUN_00bd65e0,between PKContainersCRedBlackTree and PKDataReadCStreamer,unclassified,,,
00bd65f0,73,LH_Array_FreeBuffer_00bd65f0,between PKContainersCRedBlackTree and PKDataReadCStreamer,array helper,,,
00bd6650,58,FUN_00bd6650,between PKContainersCRedBlackTree and PKDataReadCStreamer,unclassified,SetBLNode,size-run,
00bd6690,49,FUN_00bd6690,between PKContainersCRedBlackTree and PKDataReadCStreamer,unclassified,SetBLNode,size-run,
00bd66d0,55,LH_Array_GetAt_00bd66d0,between PKContainersCRedBlackTree and PKDataReadCStreamer,array helper,SetBLNode,size-run,
00bd6710,49,FUN_00bd6710,between PKContainersCRedBlackTree and PKDataReadCStreamer,unclassified,SetBLNode,size-run,
00bd6750,55,LH_Array_GetAt_00bd6750,between PKContainersCRedBlackTree and PKDataReadCStreamer,array helper,?CalculateChildrenNeighbours@CNavQuadTreeNode@@MAEXXZ,size-run,
00bd67b0,26,FUN_00bd67b0,between PKContainersCRedBlackTree and PKDataReadCStreamer,unclassified,?RemoveNeighbours@CNavQuadTreeNode@@MAEXXZ,size-run,
00bd67e0,112,LH_Sort_Compare_00bd67e0,between PKContainersCRedBlackTree and PKDataReadCStreamer,named,,,
00bd6850,112,LH_Sort_Compare_00bd6850,between PKContainersCRedBlackTree and PKDataReadCStreamer,named,,,
00bd68c0,81,LH_Sort_Compare_00bd68c0,between PKContainersCRedBlackTree and PKDataReadCStreamer,named,,,
00bd6a40,97,FUN_00bd6a40,between PKContainersCRedBlackTree and PKDataReadCStreamer,unclassified,,,
00bd6ab0,152,FUN_00bd6ab0,between PKContainersCRedBlackTree and PKDataReadCStreamer,unclassified,,,
00bd6b50,97,FUN_00bd6b50,between PKContainersCRedBlackTree and PKDataReadCStreamer,unclassified,,,
00bd6bc0,152,FUN_00bd6bc0,between PKContainersCRedBlackTree and PKDataReadCStreamer,unclassified,,,
00bd6c60,129,LH_Array_PushHeap_00bd6c60,between PKContainersCRedBlackTree and PKDataReadCStreamer,array helper,,,
00bd6cf0,129,LH_Array_PushHeap_00bd6cf0,between PKContainersCRedBlackTree and PKDataReadCStreamer,array helper,,,
00bd6d80,12,FUN_00bd6d80,between PKContainersCRedBlackTree and PKDataReadCStreamer,unclassified,,,
00bd6d90,27,ScalarDeletingDtor_00bd6d90,between PKContainersCRedBlackTree and PKDataReadCStreamer,scalar deleting destructor,,,
00bd6df0,29,FUN_00bd6df0,between PKContainersCRedBlackTree and PKDataReadCStreamer,unclassified,,,
00bd6e20,29,FUN_00bd6e20,between PKContainersCRedBlackTree and PKDataReadCStreamer,unclassified,,,
00bd6e40,233,FUN_00bd6e40,between PKContainersCRedBlackTree and PKDataReadCStreamer,has assertion,,,
00bd6f30,233,FUN_00bd6f30,between PKContainersCRedBlackTree and PKDataReadCStreamer,has assertion,,,
00bd7020,26,FUN_00bd7020,between PKContainersCRedBlackTree and PKDataReadCStreamer,unclassified,,,
00bd7390,26,FUN_00bd7390,between PKContainersCRedBlackTree and PKDataReadCStreamer,unclassified,,,
00bd73e0,98,FUN_00bd73e0,between PKContainersCRedBlackTree and PKDataReadCStreamer,unclassified,,,
00bd7450,115,FUN_00bd7450,between PKContainersCRedBlackTree and PKDataReadCStreamer,unclassified,,,
00bd74f0,98,FUN_00bd74f0,between PKContainersCRedBlackTree and PKDataReadCStreamer,unclassified,,,
00bd7560,115,FUN_00bd7560,between PKContainersCRedBlackTree and PKDataReadCStreamer,unclassified,,,
00bd7600,169,LH_Array_MedianOfThree_00bd7600,between PKContainersCRedBlackTree and PKDataReadCStreamer,array helper,,,
00bd76b0,147,LH_Array_AdjustHeap_00bd76b0,between PKContainersCRedBlackTree and PKDataReadCStreamer,array helper,,,
00bd7750,169,LH_Array_MedianOfThree_00bd7750,between PKContainersCRedBlackTree and PKDataReadCStreamer,array helper,,,
00bd7800,147,LH_Array_AdjustHeap_00bd7800,between PKContainersCRedBlackTree and PKDataReadCStreamer,array helper,,,
00bd7b30,26,FUN_00bd7b30,between PKContainersCRedBlackTree and PKDataReadCStreamer,unclassified,,,
00bd7b60,156,FUN_00bd7b60,between PKContainersCRedBlackTree and PKDataReadCStreamer,unclassified,,,
00bd7c00,60,FUN_00bd7c00,between PKContainersCRedBlackTree and PKDataReadCStreamer,unclassified,,,
00bd7c60,156,FUN_00bd7c60,between PKContainersCRedBlackTree and PKDataReadCStreamer,unclassified,,,
00bd7d00,60,FUN_00bd7d00,between PKContainersCRedBlackTree and PKDataReadCStreamer,unclassified,,,
00bd7d60,156,FUN_00bd7d60,between PKContainersCRedBlackTree and PKDataReadCStreamer,unclassified,,,
00bd7e00,60,FUN_00bd7e00,between PKContainersCRedBlackTree and PKDataReadCStreamer,unclassified,,,
00bd7e40,156,FUN_00bd7e40,between PKContainersCRedBlackTree and PKDataReadCStreamer,unclassified,,,
00bd7ee0,60,FUN_00bd7ee0,between PKContainersCRedBlackTree and PKDataReadCStreamer,unclassified,,,
00bd81c0,941,LH_Sort_UnguardedPartition_00bd81c0,between PKContainersCRedBlackTree and PKDataReadCStreamer,named,,,
00bd8590,255,LH_Sort_InsertionSort_00bd8590,between PKContainersCRedBlackTree and PKDataReadCStreamer,named,,,
00bd86a0,941,LH_Sort_UnguardedPartition_00bd86a0,between PKContainersCRedBlackTree and PKDataReadCStreamer,named,,,
00bd8a70,255,LH_Sort_InsertionSort_00bd8a70,between PKContainersCRedBlackTree and PKDataReadCStreamer,named,,,
00bd8b80,685,LH_Sort_UnguardedPartition_00bd8b80,between PKContainersCRedBlackTree and PKDataReadCStreamer,named,,,
00bd8e60,242,LH_Sort_InsertionSort_00bd8e60,between PKContainersCRedBlackTree and PKDataReadCStreamer,named,,,
00bd8f60,685,LH_Sort_UnguardedPartition_00bd8f60,between PKContainersCRedBlackTree and PKDataReadCStreamer,named,,,
00bd9240,242,LH_Sort_InsertionSort_00bd9240,between PKContainersCRedBlackTree and PKDataReadCStreamer,named,,,
00bd9450,70,FUN_00bd9450,between PKContainersCRedBlackTree and PKDataReadCStreamer,unclassified,,,
00bd94a0,70,FUN_00bd94a0,between PKContainersCRedBlackTree and PKDataReadCStreamer,unclassified,,,
00bd94f0,70,FUN_00bd94f0,between PKContainersCRedBlackTree and PKDataReadCStreamer,unclassified,,,
00bd9540,70,FUN_00bd9540,between PKContainersCRedBlackTree and PKDataReadCStreamer,unclassified,,,
00bd9590,232,FUN_00bd9590,between PKContainersCRedBlackTree and PKDataReadCStreamer,unclassified,,,
00bd9680,232,FUN_00bd9680,between PKContainersCRedBlackTree and PKDataReadCStreamer,unclassified,,,
00bd9770,232,FUN_00bd9770,between PKContainersCRedBlackTree and PKDataReadCStreamer,unclassified,,,
00bd9860,232,FUN_00bd9860,between PKContainersCRedBlackTree and PKDataReadCStreamer,unclassified,,,
00bd99d0,36,FUN_00bd99d0,between PKContainersCRedBlackTree and PKDataReadCStreamer,unclassified,,,
00bd9a00,36,FUN_00bd9a00,between PKContainersCRedBlackTree and PKDataReadCStreamer,unclassified,,,
00bd9a30,36,FUN_00bd9a30,between PKContainersCRedBlackTree and PKDataReadCStreamer,unclassified,,,
00bd9a60,36,FUN_00bd9a60,between PKContainersCRedBlackTree and PKDataReadCStreamer,unclassified,,,
00bd9a90,7,SetVtable_00d9f524_00bd9a90,between PKContainersCRedBlackTree and PKDataReadCStreamer,vtable setter,,,
00bd9ac0,16,FUN_00bd9ac0,between PKContainersCRedBlackTree and PKDataReadCStreamer,unclassified,,,
00bd9ad0,15,FUN_00bd9ad0,between PKContainersCRedBlackTree and PKDataReadCStreamer,unclassified,,,
00bd9ae0,26,FUN_00bd9ae0,between PKContainersCRedBlackTree and PKDataReadCStreamer,unclassified,,,
00bd9b00,15,FUN_00bd9b00,between PKContainersCRedBlackTree and PKDataReadCStreamer,unclassified,,,
00bd9b10,26,FUN_00bd9b10,between PKContainersCRedBlackTree and PKDataReadCStreamer,unclassified,,,
00bd9b30,15,FUN_00bd9b30,between PKContainersCRedBlackTree and PKDataReadCStreamer,unclassified,,,
00bd9b40,15,FUN_00bd9b40,between PKContainersCRedBlackTree and PKDataReadCStreamer,unclassified,,,
00bd9b50,15,FUN_00bd9b50,between PKContainersCRedBlackTree and PKDataReadCStreamer,unclassified,,,
00bd9b60,88,Ctor_vt00d9f52c_00bd9b60,between PKContainersCRedBlackTree and PKDataReadCStreamer,constructor,,,
00bd9bc0,88,Ctor_vt00d9f52c_00bd9bc0,between PKContainersCRedBlackTree and PKDataReadCStreamer,constructor,,,
00bd9c20,98,Ctor_vt00d9f52c_00bd9c20,between PKContainersCRedBlackTree and PKDataReadCStreamer,constructor,,,
00bd9c90,98,Ctor_vt00d9f52c_00bd9c90,between PKContainersCRedBlackTree and PKDataReadCStreamer,constructor,,,
00bd9d00,88,Ctor_vt00d9f52c_00bd9d00,between PKContainersCRedBlackTree and PKDataReadCStreamer,constructor,,,
00bd9d60,117,Ctor_vt00d9f52c_00bd9d60,between PKContainersCRedBlackTree and PKDataReadCStreamer,constructor,,,
00bd9de0,98,Ctor_vt00d9f52c_00bd9de0,between PKContainersCRedBlackTree and PKDataReadCStreamer,constructor,,,
00bd9e50,73,Dtor_00bd9e50,between PKContainersCRedBlackTree and PKDataReadCStreamer,destructor,,,
00bd9ea0,74,LH_ReadFileData,between PKContainersCRedBlackTree and PKDataReadCStreamer,named,,,
00bd9ef0,4,GetField_4_00bd9ef0,between PKContainersCRedBlackTree and PKDataReadCStreamer,field getter,,,
00bd9f00,16,FUN_00bd9f00,between PKContainersCRedBlackTree and PKDataReadCStreamer,unclassified,,,
00bd9f10,32,FUN_00bd9f10,between PKContainersCRedBlackTree and PKDataReadCStreamer,unclassified,,,
00bd9f30,52,FUN_00bd9f30,between PKContainersCRedBlackTree and PKDataReadCStreamer,unclassified,,,
00bd9f70,81,Ctor_vt00d9f52c_00bd9f70,between PKContainersCRedBlackTree and PKDataReadCStreamer,constructor,,,
00bd9fd0,291,PKDataReadCStreamer_Seek,PKDataReadCStreamer,named,,,
00bda110,27,ScalarDeletingDtor_00bda110,between PKDataReadCStreamer and PKDataWriteCStreamer2File,scalar deleting destructor,,,
00bda130,26,Ctor_vt00d9f574_00bda130,between PKDataReadCStreamer and PKDataWriteCStreamer2File,constructor,,,
00bda150,17,FUN_00bda150,between PKDataReadCStreamer and PKDataWriteCStreamer2File,unclassified,,,
00bda170,11,Dtor_00bda170,between PKDataReadCStreamer and PKDataWriteCStreamer2File,destructor,,,
00bda1d0,37,Ctor_vt00d9f574_00bda1d0,between PKDataReadCStreamer and PKDataWriteCStreamer2File,constructor,,,
00bda200,27,ScalarDeletingDtor_00bda200,between PKDataReadCStreamer and PKDataWriteCStreamer2File,scalar deleting destructor,,,
00bda220,12,FUN_00bda220,between PKDataReadCStreamer and PKDataWriteCStreamer2File,unclassified,,,
00bda240,43,Dtor_00bda240,between PKDataReadCStreamer and PKDataWriteCStreamer2File,destructor,,,
00bda270,61,Ctor_vt00d9f588_00bda270,between PKDataReadCStreamer and PKDataWriteCStreamer2File,constructor,,,
00bda2b0,288,PKDataWriteCStreamer2File_Write,PKDataWriteCStreamer2File,named,,,
00bda3d0,27,ScalarDeletingDtor_00bda3d0,between PKDataWriteCStreamer2File and PKDiskManagersThreadedSingleHeadCManager,scalar deleting destructor,,,
00bda3f0,7,SetVtable_00d9f5cc_00bda3f0,between PKDataWriteCStreamer2File and PKDiskManagersThreadedSingleHeadCManager,vtable setter,,,
00bda430,220,FUN_00bda430,between PKDataWriteCStreamer2File and PKDiskManagersThreadedSingleHeadCManager,unclassified,,,
00bda510,310,FUN_00bda510,between PKDataWriteCStreamer2File and PKDiskManagersThreadedSingleHeadCManager,unclassified,,,
00bda650,157,FUN_00bda650,between PKDataWriteCStreamer2File and PKDiskManagersThreadedSingleHeadCManager,unclassified,,,
00bda6f0,83,Dtor_00bda6f0,between PKDataWriteCStreamer2File and PKDiskManagersThreadedSingleHeadCManager,destructor,,,
00bda760,344,FUN_00bda760,between PKDataWriteCStreamer2File and PKDiskManagersThreadedSingleHeadCManager,has assertion,,,
00bda8c0,518,FUN_00bda8c0,between PKDataWriteCStreamer2File and PKDiskManagersThreadedSingleHeadCManager,unclassified,,,
00bdaad0,79,Ctor_vt00d9f5f8_00bdaad0,between PKDataWriteCStreamer2File and PKDiskManagersThreadedSingleHeadCManager,constructor,,,
00bdab70,93,FUN_00bdab70,between PKDataWriteCStreamer2File and PKDiskManagersThreadedSingleHeadCManager,has assertion,,,
00bdac20,108,FUN_00bdac20,between PKDataWriteCStreamer2File and PKDiskManagersThreadedSingleHeadCManager,has assertion,,,
00bdac90,108,FUN_00bdac90,between PKDataWriteCStreamer2File and PKDiskManagersThreadedSingleHeadCManager,has assertion,,,
00bdad10,27,ScalarDeletingDtor_00bdad10,between PKDataWriteCStreamer2File and PKDiskManagersThreadedSingleHeadCManager,scalar deleting destructor,,,
00bdad70,55,FUN_00bdad70,between PKDataWriteCStreamer2File and PKDiskManagersThreadedSingleHeadCManager,unclassified,,,
00bdadb0,148,FUN_00bdadb0,between PKDataWriteCStreamer2File and PKDiskManagersThreadedSingleHeadCManager,unclassified,,,
00bdae50,103,FUN_00bdae50,between PKDataWriteCStreamer2File and PKDiskManagersThreadedSingleHeadCManager,unclassified,,,
00bdaec0,205,FUN_00bdaec0,between PKDataWriteCStreamer2File and PKDiskManagersThreadedSingleHeadCManager,has assertion,,,
00bdaf90,18,FUN_00bdaf90,between PKDataWriteCStreamer2File and PKDiskManagersThreadedSingleHeadCManager,unclassified,,,
00bdafb0,380,FUN_00bdafb0,between PKDataWriteCStreamer2File and PKDiskManagersThreadedSingleHeadCManager,has assertion,,,
00bdb130,357,FUN_00bdb130,between PKDataWriteCStreamer2File and PKDiskManagersThreadedSingleHeadCManager,has assertion,,,
00bdb330,107,FUN_00bdb330,between PKDataWriteCStreamer2File and PKDiskManagersThreadedSingleHeadCManager,unclassified,,,
00bdb3a0,108,FUN_00bdb3a0,between PKDataWriteCStreamer2File and PKDiskManagersThreadedSingleHeadCManager,unclassified,,,
00bdb410,255,FUN_00bdb410,between PKDataWriteCStreamer2File and PKDiskManagersThreadedSingleHeadCManager,unclassified,,,
00bdb510,332,FUN_00bdb510,between PKDataWriteCStreamer2File and PKDiskManagersThreadedSingleHeadCManager,unclassified,,,
00bdb660,159,FUN_00bdb660,between PKDataWriteCStreamer2File and PKDiskManagersThreadedSingleHeadCManager,unclassified,,,
00bdb700,159,FUN_00bdb700,between PKDataWriteCStreamer2File and PKDiskManagersThreadedSingleHeadCManager,unclassified,,,
00bdb7a0,164,FUN_00bdb7a0,between PKDataWriteCStreamer2File and PKDiskManagersThreadedSingleHeadCManager,unclassified,,,
00bdb850,177,FUN_00bdb850,between PKDataWriteCStreamer2File and PKDiskManagersThreadedSingleHeadCManager,unclassified,,,
00bdb910,230,FUN_00bdb910,between PKDataWriteCStreamer2File and PKDiskManagersThreadedSingleHeadCManager,unclassified,,,
00bdba00,105,FUN_00bdba00,between PKDataWriteCStreamer2File and PKDiskManagersThreadedSingleHeadCManager,unclassified,,,
00bdba80,55,LH_Array_GetAt_00bdba80,between PKDataWriteCStreamer2File and PKDiskManagersThreadedSingleHeadCManager,array helper,,,
00bdbac0,4,GetField_8_00bdbac0,between PKDataWriteCStreamer2File and PKDiskManagersThreadedSingleHeadCManager,field getter,,,
00bdbad0,4,GetField_8_00bdbad0,between PKDataWriteCStreamer2File and PKDiskManagersThreadedSingleHeadCManager,field getter,,,
00bdbae0,55,LH_Array_GetAt_00bdbae0,between PKDataWriteCStreamer2File and PKDiskManagersThreadedSingleHeadCManager,array helper,,,
00bdbb20,27,ScalarDeletingDtor_00bdbb20,between PKDataWriteCStreamer2File and PKDiskManagersThreadedSingleHeadCManager,scalar deleting destructor,,,
00bdbb40,7,SetVtable_00d9f63c_00bdbb40,between PKDataWriteCStreamer2File and PKDiskManagersThreadedSingleHeadCManager,vtable setter,,,
00bdbb80,43,LH_Map_GetObject_00bdbb80,between PKDataWriteCStreamer2File and PKDiskManagersThreadedSingleHeadCManager,container helper,,,
00bdbbb0,200,FUN_00bdbbb0,between PKDataWriteCStreamer2File and PKDiskManagersThreadedSingleHeadCManager,has assertion,,,
00bdbc90,74,LH_SortedArray_FindObject_00bdbc90,between PKDataWriteCStreamer2File and PKDiskManagersThreadedSingleHeadCManager,array helper,,,
00bdbcf0,121,FUN_00bdbcf0,between PKDataWriteCStreamer2File and PKDiskManagersThreadedSingleHeadCManager,unclassified,,,
00bdbd70,457,PKDiskManagersThreadedSingleHeadCManager_ReleaseFile,PKDiskManagersThreadedSingleHeadCManager,named,,,
00bdbf40,397,PKDiskManagersThreadedSingleHeadCManager_ReadFileBytes,PKDiskManagersThreadedSingleHeadCManager,named,,,
00bdc0d0,386,FUN_00bdc0d0,PKDiskManagersThreadedSingleHeadCManager,has assertion,,,
00bdc260,382,PKDiskManagersThreadedSingleHeadCManager_OpenFile,PKDiskManagersThreadedSingleHeadCManager,named,,,
00bdc3e0,123,FUN_00bdc3e0,PKDiskManagersThreadedSingleHeadCManager,has assertion,,,
00bdc460,168,FUN_00bdc460,PKDiskManagersThreadedSingleHeadCManager,has assertion,,,
00bdc510,377,PKDiskManagersThreadedSingleHeadCManager_QueueRead,PKDiskManagersThreadedSingleHeadCManager,named,,,
00bdc690,79,FUN_00bdc690,between PKDiskManagersThreadedSingleHeadCManager and LLACodaCSystem,has assertion,,,
00bdc6e0,70,FUN_00bdc6e0,between PKDiskManagersThreadedSingleHeadCManager and LLACodaCSystem,unclassified,,,
00bdc730,105,FUN_00bdc730,between PKDiskManagersThreadedSingleHeadCManager and LLACodaCSystem,unclassified,,,
00bdc7a0,242,Dtor_00bdc7a0,between PKDiskManagersThreadedSingleHeadCManager and LLACodaCSystem,destructor,,,
00bdc8a0,270,Ctor_vt00d9f88c_00bdc8a0,between PKDiskManagersThreadedSingleHeadCManager and LLACodaCSystem,constructor,,,
00bdc9d0,7,SetVtable_00d9f6a8_00bdc9d0,between PKDiskManagersThreadedSingleHeadCManager and LLACodaCSystem,vtable setter,,,
00bdca10,12,FUN_00bdca10,between PKDiskManagersThreadedSingleHeadCManager and LLACodaCSystem,unclassified,,,
00bdca60,12,FUN_00bdca60,between PKDiskManagersThreadedSingleHeadCManager and LLACodaCSystem,unclassified,,,
00bdca80,7,SetVtable_00d9f6b4_00bdca80,between PKDiskManagersThreadedSingleHeadCManager and LLACodaCSystem,vtable setter,,,
00bdca90,75,FUN_00bdca90,between PKDiskManagersThreadedSingleHeadCManager and LLACodaCSystem,unclassified,,,
00bdcb30,12,FUN_00bdcb30,between PKDiskManagersThreadedSingleHeadCManager and LLACodaCSystem,unclassified,,,
00bdcb80,17,FUN_00bdcb80,between PKDiskManagersThreadedSingleHeadCManager and LLACodaCSystem,unclassified,,,
00bdcba0,76,FUN_00bdcba0,between PKDiskManagersThreadedSingleHeadCManager and LLACodaCSystem,unclassified,,,
00bdcbf0,7,SetVtable_00d9e7b0_00bdcbf0,between PKDiskManagersThreadedSingleHeadCManager and LLACodaCSystem,vtable setter,,,
00bdcca0,14,Dtor_00bdcca0,between PKDiskManagersThreadedSingleHeadCManager and LLACodaCSystem,destructor,,,
00bdcd10,97,Ctor_vt00d9f710_00bdcd10,between PKDiskManagersThreadedSingleHeadCManager and LLACodaCSystem,constructor,,,
00bdcd80,64,FUN_00bdcd80,between PKDiskManagersThreadedSingleHeadCManager and LLACodaCSystem,unclassified,,,
00bdcdc0,104,Dtor_00bdcdc0,between PKDiskManagersThreadedSingleHeadCManager and LLACodaCSystem,destructor,,,
00bdce40,45,FUN_00bdce40,between PKDiskManagersThreadedSingleHeadCManager and LLACodaCSystem,unclassified,,,
00bdce70,103,FUN_00bdce70,between PKDiskManagersThreadedSingleHeadCManager and LLACodaCSystem,unclassified,,,
00bdcee0,98,FUN_00bdcee0,between PKDiskManagersThreadedSingleHeadCManager and LLACodaCSystem,unclassified,,,
00bdcf70,27,ScalarDeletingDtor_00bdcf70,between PKDiskManagersThreadedSingleHeadCManager and LLACodaCSystem,scalar deleting destructor,,,
00bdcf90,27,ScalarDeletingDtor_00bdcf90,between PKDiskManagersThreadedSingleHeadCManager and LLACodaCSystem,scalar deleting destructor,,,
00bdcfb0,27,ScalarDeletingDtor_00bdcfb0,between PKDiskManagersThreadedSingleHeadCManager and LLACodaCSystem,scalar deleting destructor,,,
00bdcfd0,21,Ctor_vt00d9f6e8_00bdcfd0,between PKDiskManagersThreadedSingleHeadCManager and LLACodaCSystem,constructor,,,
00bdcff0,27,ScalarDeletingDtor_00bdcff0,between PKDiskManagersThreadedSingleHeadCManager and LLACodaCSystem,scalar deleting destructor,,,
00bdd010,207,PKCAutoDelete_Release_00bdd010,between PKDiskManagersThreadedSingleHeadCManager and LLACodaCSystem,named,,,
00bdd0e0,14,Dtor_00bdd0e0,between PKDiskManagersThreadedSingleHeadCManager and LLACodaCSystem,destructor,,,
00bdd0f0,147,FUN_00bdd0f0,between PKDiskManagersThreadedSingleHeadCManager and LLACodaCSystem,unclassified,,,
00bdd190,77,FUN_00bdd190,between PKDiskManagersThreadedSingleHeadCManager and LLACodaCSystem,unclassified,,,
00bdd1e0,118,FUN_00bdd1e0,between PKDiskManagersThreadedSingleHeadCManager and LLACodaCSystem,unclassified,,,
00bdd260,208,FUN_00bdd260,between PKDiskManagersThreadedSingleHeadCManager and LLACodaCSystem,has assertion,,,
00bdd330,258,PKAllocatorsLinkTime_Free_00bdd330,between PKDiskManagersThreadedSingleHeadCManager and LLACodaCSystem,named,,,
00bdd520,27,Ctor_vt00d9f864_00bdd520,between PKDiskManagersThreadedSingleHeadCManager and LLACodaCSystem,constructor,,,
00bdd540,27,ScalarDeletingDtor_00bdd540,between PKDiskManagersThreadedSingleHeadCManager and LLACodaCSystem,scalar deleting destructor,,,
00bdd560,27,ScalarDeletingDtor_00bdd560,between PKDiskManagersThreadedSingleHeadCManager and LLACodaCSystem,scalar deleting destructor,,,
00bdd5c0,24,FUN_00bdd5c0,between PKDiskManagersThreadedSingleHeadCManager and LLACodaCSystem,unclassified,,,
00bdd5e0,22,FUN_00bdd5e0,between PKDiskManagersThreadedSingleHeadCManager and LLACodaCSystem,unclassified,,,
00bdd650,106,Ctor_vt00d9f8d0_00bdd650,between PKDiskManagersThreadedSingleHeadCManager and LLACodaCSystem,constructor,,,
00bdda00,7,SetVtable_00d9f8a0_00bdda00,between PKDiskManagersThreadedSingleHeadCManager and LLACodaCSystem,vtable setter,,,
00bdda60,27,ScalarDeletingDtor_00bdda60,between PKDiskManagersThreadedSingleHeadCManager and LLACodaCSystem,scalar deleting destructor,,,
00bdda80,7,SetVtable_00d9f898_00bdda80,between PKDiskManagersThreadedSingleHeadCManager and LLACodaCSystem,vtable setter,,,
00bdda90,76,FUN_00bdda90,between PKDiskManagersThreadedSingleHeadCManager and LLACodaCSystem,unclassified,,,
00bddae0,27,ScalarDeletingDtor_00bddae0,between PKDiskManagersThreadedSingleHeadCManager and LLACodaCSystem,scalar deleting destructor,,,
00bddb00,7,SetVtable_00d9f8a0_00bddb00,between PKDiskManagersThreadedSingleHeadCManager and LLACodaCSystem,vtable setter,,,
00bddb10,75,FUN_00bddb10,between PKDiskManagersThreadedSingleHeadCManager and LLACodaCSystem,unclassified,,,
00bddb60,53,FUN_00bddb60,between PKDiskManagersThreadedSingleHeadCManager and LLACodaCSystem,unclassified,,,
00bddba0,27,ScalarDeletingDtor_00bddba0,between PKDiskManagersThreadedSingleHeadCManager and LLACodaCSystem,scalar deleting destructor,,,
00bddbc0,95,Dtor_00bddbc0,between PKDiskManagersThreadedSingleHeadCManager and LLACodaCSystem,destructor,,,
00bddc20,260,PKAllocatorsLinkTime_Free_00bddc20,between PKDiskManagersThreadedSingleHeadCManager and LLACodaCSystem,named,,,
00bddd30,22,FUN_00bddd30,between PKDiskManagersThreadedSingleHeadCManager and LLACodaCSystem,unclassified,,,
00bddd50,50,FUN_00bddd50,between PKDiskManagersThreadedSingleHeadCManager and LLACodaCSystem,unclassified,,,
00bddd90,19,FUN_00bddd90,between PKDiskManagersThreadedSingleHeadCManager and LLACodaCSystem,unclassified,,,
00bdddb0,19,FUN_00bdddb0,between PKDiskManagersThreadedSingleHeadCManager and LLACodaCSystem,unclassified,,,
00bdddd0,24,FUN_00bdddd0,between PKDiskManagersThreadedSingleHeadCManager and LLACodaCSystem,unclassified,,,
00bdddf0,28,FUN_00bdddf0,between PKDiskManagersThreadedSingleHeadCManager and LLACodaCSystem,unclassified,,,
00bdde10,13,FUN_00bdde10,between PKDiskManagersThreadedSingleHeadCManager and LLACodaCSystem,unclassified,,,
00bdde20,13,FUN_00bdde20,between PKDiskManagersThreadedSingleHeadCManager and LLACodaCSystem,unclassified,,,
00bdde30,5,GetField_0xe_00bdde30,between PKDiskManagersThreadedSingleHeadCManager and LLACodaCSystem,field getter,?SetCreatureGeneratorsCreatureGroupAsEnabled@CGameScriptInterface@@UBEXW4ECreatureGroup@@_N@Z,size-run,
00bdde40,5,FUN_00bdde40,between PKDiskManagersThreadedSingleHeadCManager and LLACodaCSystem,unclassified,?SetTeleportingAsActive@CGameScriptInterface@@UBEX_N@Z,size-run,
00bdde50,4,GetField_8_00bdde50,between PKDiskManagersThreadedSingleHeadCManager and LLACodaCSystem,field getter,?IsTeleportingActive@CGameScriptInterface@@UBE_NXZ,size-run,
00bdde60,5,GetField_4_00bdde60,between PKDiskManagersThreadedSingleHeadCManager and LLACodaCSystem,field getter,?SetRegionTextDisplayAsActive@CGameScriptInterface@@UBEX_N@Z,size-run,
00bdde70,5,GetField_0x10_00bdde70,between PKDiskManagersThreadedSingleHeadCManager and LLACodaCSystem,field getter,?SetHeroSleepingAsEnabled@CGameScriptInterface@@UBEX_N@Z,size-run,
00bdde80,9,FUN_00bdde80,between PKDiskManagersThreadedSingleHeadCManager and LLACodaCSystem,unclassified,?IsHeroSleepingEnabled@CGameScriptInterface@@UBE_NXZ,size-run,
00bdde90,11,FUN_00bdde90,between PKDiskManagersThreadedSingleHeadCManager and LLACodaCSystem,unclassified,?SetExperienceSpendingAsEnabled@CGameScriptInterface@@UBEX_N@Z,size-run,
00bddea0,12,FUN_00bddea0,between PKDiskManagersThreadedSingleHeadCManager and LLACodaCSystem,unclassified,?SetSummonerDeathExplosionAffectsHero@CGameScriptInterface@@UBEX_N@Z,size-run,
00bddeb0,19,FUN_00bddeb0,between PKDiskManagersThreadedSingleHeadCManager and LLACodaCSystem,unclassified,?ApplyScriptBrush@CGameScriptInterface@@UBEXABVCCharString@@@Z,size-run,
00bdded0,41,FUN_00bdded0,between PKDiskManagersThreadedSingleHeadCManager and LLACodaCSystem,unclassified,?EnableDecals@CGameScriptInterface@@UBEX_N@Z,size-run,
00bddf00,42,FUN_00bddf00,between PKDiskManagersThreadedSingleHeadCManager and LLACodaCSystem,unclassified,?EntityEnableGravity@CGameScriptInterface@@UBEXABVCScriptThing@@_N@Z,size-run,
00bddf30,26,FUN_00bddf30,between PKDiskManagersThreadedSingleHeadCManager and LLACodaCSystem,unclassified,,,
00bddf50,25,FUN_00bddf50,between PKDiskManagersThreadedSingleHeadCManager and LLACodaCSystem,unclassified,,,
00bddf70,21,FUN_00bddf70,between PKDiskManagersThreadedSingleHeadCManager and LLACodaCSystem,unclassified,,,
00bddf90,21,FUN_00bddf90,between PKDiskManagersThreadedSingleHeadCManager and LLACodaCSystem,unclassified,,,
00bddfb0,12,FUN_00bddfb0,between PKDiskManagersThreadedSingleHeadCManager and LLACodaCSystem,unclassified,,,
00bddfc0,12,FUN_00bddfc0,between PKDiskManagersThreadedSingleHeadCManager and LLACodaCSystem,unclassified,,,
00bddfd0,10,FUN_00bddfd0,between PKDiskManagersThreadedSingleHeadCManager and LLACodaCSystem,unclassified,,,
00bddfe0,12,FUN_00bddfe0,between PKDiskManagersThreadedSingleHeadCManager and LLACodaCSystem,unclassified,,,
00bddff0,12,FUN_00bddff0,between PKDiskManagersThreadedSingleHeadCManager and LLACodaCSystem,unclassified,,,
00bde000,27,FUN_00bde000,between PKDiskManagersThreadedSingleHeadCManager and LLACodaCSystem,unclassified,,,
00bde020,27,FUN_00bde020,between PKDiskManagersThreadedSingleHeadCManager and LLACodaCSystem,unclassified,,,
00bde040,27,FUN_00bde040,between PKDiskManagersThreadedSingleHeadCManager and LLACodaCSystem,unclassified,,,
00bde060,26,FUN_00bde060,between PKDiskManagersThreadedSingleHeadCManager and LLACodaCSystem,unclassified,CBase,size-run,
00bde080,5,GetField_0x18_00bde080,between PKDiskManagersThreadedSingleHeadCManager and LLACodaCSystem,field getter,CBase,size-run,
00bde090,12,FUN_00bde090,between PKDiskManagersThreadedSingleHeadCManager and LLACodaCSystem,unclassified,CBase,size-run,
00bde0a0,5,FUN_00bde0a0,between PKDiskManagersThreadedSingleHeadCManager and LLACodaCSystem,unclassified,CBase,size-run,
00bde0b0,12,FUN_00bde0b0,between PKDiskManagersThreadedSingleHeadCManager and LLACodaCSystem,unclassified,CBase,size-run,
00bde0c0,44,FUN_00bde0c0,between PKDiskManagersThreadedSingleHeadCManager and LLACodaCSystem,unclassified,CBase,size-run,
00bde0f0,155,FUN_00bde0f0,between PKDiskManagersThreadedSingleHeadCManager and LLACodaCSystem,unclassified,,,
00bde190,12,FUN_00bde190,between PKDiskManagersThreadedSingleHeadCManager and LLACodaCSystem,unclassified,,,
00bde1c0,3,FUN_00bde1c0,between PKDiskManagersThreadedSingleHeadCManager and LLACodaCSystem,unclassified,,,
00bde1e0,1,FUN_00bde1e0,between PKDiskManagersThreadedSingleHeadCManager and LLACodaCSystem,unclassified,,,
00bde260,213,FUN_00bde260,between PKDiskManagersThreadedSingleHeadCManager and LLACodaCSystem,unclassified,,,
00bde340,78,FUN_00bde340,between PKDiskManagersThreadedSingleHeadCManager and LLACodaCSystem,unclassified,,,
00bde390,53,FUN_00bde390,between PKDiskManagersThreadedSingleHeadCManager and LLACodaCSystem,unclassified,,,
00bde3f0,148,FUN_00bde3f0,between PKDiskManagersThreadedSingleHeadCManager and LLACodaCSystem,unclassified,,,
00bde520,30,FUN_00bde520,between PKDiskManagersThreadedSingleHeadCManager and LLACodaCSystem,unclassified,,,
00bde560,12,FUN_00bde560,between PKDiskManagersThreadedSingleHeadCManager and LLACodaCSystem,unclassified,,,
00bde570,12,FUN_00bde570,between PKDiskManagersThreadedSingleHeadCManager and LLACodaCSystem,unclassified,,,
00bde7c0,423,Dtor_00bde7c0,between PKDiskManagersThreadedSingleHeadCManager and LLACodaCSystem,destructor,,,
00bde970,732,LLACodaCSystem_Ctor,LLACodaCSystem,named,,,
00bdec50,98,FUN_00bdec50,LLACodaCSystem,unclassified,,,
00bdecc0,413,LLACodaCSystem_ConfigureDirectSound,LLACodaCSystem,named,,,
00bdee80,7,SetVtable_00d9f920_00bdee80,between LLACodaCSystem and PKStringsCHeapString,vtable setter,,,
00bdeee0,12,FUN_00bdeee0,between LLACodaCSystem and PKStringsCHeapString,unclassified,,,
00bdef00,12,FUN_00bdef00,between LLACodaCSystem and PKStringsCHeapString,unclassified,,,
00bdef20,112,FUN_00bdef20,between LLACodaCSystem and PKStringsCHeapString,unclassified,,,
00bdef90,41,FUN_00bdef90,between LLACodaCSystem and PKStringsCHeapString,unclassified,,,
00bdefd0,112,FUN_00bdefd0,between LLACodaCSystem and PKStringsCHeapString,unclassified,,,
00bdf040,41,FUN_00bdf040,between LLACodaCSystem and PKStringsCHeapString,unclassified,,,
00bdf1d0,7,SetVtable_00d9f9dc_00bdf1d0,between LLACodaCSystem and PKStringsCHeapString,vtable setter,,,
00bdf2c0,7,SetVtable_00d9f9d4_00bdf2c0,between LLACodaCSystem and PKStringsCHeapString,vtable setter,,,
00bdf2d0,27,ScalarDeletingDtor_00bdf2d0,between LLACodaCSystem and PKStringsCHeapString,scalar deleting destructor,,,
00bdf360,14,Dtor_00bdf360,between LLACodaCSystem and PKStringsCHeapString,destructor,,,
00bdf420,14,Dtor_00bdf420,between LLACodaCSystem and PKStringsCHeapString,destructor,,,
00bdf490,268,PKCAutoDeleteArray_At_00bdf490,between LLACodaCSystem and PKStringsCHeapString,named,,,
00bdf5a0,268,PKCAutoDeleteArray_At_00bdf5a0,between LLACodaCSystem and PKStringsCHeapString,named,,,
00bdf6f0,27,ScalarDeletingDtor_00bdf6f0,between LLACodaCSystem and PKStringsCHeapString,scalar deleting destructor,,,
00bdf710,21,Ctor_vt00d9fa34_00bdf710,between LLACodaCSystem and PKStringsCHeapString,constructor,,,
00bdf730,21,Ctor_vt00d9fa5c_00bdf730,between LLACodaCSystem and PKStringsCHeapString,constructor,,,
00bdf750,27,ScalarDeletingDtor_00bdf750,between LLACodaCSystem and PKStringsCHeapString,scalar deleting destructor,,,
00bdf770,27,ScalarDeletingDtor_00bdf770,between LLACodaCSystem and PKStringsCHeapString,scalar deleting destructor,,,
00bdf790,14,Dtor_00bdf790,between LLACodaCSystem and PKStringsCHeapString,destructor,,,
00bdf7a0,14,Dtor_00bdf7a0,between LLACodaCSystem and PKStringsCHeapString,destructor,,,
00bdf7d0,73,FUN_00bdf7d0,between LLACodaCSystem and PKStringsCHeapString,unclassified,,,
00bdf820,27,Ctor_vt00d9fac8_00bdf820,between LLACodaCSystem and PKStringsCHeapString,constructor,,,
00bdf840,27,Ctor_vt00d9faf0_00bdf840,between LLACodaCSystem and PKStringsCHeapString,constructor,,,
00bdf860,27,ScalarDeletingDtor_00bdf860,between LLACodaCSystem and PKStringsCHeapString,scalar deleting destructor,,,
00bdf880,27,ScalarDeletingDtor_00bdf880,between LLACodaCSystem and PKStringsCHeapString,scalar deleting destructor,,,
00bdf8b0,27,ScalarDeletingDtor_00bdf8b0,between LLACodaCSystem and PKStringsCHeapString,scalar deleting destructor,,,
00bdf8d0,7,SetVtable_00d9fbe8_00bdf8d0,between LLACodaCSystem and PKStringsCHeapString,vtable setter,,,
00bdf940,122,Dtor_00bdf940,between LLACodaCSystem and PKStringsCHeapString,destructor,,,
00bdfa20,30,ScalarDeletingDtor_00bdfa20,between LLACodaCSystem and PKStringsCHeapString,scalar deleting destructor,,,
00bdfa90,24,FUN_00bdfa90,between LLACodaCSystem and PKStringsCHeapString,unclassified,,,
00bdfab0,64,FUN_00bdfab0,between LLACodaCSystem and PKStringsCHeapString,unclassified,,,
00bdfb50,7,SetVtable_00d9fbe8_00bdfb50,between LLACodaCSystem and PKStringsCHeapString,vtable setter,,,
00bdfb70,30,ScalarDeletingDtor_00bdfb70,between LLACodaCSystem and PKStringsCHeapString,scalar deleting destructor,,,
00bdfc70,7,SetVtable_00d9fbe8_00bdfc70,between LLACodaCSystem and PKStringsCHeapString,vtable setter,,,
00bdfca0,30,ScalarDeletingDtor_00bdfca0,between LLACodaCSystem and PKStringsCHeapString,scalar deleting destructor,,,
00bdfcc0,7,SetVtable_00d9fbe8_00bdfcc0,between LLACodaCSystem and PKStringsCHeapString,vtable setter,,,
00bdfcd0,89,Ctor_vt00d9fc2c_00bdfcd0,between LLACodaCSystem and PKStringsCHeapString,constructor,,,
00bdfd30,185,FUN_00bdfd30,between LLACodaCSystem and PKStringsCHeapString,unclassified,,,
00bdfdf0,229,FUN_00bdfdf0,between LLACodaCSystem and PKStringsCHeapString,unclassified,,,
00bdfee0,44,FUN_00bdfee0,between LLACodaCSystem and PKStringsCHeapString,unclassified,,,
00bdff10,225,FUN_00bdff10,between LLACodaCSystem and PKStringsCHeapString,unclassified,CCombatRenderer_UpdateRenderState,body,0.63
00be0000,142,FUN_00be0000,between LLACodaCSystem and PKStringsCHeapString,unclassified,Audio_ProcessMixingIfNeeded,body,0.90
00be0090,499,FUN_00be0090,between LLACodaCSystem and PKStringsCHeapString,unclassified,,,
00be02a0,20,FUN_00be02a0,between LLACodaCSystem and PKStringsCHeapString,unclassified,,,
00be02c0,3,FUN_00be02c0,between LLACodaCSystem and PKStringsCHeapString,unclassified,,,
00be02e0,84,FUN_00be02e0,between LLACodaCSystem and PKStringsCHeapString,unclassified,,,
00be0340,84,FUN_00be0340,between LLACodaCSystem and PKStringsCHeapString,unclassified,,,
00be03a0,25,FUN_00be03a0,between LLACodaCSystem and PKStringsCHeapString,unclassified,,,
00be03e0,14,FUN_00be03e0,between LLACodaCSystem and PKStringsCHeapString,unclassified,,,
00be03f0,89,FUN_00be03f0,between LLACodaCSystem and PKStringsCHeapString,unclassified,,,
00be0470,79,FUN_00be0470,between LLACodaCSystem and PKStringsCHeapString,unclassified,,,
00be04c0,394,FUN_00be04c0,between LLACodaCSystem and PKStringsCHeapString,unclassified,,,
00be0650,394,FUN_00be0650,between LLACodaCSystem and PKStringsCHeapString,unclassified,,,
00be07e0,95,Ctor_vt00d9fc4c_00be07e0,between LLACodaCSystem and PKStringsCHeapString,constructor,,,
00be0870,92,Dtor_00be0870,between LLACodaCSystem and PKStringsCHeapString,destructor,,,
00be08d0,30,ScalarDeletingDtor_00be08d0,between LLACodaCSystem and PKStringsCHeapString,scalar deleting destructor,,,
00be0950,287,FUN_00be0950,between LLACodaCSystem and PKStringsCHeapString,unclassified,,,
00be0b10,61,FUN_00be0b10,between LLACodaCSystem and PKStringsCHeapString,unclassified,Render_QualityLevelAdjustment,size-run,1.00
00be0bf0,30,ScalarDeletingDtor_00be0bf0,between LLACodaCSystem and PKStringsCHeapString,scalar deleting destructor,`vector_deleting_destructor',size-run,
00be0c10,79,Dtor_00be0c10,between LLACodaCSystem and PKStringsCHeapString,destructor,~CScriptDefinitionManager,size-run,
00be0c60,91,Dtor_00be0c60,between LLACodaCSystem and PKStringsCHeapString,destructor,~CParticleEffect,size-run,
00be0d00,30,ScalarDeletingDtor_00be0d00,between LLACodaCSystem and PKStringsCHeapString,scalar deleting destructor,`vector_deleting_destructor',size-run,
00be0d20,101,Dtor_00be0d20,between LLACodaCSystem and PKStringsCHeapString,destructor,CMap::Destructor,size-run,0.41
00be0da0,62,FUN_00be0da0,between LLACodaCSystem and PKStringsCHeapString,unclassified,GlobalEventCreatureDied,size-run,
00be0e30,30,ScalarDeletingDtor_00be0e30,between LLACodaCSystem and PKStringsCHeapString,scalar deleting destructor,,,
00be0e50,49,FUN_00be0e50,between LLACodaCSystem and PKStringsCHeapString,unclassified,,,
00be0e90,18,Ctor_vt00d9fd38_00be0e90,between LLACodaCSystem and PKStringsCHeapString,constructor,,,
00be0eb0,5,Dtor_00be0eb0,between LLACodaCSystem and PKStringsCHeapString,destructor,,,
00be0ec0,15,FUN_00be0ec0,between LLACodaCSystem and PKStringsCHeapString,unclassified,,,
00be0ed0,30,ScalarDeletingDtor_00be0ed0,between LLACodaCSystem and PKStringsCHeapString,scalar deleting destructor,,,
00be0ef0,18,Ctor_vt00d9fda8_00be0ef0,between LLACodaCSystem and PKStringsCHeapString,constructor,,,
00be0f20,30,ScalarDeletingDtor_00be0f20,between LLACodaCSystem and PKStringsCHeapString,scalar deleting destructor,,,
00be0fa0,68,FUN_00be0fa0,between LLACodaCSystem and PKStringsCHeapString,unclassified,,,
00be0ff0,77,Ctor_vt00d9fdd8_00be0ff0,between LLACodaCSystem and PKStringsCHeapString,constructor,,,
00be1040,18,Ctor_vt00d9fe48_00be1040,between LLACodaCSystem and PKStringsCHeapString,constructor,,,
00be1060,30,ScalarDeletingDtor_00be1060,between LLACodaCSystem and PKStringsCHeapString,scalar deleting destructor,,,
00be1090,356,FUN_00be1090,between LLACodaCSystem and PKStringsCHeapString,unclassified,,,
00be1200,89,FUN_00be1200,between LLACodaCSystem and PKStringsCHeapString,unclassified,,,
00be1260,814,FUN_00be1260,between LLACodaCSystem and PKStringsCHeapString,unclassified,,,
00be15b0,593,FUN_00be15b0,between LLACodaCSystem and PKStringsCHeapString,unclassified,CQ_GuildTrainingSkillScript::InitializeRenderer,body,0.62
00be1840,30,FUN_00be1840,between LLACodaCSystem and PKStringsCHeapString,unclassified,,,
00be1930,248,PKStringsCHeapString_AllocateData,PKStringsCHeapString,named,,,
00be1a30,387,PKStringsCHeapString_ReleaseData,PKStringsCHeapString,named,,,
00be1cb0,329,PKStringsCHeapString_MakeUniqueResize,PKStringsCHeapString,named,,,
00be1e00,72,Ctor_vt00d9feb8_00be1e00,PKStringsCHeapString,constructor,,,
00be1e50,86,Ctor_vt00d9feb8_00be1e50,PKStringsCHeapString,constructor,,,
00be1eb0,86,Ctor_vt00d9feb8_00be1eb0,PKStringsCHeapString,constructor,,,
00be1f10,244,PKStringsCHeapString_Dtor,PKStringsCHeapString,named,,,
00be2010,43,FUN_00be2010,between PKStringsCHeapString and PKDataReadCWindow,unclassified,,,
00be2040,42,FUN_00be2040,between PKStringsCHeapString and PKDataReadCWindow,unclassified,,,
00be2070,86,Ctor_vt00d9feb8_00be2070,between PKStringsCHeapString and PKDataReadCWindow,constructor,,,
00be20e0,27,ScalarDeletingDtor_00be20e0,between PKStringsCHeapString and PKDataReadCWindow,scalar deleting destructor,,,
00be2110,53,FUN_00be2110,between PKStringsCHeapString and PKDataReadCWindow,unclassified,,,
00be2180,103,Dtor_00be2180,between PKStringsCHeapString and PKDataReadCWindow,destructor,,,
00be2200,39,FUN_00be2200,between PKStringsCHeapString and PKDataReadCWindow,unclassified,,,
00be2230,605,FilteredDelayEffect_Init,between PKStringsCHeapString and PKDataReadCWindow,named,,,
00be2490,7,SetVtable_00d9fed4_00be2490,between PKStringsCHeapString and PKDataReadCWindow,vtable setter,,,
00be24d0,90,FUN_00be24d0,between PKStringsCHeapString and PKDataReadCWindow,unclassified,,,
00be2530,7,SetVtable_00d9fee0_00be2530,between PKStringsCHeapString and PKDataReadCWindow,vtable setter,,,
00be2550,185,FUN_00be2550,between PKStringsCHeapString and PKDataReadCWindow,unclassified,,,
00be2610,218,FUN_00be2610,between PKStringsCHeapString and PKDataReadCWindow,unclassified,,,
00be2730,12,FUN_00be2730,between PKStringsCHeapString and PKDataReadCWindow,unclassified,,,
00be2760,17,FUN_00be2760,between PKStringsCHeapString and PKDataReadCWindow,unclassified,,,
00be27e0,24,Dtor_00be27e0,between PKStringsCHeapString and PKDataReadCWindow,destructor,,,
00be2810,27,ScalarDeletingDtor_00be2810,between PKStringsCHeapString and PKDataReadCWindow,scalar deleting destructor,,,
00be2870,14,Dtor_00be2870,between PKStringsCHeapString and PKDataReadCWindow,destructor,,,
00be28e0,312,PKCAutoDeleteArray_Resize_00be28e0,between PKStringsCHeapString and PKDataReadCWindow,named,,,
00be2a20,264,PKCAutoDeleteArray_At_00be2a20,between PKStringsCHeapString and PKDataReadCWindow,named,,,
00be2b30,21,Ctor_vt00d9ff18_00be2b30,between PKStringsCHeapString and PKDataReadCWindow,constructor,?GetChunkDescription@C3DMeshFileXMappingInfoChunk@@UBE?BVCCharString@@XZ,size-run,
00be2b50,27,ScalarDeletingDtor_00be2b50,between PKStringsCHeapString and PKDataReadCWindow,scalar deleting destructor,`vector_deleting_destructor',size-run,
00be2b70,14,Dtor_00be2b70,between PKStringsCHeapString and PKDataReadCWindow,destructor,?GetChunkDescription@C3DMeshFileXAnimatedPrimitiveChunk@@UBE?BVCCharString@@XZ,size-run,
00be2b90,80,FUN_00be2b90,between PKStringsCHeapString and PKDataReadCWindow,unclassified,`vector_deleting_destructor',size-run,
00be2be0,27,Ctor_vt00d9ff40_00be2be0,between PKStringsCHeapString and PKDataReadCWindow,constructor,?GetChunkDescription@C3DMeshFileXBoundingSphereChunk@@UBE?BVCCharString@@XZ,size-run,
00be2c00,27,ScalarDeletingDtor_00be2c00,between PKStringsCHeapString and PKDataReadCWindow,scalar deleting destructor,`vector_deleting_destructor',size-run,
00be2c20,256,Ctor_vt00d9ff14_00be2c20,between PKStringsCHeapString and PKDataReadCWindow,constructor,,,
00be2d20,181,FUN_00be2d20,between PKStringsCHeapString and PKDataReadCWindow,unclassified,,,
00be2de0,27,Ctor_vt00d9ff40_00be2de0,between PKStringsCHeapString and PKDataReadCWindow,constructor,,,
00be2e00,27,ScalarDeletingDtor_00be2e00,between PKStringsCHeapString and PKDataReadCWindow,scalar deleting destructor,,,
00be2e70,80,Dtor_00be2e70,between PKStringsCHeapString and PKDataReadCWindow,destructor,,,
00be2ec0,387,ParametricEQEffect_Constructor,between PKStringsCHeapString and PKDataReadCWindow,named,,,
00be3050,27,ScalarDeletingDtor_00be3050,between PKStringsCHeapString and PKDataReadCWindow,scalar deleting destructor,,,
00be30a0,102,WindowsACM_CreateCodecInstance,between PKStringsCHeapString and PKDataReadCWindow,named,,,
00be3130,18,Dtor_00be3130,between PKStringsCHeapString and PKDataReadCWindow,destructor,,,
00be3150,118,CCodecDescriptor_WindowsACM_Constructor,between PKStringsCHeapString and PKDataReadCWindow,named,,,
00be31d0,27,ScalarDeletingDtor_00be31d0,between PKStringsCHeapString and PKDataReadCWindow,scalar deleting destructor,,,
00be3220,102,WMA_CreateCodecInstance,between PKStringsCHeapString and PKDataReadCWindow,named,,,
00be32b0,18,Dtor_00be32b0,between PKStringsCHeapString and PKDataReadCWindow,destructor,,,
00be32d0,118,CCodecDescriptor_WMA_Constructor,between PKStringsCHeapString and PKDataReadCWindow,named,,,
00be3350,27,ScalarDeletingDtor_00be3350,between PKStringsCHeapString and PKDataReadCWindow,scalar deleting destructor,,,
00be3380,65,FUN_00be3380,between PKStringsCHeapString and PKDataReadCWindow,unclassified,,,
00be33d0,15,FUN_00be33d0,between PKStringsCHeapString and PKDataReadCWindow,unclassified,,,
00be33e0,15,FUN_00be33e0,between PKStringsCHeapString and PKDataReadCWindow,unclassified,,,
00be3410,164,FUN_00be3410,between PKStringsCHeapString and PKDataReadCWindow,unclassified,,,
00be34c0,809,FUN_00be34c0,between PKStringsCHeapString and PKDataReadCWindow,unclassified,,,
00be37f0,2241,FUN_00be37f0,between PKStringsCHeapString and PKDataReadCWindow,unclassified,,,
00be40c0,38,FUN_00be40c0,between PKStringsCHeapString and PKDataReadCWindow,unclassified,,,
00be40f0,283,FUN_00be40f0,between PKStringsCHeapString and PKDataReadCWindow,unclassified,,,
00be4220,16,FUN_00be4220,between PKStringsCHeapString and PKDataReadCWindow,unclassified,,,
00be4240,78,FUN_00be4240,between PKStringsCHeapString and PKDataReadCWindow,has assertion,,,
00be4290,90,FUN_00be4290,between PKStringsCHeapString and PKDataReadCWindow,has assertion,,,
00be4300,171,FUN_00be4300,between PKStringsCHeapString and PKDataReadCWindow,has assertion,,,
00be4410,121,FUN_00be4410,between PKStringsCHeapString and PKDataReadCWindow,has assertion,,,
00be44d0,78,FUN_00be44d0,between PKStringsCHeapString and PKDataReadCWindow,unclassified,,,
00be4550,30,FUN_00be4550,between PKStringsCHeapString and PKDataReadCWindow,unclassified,,,
00be4570,118,FUN_00be4570,between PKStringsCHeapString and PKDataReadCWindow,unclassified,,,
00be45f0,1293,FUN_00be45f0,between PKStringsCHeapString and PKDataReadCWindow,unclassified,,,
00be4b00,575,FUN_00be4b00,between PKStringsCHeapString and PKDataReadCWindow,unclassified,,,
00be4d40,1059,FUN_00be4d40,between PKStringsCHeapString and PKDataReadCWindow,unclassified,,,
00be5170,108,MPEG2LayerII_CodecInstance_Constructor,between PKStringsCHeapString and PKDataReadCWindow,named,,,
00be51e0,110,Dtor_00be51e0,between PKStringsCHeapString and PKDataReadCWindow,destructor,,,
00be5270,22,FUN_00be5270,between PKStringsCHeapString and PKDataReadCWindow,unclassified,,,
00be5290,609,FUN_00be5290,between PKStringsCHeapString and PKDataReadCWindow,unclassified,,,
00be5500,384,FUN_00be5500,between PKStringsCHeapString and PKDataReadCWindow,unclassified,,,
00be5690,110,FUN_00be5690,between PKStringsCHeapString and PKDataReadCWindow,unclassified,,,
00be57d0,7,SetVtable_00da0f54_00be57d0,between PKStringsCHeapString and PKDataReadCWindow,vtable setter,,,
00be5810,27,ScalarDeletingDtor_00be5810,between PKStringsCHeapString and PKDataReadCWindow,scalar deleting destructor,,,
00be5860,105,FUN_00be5860,between PKStringsCHeapString and PKDataReadCWindow,unclassified,,,
00be58f0,18,Dtor_00be58f0,between PKStringsCHeapString and PKDataReadCWindow,destructor,,,
00be5910,118,CCodecDescriptor_OggVorbis_Constructor,between PKStringsCHeapString and PKDataReadCWindow,named,,,
00be5990,27,ScalarDeletingDtor_00be5990,between PKStringsCHeapString and PKDataReadCWindow,scalar deleting destructor,,,
00be59d0,4,GetField_8_00be59d0,between PKStringsCHeapString and PKDataReadCWindow,field getter,,,
00be59e0,20,FUN_00be59e0,between PKStringsCHeapString and PKDataReadCWindow,unclassified,,,
00be5a00,4,FUN_00be5a00,between PKStringsCHeapString and PKDataReadCWindow,unclassified,,,
00be5a10,75,FUN_00be5a10,between PKStringsCHeapString and PKDataReadCWindow,unclassified,,,
00be5a60,4,GetField_0xc_00be5a60,between PKStringsCHeapString and PKDataReadCWindow,field getter,,,
00be5a70,244,PKDataReadCWindow_InitWhole,PKDataReadCWindow,named,,,
00be5b70,434,PKDataReadCWindow_Init,PKDataReadCWindow,named,,,
00be5d30,256,PKDataReadCWindow_InitCopy,PKDataReadCWindow,named,,,
00be5e30,443,PKDataReadCWindow_InitSubWindow,PKDataReadCWindow,named,,,
00be60b0,23,FUN_00be60b0,PKDataReadCWindow,unclassified,,,
00be60d0,33,FUN_00be60d0,PKDataReadCWindow,unclassified,,,
00be6100,29,FUN_00be6100,PKDataReadCWindow,unclassified,,,
00be6120,281,PKDataReadCWindow_Narrow,PKDataReadCWindow,named,,,
00be6240,226,PKDataReadCWindow_Release,PKDataReadCWindow,named,,,
00be6330,11,FUN_00be6330,between PKDataReadCWindow and PKSerialiseCParser,unclassified,,,
00be6370,11,LH_Archive_IsLoading,between PKDataReadCWindow and PKSerialiseCParser,named,,,
00be6380,18,LH_Archive_InitForLoading,between PKDataReadCWindow and PKSerialiseCParser,named,,,
00be63a0,18,FUN_00be63a0,between PKDataReadCWindow and PKSerialiseCParser,unclassified,,,
00be63c0,198,PKSerialiseCParser_GetReader,PKSerialiseCParser,named,,,
00be6490,200,PKSerialiseCParser_GetWriter,PKSerialiseCParser,named,,,
00be6560,33,LH_Archive_Transfer,between PKSerialiseCParser and PKCThreadManager,named,,,
00be6590,9,LH_Archive_TransferU32,between PKSerialiseCParser and PKCThreadManager,named,,,
00be65a0,9,FUN_00be65a0,between PKSerialiseCParser and PKCThreadManager,unclassified,,,
00be65c0,9,FUN_00be65c0,between PKSerialiseCParser and PKCThreadManager,unclassified,,,
00be65d0,9,FUN_00be65d0,between PKSerialiseCParser and PKCThreadManager,unclassified,,,
00be65e0,9,FUN_00be65e0,between PKSerialiseCParser and PKCThreadManager,unclassified,,,
00be65f0,53,FUN_00be65f0,between PKSerialiseCParser and PKCThreadManager,unclassified,,,
00be66a0,74,Ctor_vt00da119c_00be66a0,between PKSerialiseCParser and PKCThreadManager,constructor,,,
00be6700,87,FUN_00be6700,between PKSerialiseCParser and PKCThreadManager,has assertion,,,
00be6760,27,ScalarDeletingDtor_00be6760,between PKSerialiseCParser and PKCThreadManager,scalar deleting destructor,,,
00be6780,76,Dtor_00be6780,between PKSerialiseCParser and PKCThreadManager,destructor,,,
00be67e0,81,Ctor_vt00da11d8_00be67e0,between PKSerialiseCParser and PKCThreadManager,constructor,,,
00be6850,132,Dtor_00be6850,between PKSerialiseCParser and PKCThreadManager,destructor,,,
00be68e0,42,FUN_00be68e0,between PKSerialiseCParser and PKCThreadManager,unclassified,,,
00be6970,27,ScalarDeletingDtor_00be6970,between PKSerialiseCParser and PKCThreadManager,scalar deleting destructor,,,
00be69a0,88,Ctor_vt00da11f4_00be69a0,between PKSerialiseCParser and PKCThreadManager,constructor,,,
00be6a10,123,FUN_00be6a10,between PKSerialiseCParser and PKCThreadManager,has assertion,,,
00be6cb0,27,ScalarDeletingDtor_00be6cb0,between PKSerialiseCParser and PKCThreadManager,scalar deleting destructor,,,
00be6cd0,76,Dtor_00be6cd0,between PKSerialiseCParser and PKCThreadManager,destructor,,,
00be6d20,98,FUN_00be6d20,between PKSerialiseCParser and PKCThreadManager,unclassified,,,
00be6d90,81,Ctor_vt00da1258_00be6d90,between PKSerialiseCParser and PKCThreadManager,constructor,,,
00be6e70,111,FUN_00be6e70,between PKSerialiseCParser and PKCThreadManager,has assertion,,,
00be6ee0,173,Dtor_00be6ee0,between PKSerialiseCParser and PKCThreadManager,destructor,,,
00be6ff0,27,ScalarDeletingDtor_00be6ff0,between PKSerialiseCParser and PKCThreadManager,scalar deleting destructor,,,
00be7010,7,SetVtable_00da1370_00be7010,between PKSerialiseCParser and PKCThreadManager,vtable setter,,,
00be7050,4,FUN_00be7050,between PKSerialiseCParser and PKCThreadManager,unclassified,,,
00be7070,20,FUN_00be7070,between PKSerialiseCParser and PKCThreadManager,unclassified,,,
00be7090,28,FUN_00be7090,between PKSerialiseCParser and PKCThreadManager,unclassified,,,
00be70b0,7,SetVtable_00da1370_00be70b0,between PKSerialiseCParser and PKCThreadManager,vtable setter,,,
00be70c0,133,FUN_00be70c0,between PKSerialiseCParser and PKCThreadManager,unclassified,,,
00be7150,102,FUN_00be7150,between PKSerialiseCParser and PKCThreadManager,unclassified,?CreatureGeneratorIsDestroyed@CGameScriptInterface@@UBE_NABVCScriptThing@@@Z,size-run,
00be71c0,98,FUN_00be71c0,between PKSerialiseCParser and PKCThreadManager,unclassified,?CreatureGeneratorSetGeneratedCreatureScriptName@CGameScriptInterface@@UBEXABVCScriptThing@@ABVCCharString@@@Z,size-run,
00be7230,98,FUN_00be7230,between PKSerialiseCParser and PKCThreadManager,unclassified,?CreatureGeneratorSetNumTriggers@CGameScriptInterface@@UBEXABVCScriptThing@@J@Z,size-run,
00be72a0,98,FUN_00be72a0,between PKSerialiseCParser and PKCThreadManager,unclassified,?CreatureGeneratorGetNumGeneratedCreatures@CGameScriptInterface@@UBEJABVCScriptThing@@@Z,size-run,
00be7310,98,FUN_00be7310,between PKSerialiseCParser and PKCThreadManager,unclassified,?CreatureGeneratorAreAllCreaturesAlive@CGameScriptInterface@@UBE_NABVCScriptThing@@@Z,size-run,
00be7380,94,FUN_00be7380,between PKSerialiseCParser and PKCThreadManager,unclassified,?CreatureGeneratorAddTriggerer@CGameScriptInterface@@UBEXABVCScriptThing@@0@Z,size-run,
00be73e0,94,FUN_00be73e0,between PKSerialiseCParser and PKCThreadManager,unclassified,?CreatureGeneratorRemoveTriggerer@CGameScriptInterface@@UBEXABVCScriptThing@@0@Z,size-run,
00be7440,94,FUN_00be7440,between PKSerialiseCParser and PKCThreadManager,unclassified,?SetCreatureGeneratorEnabled@CGameScriptInterface@@UBEXABVCScriptThing@@_N@Z,size-run,
00be74a0,94,FUN_00be74a0,between PKSerialiseCParser and PKCThreadManager,unclassified,,,
00be7500,94,FUN_00be7500,between PKSerialiseCParser and PKCThreadManager,unclassified,,,
00be7560,96,FUN_00be7560,between PKSerialiseCParser and PKCThreadManager,unclassified,,,
00be75c0,98,FUN_00be75c0,between PKSerialiseCParser and PKCThreadManager,unclassified,,,
00be7630,96,FUN_00be7630,between PKSerialiseCParser and PKCThreadManager,unclassified,,,
00be7690,96,FUN_00be7690,between PKSerialiseCParser and PKCThreadManager,unclassified,,,
00be76f0,201,FUN_00be76f0,between PKSerialiseCParser and PKCThreadManager,has assertion,,,
00be77c0,94,FUN_00be77c0,between PKSerialiseCParser and PKCThreadManager,unclassified,?EntitySetDeathContainerAsEnabled@CGameScriptInterface@@UBEXABVCScriptThing@@_N@Z,size-run,
00be7820,102,FUN_00be7820,between PKSerialiseCParser and PKCThreadManager,unclassified,?CreatureGeneratorTrigger@CGameScriptInterface@@UBEXABVCScriptThing@@@Z,size-run,
00be7890,97,FUN_00be7890,between PKSerialiseCParser and PKCThreadManager,unclassified,?CreatureGeneratorSetAlwaysCreateCreaturesOnTrigger@CGameScriptInterface@@UBEXABVCScriptThing@@_N@Z,size-run,
00be7900,97,FUN_00be7900,between PKSerialiseCParser and PKCThreadManager,unclassified,?CreatureGeneratorIsDepleted@CGameScriptInterface@@UBE_NABVCScriptThing@@@Z,size-run,
00be7970,97,FUN_00be7970,between PKSerialiseCParser and PKCThreadManager,unclassified,,,
00be79e0,97,FUN_00be79e0,between PKSerialiseCParser and PKCThreadManager,unclassified,,,
00be7a50,97,FUN_00be7a50,between PKSerialiseCParser and PKCThreadManager,unclassified,,,
00be7ac0,97,FUN_00be7ac0,between PKSerialiseCParser and PKCThreadManager,unclassified,,,
00be7b30,97,FUN_00be7b30,between PKSerialiseCParser and PKCThreadManager,unclassified,?GetDistanceHeroCanBeHeardFrom@CGameScriptInterface@@UBEMXZ,size-run,
00be7ba0,97,FUN_00be7ba0,between PKSerialiseCParser and PKCThreadManager,unclassified,?GetHeroRoughExperienceLevel@CGameScriptInterface@@UBEJXZ,size-run,
00be7c10,97,FUN_00be7c10,between PKSerialiseCParser and PKCThreadManager,unclassified,?GetHeroExperienceAvailableToSpend@CGameScriptInterface@@UBEJXZ,size-run,
00be7c80,97,FUN_00be7c80,between PKSerialiseCParser and PKCThreadManager,unclassified,?GetHeroFatness@CGameScriptInterface@@UBEMXZ,size-run,
00be7cf0,97,FUN_00be7cf0,between PKSerialiseCParser and PKCThreadManager,unclassified,?GetHeroScariness@CGameScriptInterface@@UBEMXZ,size-run,
00be7d60,97,FUN_00be7d60,between PKSerialiseCParser and PKCThreadManager,unclassified,?GetHeroAttractiveness@CGameScriptInterface@@UBEMXZ,size-run,
00be7dd0,97,FUN_00be7dd0,between PKSerialiseCParser and PKCThreadManager,unclassified,?GetHeroWillEnergyLevel@CGameScriptInterface@@UBEMXZ,size-run,
00be7e40,117,FUN_00be7e40,between PKSerialiseCParser and PKCThreadManager,unclassified,?SetHeroWillEnergyLevel@CGameScriptInterface@@UBEXM@Z,size-run,
00be7ec0,97,FUN_00be7ec0,between PKSerialiseCParser and PKCThreadManager,unclassified,,,
00be7f30,70,Ctor_vt00da1428_00be7f30,between PKSerialiseCParser and PKCThreadManager,constructor,,,
00be7f80,1158,FUN_00be7f80,between PKSerialiseCParser and PKCThreadManager,has assertion,,,
00be8490,22,FUN_00be8490,between PKSerialiseCParser and PKCThreadManager,unclassified,,,
00be84b0,27,ScalarDeletingDtor_00be84b0,between PKSerialiseCParser and PKCThreadManager,scalar deleting destructor,,,
00be84d0,22,FUN_00be84d0,between PKSerialiseCParser and PKCThreadManager,unclassified,,,
00be84f0,41,FUN_00be84f0,between PKSerialiseCParser and PKCThreadManager,unclassified,,,
00be8520,207,PKCAutoDeleteMe_Release_00be8520,between PKSerialiseCParser and PKCThreadManager,named,,,
00be85f0,198,PKCAutoDeleteMe_Get_00be85f0,between PKSerialiseCParser and PKCThreadManager,named,,,
00be86c0,11,FUN_00be86c0,between PKSerialiseCParser and PKCThreadManager,unclassified,,,
00be86d0,10,FUN_00be86d0,between PKSerialiseCParser and PKCThreadManager,unclassified,,,
00be86e0,7,FUN_00be86e0,between PKSerialiseCParser and PKCThreadManager,unclassified,?IsToFaceTarget@CCreatureAction_GenericFireProjectileWeapon@@UBE_NXZ,size-run,
00be86f0,7,FUN_00be86f0,between PKSerialiseCParser and PKCThreadManager,unclassified,?GetIsToFaceTargetCone@CCreatureAction_GenericFireProjectileWeapon@@UBEMXZ,size-run,
00be8700,7,FUN_00be8700,between PKSerialiseCParser and PKCThreadManager,unclassified,C3DAnimationUtil,size-run,
00be8720,31,FUN_00be8720,between PKSerialiseCParser and PKCThreadManager,unclassified,C3DAnimationUtil,size-run,
00be8740,4,FUN_00be8740,between PKSerialiseCParser and PKCThreadManager,unclassified,?IsUsingAnimationMovement@CCreatureAction_NymphGetHitDie@@UBE_NXZ,size-run,
00be8750,33,FUN_00be8750,between PKSerialiseCParser and PKCThreadManager,unclassified,CCreatureAction_BanditKingStuckGetHit,size-run,
00be8780,10,FUN_00be8780,between PKSerialiseCParser and PKCThreadManager,unclassified,,,
00be8790,5,FUN_00be8790,between PKSerialiseCParser and PKCThreadManager,unclassified,,,
00be87a0,5,FUN_00be87a0,between PKSerialiseCParser and PKCThreadManager,unclassified,,,
00be87b0,7,SetVtable_00da14e0_00be87b0,between PKSerialiseCParser and PKCThreadManager,vtable setter,,,
00be87c0,27,ScalarDeletingDtor_00be87c0,between PKSerialiseCParser and PKCThreadManager,scalar deleting destructor,,,
00be87f0,10,FUN_00be87f0,between PKSerialiseCParser and PKCThreadManager,unclassified,,,
00be8810,4,FUN_00be8810,between PKSerialiseCParser and PKCThreadManager,unclassified,,,
00be8830,84,Ctor_vt00da1508_00be8830,between PKSerialiseCParser and PKCThreadManager,constructor,,,
00be88b0,136,FUN_00be88b0,between PKSerialiseCParser and PKCThreadManager,unclassified,,,
00be8940,102,FUN_00be8940,between PKSerialiseCParser and PKCThreadManager,unclassified,,,
00be89b0,168,FUN_00be89b0,between PKSerialiseCParser and PKCThreadManager,unclassified,,,
00be8a60,180,FUN_00be8a60,between PKSerialiseCParser and PKCThreadManager,unclassified,,,
00be8b20,63,LH_Array_SetAt_00be8b20,between PKSerialiseCParser and PKCThreadManager,array helper,,,
00be8b60,43,LH_Array_SetFilledSize_00be8b60,between PKSerialiseCParser and PKCThreadManager,array helper,,,
00be8b90,13,FUN_00be8b90,between PKSerialiseCParser and PKCThreadManager,unclassified,,,
00be8ba0,73,LH_Array_FreeBuffer_00be8ba0,between PKSerialiseCParser and PKCThreadManager,array helper,,,
00be8c00,67,FUN_00be8c00,between PKSerialiseCParser and PKCThreadManager,unclassified,,,
00be8c50,153,LH_Array_Reserve_00be8c50,between PKSerialiseCParser and PKCThreadManager,array helper,,,
00be8d10,39,FUN_00be8d10,between PKSerialiseCParser and PKCThreadManager,unclassified,,,
00be8da0,152,FUN_00be8da0,between PKSerialiseCParser and PKCThreadManager,unclassified,,,
00be8e40,12,FUN_00be8e40,between PKSerialiseCParser and PKCThreadManager,unclassified,,,
00be8e50,5,LH_Array_FreeBuffer_00be8e50,between PKSerialiseCParser and PKCThreadManager,array helper,,,
00be8e70,80,Dtor_00be8e70,between PKSerialiseCParser and PKCThreadManager,destructor,,,
00be8ec0,72,FUN_00be8ec0,between PKSerialiseCParser and PKCThreadManager,unclassified,,,
00be8f10,38,FUN_00be8f10,between PKSerialiseCParser and PKCThreadManager,unclassified,,,
00be8f40,14,Dtor_00be8f40,between PKSerialiseCParser and PKCThreadManager,destructor,,,
00be8f50,27,ScalarDeletingDtor_00be8f50,between PKSerialiseCParser and PKCThreadManager,scalar deleting destructor,,,
00be8f70,27,ScalarDeletingDtor_00be8f70,between PKSerialiseCParser and PKCThreadManager,scalar deleting destructor,,,
00be8f90,43,LH_Map_GetObject_00be8f90,between PKSerialiseCParser and PKCThreadManager,container helper,,,
00be8fc0,214,LH_SortedArray_FindIndex_00be8fc0,between PKSerialiseCParser and PKCThreadManager,array helper,,,
00be90a0,49,FUN_00be90a0,between PKSerialiseCParser and PKCThreadManager,unclassified,,,
00be90e0,106,LH_Sort_Compare_00be90e0,between PKSerialiseCParser and PKCThreadManager,named,,,
00be9150,72,FUN_00be9150,between PKSerialiseCParser and PKCThreadManager,unclassified,,,
00be91a0,95,LH_Sort_Compare_00be91a0,between PKSerialiseCParser and PKCThreadManager,named,,,
00be9210,98,FUN_00be9210,between PKSerialiseCParser and PKCThreadManager,unclassified,,,
00be92a0,171,LH_Sort_PushHeap_00be92a0,between PKSerialiseCParser and PKCThreadManager,named,,,
00be9360,28,FUN_00be9360,between PKSerialiseCParser and PKCThreadManager,unclassified,,,
00be9380,29,FUN_00be9380,between PKSerialiseCParser and PKCThreadManager,unclassified,,,
00be93a0,69,FUN_00be93a0,between PKSerialiseCParser and PKCThreadManager,unclassified,,,
00be93f0,156,FUN_00be93f0,between PKSerialiseCParser and PKCThreadManager,unclassified,,,
00be94b0,171,FUN_00be94b0,between PKSerialiseCParser and PKCThreadManager,has assertion,,,
00be9590,8,FUN_00be9590,between PKSerialiseCParser and PKCThreadManager,unclassified,,,
00be95b0,25,FUN_00be95b0,between PKSerialiseCParser and PKCThreadManager,unclassified,,,
00be95d0,8,FUN_00be95d0,between PKSerialiseCParser and PKCThreadManager,unclassified,,,
00be95e0,817,LH_Sort_UnguardedPartition_00be95e0,between PKSerialiseCParser and PKCThreadManager,named,,,
00be9920,276,LH_Sort_InsertionSort_00be9920,between PKSerialiseCParser and PKCThreadManager,named,,,
00be9a40,60,FUN_00be9a40,between PKSerialiseCParser and PKCThreadManager,unclassified,,,
00be9ab0,45,LH_Container_AddObject_00be9ab0,between PKSerialiseCParser and PKCThreadManager,container helper,,,
00be9ae0,51,LH_Array_AdoptRequireEmpty_00be9ae0,between PKSerialiseCParser and PKCThreadManager,array helper,,,
00be9b20,51,LH_Array_AdoptRequireEmpty_00be9b20,between PKSerialiseCParser and PKCThreadManager,array helper,,,
00be9bc0,83,Ctor_vt00da1500_00be9bc0,between PKSerialiseCParser and PKCThreadManager,constructor,,,
00be9c20,83,Ctor_vt00da1504_00be9c20,between PKSerialiseCParser and PKCThreadManager,constructor,,,
00be9c80,70,FUN_00be9c80,between PKSerialiseCParser and PKCThreadManager,unclassified,,,
00be9cd0,232,FUN_00be9cd0,between PKSerialiseCParser and PKCThreadManager,unclassified,,,
00be9de0,36,FUN_00be9de0,between PKSerialiseCParser and PKCThreadManager,unclassified,,,
00be9e10,43,LH_Array_SortAndVerifyUnique_00be9e10,between PKSerialiseCParser and PKCThreadManager,array helper,,,
00be9e40,55,LH_Array_CopySorted_00be9e40,between PKSerialiseCParser and PKCThreadManager,array helper,,,
00be9e80,55,LH_Array_CopySorted_00be9e80,between PKSerialiseCParser and PKCThreadManager,array helper,,,
00be9ef0,4,GetField_8_00be9ef0,between PKSerialiseCParser and PKCThreadManager,field getter,,,
00be9f00,32,FUN_00be9f00,between PKSerialiseCParser and PKCThreadManager,unclassified,,,
00be9f30,29,Ctor_vt00da150c_00be9f30,between PKSerialiseCParser and PKCThreadManager,constructor,,,
00be9f50,118,FUN_00be9f50,between PKSerialiseCParser and PKCThreadManager,has assertion,,,
00be9fd0,53,FUN_00be9fd0,between PKSerialiseCParser and PKCThreadManager,unclassified,,,
00bea010,196,FUN_00bea010,between PKSerialiseCParser and PKCThreadManager,has assertion,,,
00bea0e0,92,Ctor_vt00da150c_00bea0e0,between PKSerialiseCParser and PKCThreadManager,constructor,,,
00bea140,79,Dtor_00bea140,between PKSerialiseCParser and PKCThreadManager,destructor,,,
00bea190,27,ScalarDeletingDtor_00bea190,between PKSerialiseCParser and PKCThreadManager,scalar deleting destructor,,,
00bea1b0,27,ScalarDeletingDtor_00bea1b0,between PKSerialiseCParser and PKCThreadManager,scalar deleting destructor,,,
00bea1f0,58,FUN_00bea1f0,between PKSerialiseCParser and PKCThreadManager,unclassified,,,
00bea230,138,FUN_00bea230,between PKSerialiseCParser and PKCThreadManager,unclassified,,,
00bea2c0,11,FUN_00bea2c0,between PKSerialiseCParser and PKCThreadManager,unclassified,,,
00bea2d0,90,FUN_00bea2d0,between PKSerialiseCParser and PKCThreadManager,unclassified,,,
00bea330,26,FUN_00bea330,between PKSerialiseCParser and PKCThreadManager,unclassified,,,
00bea350,27,FUN_00bea350,between PKSerialiseCParser and PKCThreadManager,unclassified,,,
00bea370,53,FUN_00bea370,between PKSerialiseCParser and PKCThreadManager,unclassified,,,
00bea3b0,133,FUN_00bea3b0,between PKSerialiseCParser and PKCThreadManager,unclassified,,,
00bea440,177,FUN_00bea440,between PKSerialiseCParser and PKCThreadManager,unclassified,,,
00bea500,48,FUN_00bea500,between PKSerialiseCParser and PKCThreadManager,unclassified,,,
00bea530,558,FUN_00bea530,between PKSerialiseCParser and PKCThreadManager,unclassified,,,
00bea760,403,FUN_00bea760,between PKSerialiseCParser and PKCThreadManager,unclassified,,,
00bea900,78,FUN_00bea900,between PKSerialiseCParser and PKCThreadManager,unclassified,,,
00bea950,70,FUN_00bea950,between PKSerialiseCParser and PKCThreadManager,unclassified,,,
00bea9a0,70,FUN_00bea9a0,between PKSerialiseCParser and PKCThreadManager,unclassified,,,
00beaa00,34,FUN_00beaa00,between PKSerialiseCParser and PKCThreadManager,unclassified,,,
00beaa30,29,FUN_00beaa30,between PKSerialiseCParser and PKCThreadManager,unclassified,,,
00beaa50,39,FUN_00beaa50,between PKSerialiseCParser and PKCThreadManager,unclassified,,,
00beaa80,163,FUN_00beaa80,between PKSerialiseCParser and PKCThreadManager,unclassified,,,
00beab30,199,FUN_00beab30,between PKSerialiseCParser and PKCThreadManager,unclassified,,,
00beac00,119,FUN_00beac00,between PKSerialiseCParser and PKCThreadManager,unclassified,,,
00beac80,48,FUN_00beac80,between PKSerialiseCParser and PKCThreadManager,unclassified,,,
00beacb0,48,FUN_00beacb0,between PKSerialiseCParser and PKCThreadManager,unclassified,,,
00beace0,211,FUN_00beace0,between PKSerialiseCParser and PKCThreadManager,unclassified,,,
00beadc0,189,FUN_00beadc0,between PKSerialiseCParser and PKCThreadManager,unclassified,,,
00beae80,48,FUN_00beae80,between PKSerialiseCParser and PKCThreadManager,unclassified,,,
00beaeb0,27,ScalarDeletingDtor_00beaeb0,between PKSerialiseCParser and PKCThreadManager,scalar deleting destructor,,,
00beaed0,27,ScalarDeletingDtor_00beaed0,between PKSerialiseCParser and PKCThreadManager,scalar deleting destructor,,,
00beaf00,27,ScalarDeletingDtor_00beaf00,between PKSerialiseCParser and PKCThreadManager,scalar deleting destructor,,,
00beafe0,12,FUN_00beafe0,between PKSerialiseCParser and PKCThreadManager,unclassified,,,
00beb000,12,FUN_00beb000,between PKSerialiseCParser and PKCThreadManager,unclassified,,,
00beb020,12,FUN_00beb020,between PKSerialiseCParser and PKCThreadManager,unclassified,,,
00beb0d0,23,FUN_00beb0d0,between PKSerialiseCParser and PKCThreadManager,unclassified,,,
00beb0f0,26,FUN_00beb0f0,between PKSerialiseCParser and PKCThreadManager,unclassified,,,
00beb300,14,Dtor_00beb300,between PKSerialiseCParser and PKCThreadManager,destructor,,,
00beb3a0,14,Dtor_00beb3a0,between PKSerialiseCParser and PKCThreadManager,destructor,,,
00beb410,14,Dtor_00beb410,between PKSerialiseCParser and PKCThreadManager,destructor,,,
00beb480,23,FUN_00beb480,between PKSerialiseCParser and PKCThreadManager,unclassified,,,
00beb4a0,26,FUN_00beb4a0,between PKSerialiseCParser and PKCThreadManager,unclassified,,,
00beb530,47,FUN_00beb530,between PKSerialiseCParser and PKCThreadManager,unclassified,,,
00beb560,62,FUN_00beb560,between PKSerialiseCParser and PKCThreadManager,unclassified,,,
00beb5d0,21,Ctor_vt00da15c4_00beb5d0,between PKSerialiseCParser and PKCThreadManager,constructor,,,
00beb5f0,21,Ctor_vt00da15ec_00beb5f0,between PKSerialiseCParser and PKCThreadManager,constructor,,,
00beb610,21,Ctor_vt00da1614_00beb610,between PKSerialiseCParser and PKCThreadManager,constructor,,,
00beb630,27,ScalarDeletingDtor_00beb630,between PKSerialiseCParser and PKCThreadManager,scalar deleting destructor,,,
00beb650,27,ScalarDeletingDtor_00beb650,between PKSerialiseCParser and PKCThreadManager,scalar deleting destructor,,,
00beb670,27,ScalarDeletingDtor_00beb670,between PKSerialiseCParser and PKCThreadManager,scalar deleting destructor,,,
00beb690,14,Dtor_00beb690,between PKSerialiseCParser and PKCThreadManager,destructor,,,
00beb6c0,14,Dtor_00beb6c0,between PKSerialiseCParser and PKCThreadManager,destructor,,,
00beb6f0,14,Dtor_00beb6f0,between PKSerialiseCParser and PKCThreadManager,destructor,,,
00beb720,366,PKCAutoDelete_Set_00beb720,between PKSerialiseCParser and PKCThreadManager,named,,,
00beb890,207,PKCAutoDelete_Release_00beb890,between PKSerialiseCParser and PKCThreadManager,named,,,
00beb960,366,PKCAutoDelete_Set_00beb960,between PKSerialiseCParser and PKCThreadManager,named,,,
00bebad0,47,FUN_00bebad0,between PKSerialiseCParser and PKCThreadManager,unclassified,,,
00bebb00,47,FUN_00bebb00,between PKSerialiseCParser and PKCThreadManager,unclassified,,,
00bebb30,27,Ctor_vt00da163c_00bebb30,between PKSerialiseCParser and PKCThreadManager,constructor,,,
00bebb50,27,Ctor_vt00da1664_00bebb50,between PKSerialiseCParser and PKCThreadManager,constructor,,,
00bebb70,27,Ctor_vt00da168c_00bebb70,between PKSerialiseCParser and PKCThreadManager,constructor,,,
00bebb90,27,ScalarDeletingDtor_00bebb90,between PKSerialiseCParser and PKCThreadManager,scalar deleting destructor,,,
00bebbb0,27,ScalarDeletingDtor_00bebbb0,between PKSerialiseCParser and PKCThreadManager,scalar deleting destructor,,,
00bebbd0,27,ScalarDeletingDtor_00bebbd0,between PKSerialiseCParser and PKCThreadManager,scalar deleting destructor,,,
00bebc00,24,FUN_00bebc00,between PKSerialiseCParser and PKCThreadManager,unclassified,,,
00bebc20,210,FUN_00bebc20,between PKSerialiseCParser and PKCThreadManager,unclassified,,,
00bebd40,18,FUN_00bebd40,between PKSerialiseCParser and PKCThreadManager,unclassified,,,
00bebd60,18,FUN_00bebd60,between PKSerialiseCParser and PKCThreadManager,unclassified,,,
00bebd80,61,FUN_00bebd80,between PKSerialiseCParser and PKCThreadManager,unclassified,,,
00bebdc0,74,FUN_00bebdc0,between PKSerialiseCParser and PKCThreadManager,unclassified,,,
00bebe10,91,FUN_00bebe10,between PKSerialiseCParser and PKCThreadManager,unclassified,,,
00bebe70,107,FUN_00bebe70,between PKSerialiseCParser and PKCThreadManager,unclassified,,,
00bebee0,97,FUN_00bebee0,between PKSerialiseCParser and PKCThreadManager,unclassified,,,
00bebf50,97,FUN_00bebf50,between PKSerialiseCParser and PKCThreadManager,unclassified,,,
00bebfd0,12,FUN_00bebfd0,between PKSerialiseCParser and PKCThreadManager,unclassified,,,
00bebff0,12,FUN_00bebff0,between PKSerialiseCParser and PKCThreadManager,unclassified,,,
00bec050,7,SetVtable_00d9f9dc_00bec050,between PKSerialiseCParser and PKCThreadManager,vtable setter,,,
00bec120,7,SetVtable_00da16b4_00bec120,between PKSerialiseCParser and PKCThreadManager,vtable setter,,,
00bec130,27,ScalarDeletingDtor_00bec130,between PKSerialiseCParser and PKCThreadManager,scalar deleting destructor,,,
00bec170,7,SetVtable_00da16b4_00bec170,between PKSerialiseCParser and PKCThreadManager,vtable setter,,,
00bec180,27,ScalarDeletingDtor_00bec180,between PKSerialiseCParser and PKCThreadManager,scalar deleting destructor,,,
00bec1c0,14,Dtor_00bec1c0,between PKSerialiseCParser and PKCThreadManager,destructor,,,
00bec260,14,Dtor_00bec260,between PKSerialiseCParser and PKCThreadManager,destructor,,,
00bec310,27,ScalarDeletingDtor_00bec310,between PKSerialiseCParser and PKCThreadManager,scalar deleting destructor,,,
00bec330,21,Ctor_vt00da1714_00bec330,between PKSerialiseCParser and PKCThreadManager,constructor,,,
00bec350,21,Ctor_vt00da173c_00bec350,between PKSerialiseCParser and PKCThreadManager,constructor,CSBAgents,size-run,
00bec370,27,ScalarDeletingDtor_00bec370,between PKSerialiseCParser and PKCThreadManager,scalar deleting destructor,`vector_deleting_destructor',size-run,
00bec390,27,ScalarDeletingDtor_00bec390,between PKSerialiseCParser and PKCThreadManager,scalar deleting destructor,CBase,size-run,
00bec3b0,14,Dtor_00bec3b0,between PKSerialiseCParser and PKCThreadManager,destructor,InformOfEvent,size-run,
00bec3c0,14,Dtor_00bec3c0,between PKSerialiseCParser and PKCThreadManager,destructor,InformOfEvent,size-run,
00bec3d0,73,FUN_00bec3d0,between PKSerialiseCParser and PKCThreadManager,unclassified,~CScriptDefinitionManager,size-run,
00bec420,27,Ctor_vt00da176c_00bec420,between PKSerialiseCParser and PKCThreadManager,constructor,,,
00bec440,27,Ctor_vt00da1794_00bec440,between PKSerialiseCParser and PKCThreadManager,constructor,,,
00bec460,27,ScalarDeletingDtor_00bec460,between PKSerialiseCParser and PKCThreadManager,scalar deleting destructor,,,
00bec480,27,ScalarDeletingDtor_00bec480,between PKSerialiseCParser and PKCThreadManager,scalar deleting destructor,,,
00bec4b0,7,SetVtable_00da17bc_00bec4b0,between PKSerialiseCParser and PKCThreadManager,vtable setter,,,
00bec4f0,91,FUN_00bec4f0,between PKSerialiseCParser and PKCThreadManager,unclassified,,,
00bec550,262,FUN_00bec550,between PKSerialiseCParser and PKCThreadManager,unclassified,,,
00bec660,127,FUN_00bec660,between PKSerialiseCParser and PKCThreadManager,unclassified,,,
00bec6e0,117,FUN_00bec6e0,between PKSerialiseCParser and PKCThreadManager,unclassified,,,
00bec760,207,FUN_00bec760,between PKSerialiseCParser and PKCThreadManager,unclassified,,,
00bec830,259,FUN_00bec830,between PKSerialiseCParser and PKCThreadManager,unclassified,,,
00bec940,94,FUN_00bec940,between PKSerialiseCParser and PKCThreadManager,unclassified,,,
00bec9a0,132,FUN_00bec9a0,between PKSerialiseCParser and PKCThreadManager,unclassified,,,
00beca30,155,Dtor_00beca30,between PKSerialiseCParser and PKCThreadManager,destructor,,,
00becad0,87,FUN_00becad0,between PKSerialiseCParser and PKCThreadManager,unclassified,,,
00becb30,126,Ctor_vt00da1868_00becb30,between PKSerialiseCParser and PKCThreadManager,constructor,,,
00becbd0,12,FUN_00becbd0,between PKSerialiseCParser and PKCThreadManager,unclassified,,,
00becc50,7,SetVtable_00d9f9dc_00becc50,between PKSerialiseCParser and PKCThreadManager,vtable setter,,,
00becc60,3,FUN_00becc60,between PKSerialiseCParser and PKCThreadManager,unclassified,,,
00becc80,7,SetVtable_00da17dc_00becc80,between PKSerialiseCParser and PKCThreadManager,vtable setter,,,
00becc90,27,ScalarDeletingDtor_00becc90,between PKSerialiseCParser and PKCThreadManager,scalar deleting destructor,,,
00becd70,14,Dtor_00becd70,between PKSerialiseCParser and PKCThreadManager,destructor,,,
00bece60,27,ScalarDeletingDtor_00bece60,between PKSerialiseCParser and PKCThreadManager,scalar deleting destructor,,,
00bece80,21,Ctor_vt00da1810_00bece80,between PKSerialiseCParser and PKCThreadManager,constructor,,,
00becea0,27,ScalarDeletingDtor_00becea0,between PKSerialiseCParser and PKCThreadManager,scalar deleting destructor,,,
00becec0,14,Dtor_00becec0,between PKSerialiseCParser and PKCThreadManager,destructor,,,
00beced0,73,FUN_00beced0,between PKSerialiseCParser and PKCThreadManager,unclassified,,,
00becf20,27,Ctor_vt00da1840_00becf20,between PKSerialiseCParser and PKCThreadManager,constructor,,,
00becf40,27,ScalarDeletingDtor_00becf40,between PKSerialiseCParser and PKCThreadManager,scalar deleting destructor,,,
00becf70,27,ScalarDeletingDtor_00becf70,between PKSerialiseCParser and PKCThreadManager,scalar deleting destructor,,,
00becf90,1,FUN_00becf90,between PKSerialiseCParser and PKCThreadManager,unclassified,,,
00becfa0,9,FUN_00becfa0,between PKSerialiseCParser and PKCThreadManager,unclassified,,,
00becfd0,24,FUN_00becfd0,between PKSerialiseCParser and PKCThreadManager,unclassified,,,
00becff0,24,FUN_00becff0,between PKSerialiseCParser and PKCThreadManager,unclassified,,,
00bed010,30,FUN_00bed010,between PKSerialiseCParser and PKCThreadManager,unclassified,,,
00bed030,20,FUN_00bed030,between PKSerialiseCParser and PKCThreadManager,unclassified,,,
00bed050,10,FUN_00bed050,between PKSerialiseCParser and PKCThreadManager,unclassified,,,
00bed080,40,FUN_00bed080,between PKSerialiseCParser and PKCThreadManager,unclassified,,,
00bed0b0,17,FUN_00bed0b0,between PKSerialiseCParser and PKCThreadManager,unclassified,,,
00bed0e0,4,GetField_8_00bed0e0,between PKSerialiseCParser and PKCThreadManager,field getter,,,
00bed0f0,44,FUN_00bed0f0,between PKSerialiseCParser and PKCThreadManager,unclassified,,,
00bed120,37,Dtor_00bed120,between PKSerialiseCParser and PKCThreadManager,destructor,,,
00bed150,232,PKCThreadManager_ThreadProc,PKCThreadManager,named,,,
00bed240,272,PKCThreadManager_StartThread,PKCThreadManager,named,,,
00bed360,128,FUN_00bed360,between PKCThreadManager and PKCTimerManager,unclassified,,,
00bed3e0,107,FUN_00bed3e0,between PKCThreadManager and PKCTimerManager,unclassified,,,
00bed450,94,FUN_00bed450,between PKCThreadManager and PKCTimerManager,unclassified,,,
00bed4b0,97,FUN_00bed4b0,between PKCThreadManager and PKCTimerManager,unclassified,,,
00bed520,94,FUN_00bed520,between PKCThreadManager and PKCTimerManager,unclassified,,,
00bed580,90,FUN_00bed580,between PKCThreadManager and PKCTimerManager,unclassified,,,
00bed5e0,98,FUN_00bed5e0,between PKCThreadManager and PKCTimerManager,unclassified,,,
00bed6f0,247,FUN_00bed6f0,between PKCThreadManager and PKCTimerManager,unclassified,,,
00bed7f0,11,FUN_00bed7f0,between PKCThreadManager and PKCTimerManager,unclassified,,,
00bed800,95,Ctor_vt00da192c_00bed800,between PKCThreadManager and PKCTimerManager,constructor,,,
00bed860,31,Dtor_00bed860,between PKCThreadManager and PKCTimerManager,destructor,,,
00bed930,41,FUN_00bed930,between PKCThreadManager and PKCTimerManager,unclassified,Creature_GetWeaponSlotFromState,body,0.85
00bed970,29,FUN_00bed970,between PKCThreadManager and PKCTimerManager,unclassified,,,
00bed9a0,44,FUN_00bed9a0,between PKCThreadManager and PKCTimerManager,unclassified,,,
00bed9f0,21,FUN_00bed9f0,between PKCThreadManager and PKCTimerManager,unclassified,,,
00beda10,38,FUN_00beda10,between PKCThreadManager and PKCTimerManager,unclassified,Thiscall_ValidateInventoryRange,body,0.73
00beda40,118,Dtor_00beda40,between PKCThreadManager and PKCTimerManager,destructor,,,
00bedac0,13,FUN_00bedac0,between PKCThreadManager and PKCTimerManager,unclassified,,,
00bedad0,70,FUN_00bedad0,between PKCThreadManager and PKCTimerManager,unclassified,,,
00bedb20,100,FUN_00bedb20,between PKCThreadManager and PKCTimerManager,unclassified,,,
00bedb90,45,FUN_00bedb90,between PKCThreadManager and PKCTimerManager,unclassified,,,
00bedbc0,52,FUN_00bedbc0,between PKCThreadManager and PKCTimerManager,unclassified,,,
00bedc00,97,FUN_00bedc00,between PKCThreadManager and PKCTimerManager,unclassified,,,
00bedc70,47,FUN_00bedc70,between PKCThreadManager and PKCTimerManager,unclassified,,,
00bedca0,41,FUN_00bedca0,between PKCThreadManager and PKCTimerManager,unclassified,,,
00bedcd0,41,FUN_00bedcd0,between PKCThreadManager and PKCTimerManager,unclassified,,,
00bedd00,44,FUN_00bedd00,between PKCThreadManager and PKCTimerManager,unclassified,,,
00bedd30,41,FUN_00bedd30,between PKCThreadManager and PKCTimerManager,unclassified,,,
00bedd60,46,FUN_00bedd60,between PKCThreadManager and PKCTimerManager,unclassified,,,
00bedd90,41,FUN_00bedd90,between PKCThreadManager and PKCTimerManager,unclassified,,,
00beddc0,18,FUN_00beddc0,between PKCThreadManager and PKCTimerManager,unclassified,,,
00bedde0,41,FUN_00bedde0,between PKCThreadManager and PKCTimerManager,unclassified,IsStateStreaming_2to4,body,0.72
00bede10,21,FUN_00bede10,between PKCThreadManager and PKCTimerManager,unclassified,,,
00bede30,21,FUN_00bede30,between PKCThreadManager and PKCTimerManager,unclassified,,,
00bee030,713,FUN_00bee030,between PKCThreadManager and PKCTimerManager,unclassified,,,
00bee330,33,FUN_00bee330,between PKCThreadManager and PKCTimerManager,unclassified,,,
00bee360,28,FUN_00bee360,between PKCThreadManager and PKCTimerManager,unclassified,,,
00bee380,49,FUN_00bee380,between PKCThreadManager and PKCTimerManager,unclassified,,,
00bee3d0,24,FUN_00bee3d0,between PKCThreadManager and PKCTimerManager,unclassified,,,
00bee3f0,211,FUN_00bee3f0,between PKCThreadManager and PKCTimerManager,unclassified,,,
00bee4d0,254,FUN_00bee4d0,between PKCThreadManager and PKCTimerManager,unclassified,,,
00bee5d0,218,Ctor_vt00da1958_00bee5d0,between PKCThreadManager and PKCTimerManager,constructor,,,
00bee6b0,42,FUN_00bee6b0,between PKCThreadManager and PKCTimerManager,unclassified,,,
00bee6e0,88,FUN_00bee6e0,between PKCThreadManager and PKCTimerManager,unclassified,,,
00bee740,64,FUN_00bee740,between PKCThreadManager and PKCTimerManager,unclassified,,,
00bee780,42,FUN_00bee780,between PKCThreadManager and PKCTimerManager,unclassified,,,
00bee7b0,115,FUN_00bee7b0,between PKCThreadManager and PKCTimerManager,unclassified,,,
00bee830,102,FUN_00bee830,between PKCThreadManager and PKCTimerManager,unclassified,,,
00bee8a0,35,FUN_00bee8a0,between PKCThreadManager and PKCTimerManager,unclassified,,,
00bee8d0,74,FUN_00bee8d0,between PKCThreadManager and PKCTimerManager,unclassified,,,
00bee920,40,FUN_00bee920,between PKCThreadManager and PKCTimerManager,unclassified,,,
00bee950,273,FUN_00bee950,between PKCThreadManager and PKCTimerManager,unclassified,,,
00beea70,60,FUN_00beea70,between PKCThreadManager and PKCTimerManager,unclassified,,,
00beeae0,157,FUN_00beeae0,between PKCThreadManager and PKCTimerManager,unclassified,,,
00beeba0,103,FUN_00beeba0,between PKCThreadManager and PKCTimerManager,has assertion,,,
00beec10,175,FUN_00beec10,between PKCThreadManager and PKCTimerManager,unclassified,,,
00beecc0,705,FUN_00beecc0,between PKCThreadManager and PKCTimerManager,unclassified,,,
00beef90,41,FUN_00beef90,between PKCThreadManager and PKCTimerManager,unclassified,,,
00beefc0,34,FUN_00beefc0,between PKCThreadManager and PKCTimerManager,unclassified,,,
00beeff0,205,FUN_00beeff0,between PKCThreadManager and PKCTimerManager,unclassified,,,
00bef0c0,597,FUN_00bef0c0,between PKCThreadManager and PKCTimerManager,unclassified,,,
00bef3d0,96,FUN_00bef3d0,between PKCThreadManager and PKCTimerManager,unclassified,,,
00bef490,27,ScalarDeletingDtor_00bef490,between PKCThreadManager and PKCTimerManager,scalar deleting destructor,,,
00bef5a0,7,SetVtable_00da1b28_00bef5a0,between PKCThreadManager and PKCTimerManager,vtable setter,,,
00bef5e0,8,FUN_00bef5e0,between PKCThreadManager and PKCTimerManager,unclassified,,,
00bef5f0,25,FUN_00bef5f0,between PKCThreadManager and PKCTimerManager,unclassified,,,
00bef610,139,FUN_00bef610,between PKCThreadManager and PKCTimerManager,unclassified,,,
00bef750,8,FUN_00bef750,between PKCThreadManager and PKCTimerManager,unclassified,,,
00bef760,32,FUN_00bef760,between PKCThreadManager and PKCTimerManager,unclassified,,,
00bef780,23,FUN_00bef780,between PKCThreadManager and PKCTimerManager,unclassified,,,
00bef7a0,23,FUN_00bef7a0,between PKCThreadManager and PKCTimerManager,unclassified,,,
00bef7c0,23,FUN_00bef7c0,between PKCThreadManager and PKCTimerManager,unclassified,,,
00bef7e0,34,FUN_00bef7e0,between PKCThreadManager and PKCTimerManager,unclassified,,,
00bef810,31,FUN_00bef810,between PKCThreadManager and PKCTimerManager,unclassified,,,
00bef830,107,FUN_00bef830,between PKCThreadManager and PKCTimerManager,unclassified,,,
00bef8a0,89,FUN_00bef8a0,between PKCThreadManager and PKCTimerManager,unclassified,,,
00bef900,99,FUN_00bef900,between PKCThreadManager and PKCTimerManager,unclassified,,,
00bef970,87,FUN_00bef970,between PKCThreadManager and PKCTimerManager,unclassified,,,
00bef9d0,521,FUN_00bef9d0,between PKCThreadManager and PKCTimerManager,unclassified,,,
00befbf0,23,FUN_00befbf0,between PKCThreadManager and PKCTimerManager,unclassified,,,
00befc10,8,FUN_00befc10,between PKCThreadManager and PKCTimerManager,unclassified,,,
00befc20,8,FUN_00befc20,between PKCThreadManager and PKCTimerManager,unclassified,,,
00befc30,647,FUN_00befc30,between PKCThreadManager and PKCTimerManager,unclassified,,,
00beff10,7,SetVtable_00da1b28_00beff10,between PKCThreadManager and PKCTimerManager,vtable setter,,,
00beff20,80,FUN_00beff20,between PKCThreadManager and PKCTimerManager,unclassified,,,
00beff70,96,FUN_00beff70,between PKCThreadManager and PKCTimerManager,unclassified,,,
00beffd0,77,FUN_00beffd0,between PKCThreadManager and PKCTimerManager,unclassified,,,
00bf0020,96,FUN_00bf0020,between PKCThreadManager and PKCTimerManager,unclassified,,,
00bf0080,77,FUN_00bf0080,between PKCThreadManager and PKCTimerManager,unclassified,,,
00bf00d0,96,FUN_00bf00d0,between PKCThreadManager and PKCTimerManager,unclassified,,,
00bf0130,12,FUN_00bf0130,between PKCThreadManager and PKCTimerManager,unclassified,,,
00bf0150,12,FUN_00bf0150,between PKCThreadManager and PKCTimerManager,unclassified,,,
00bf0170,12,FUN_00bf0170,between PKCThreadManager and PKCTimerManager,unclassified,,,
00bf0190,12,FUN_00bf0190,between PKCThreadManager and PKCTimerManager,unclassified,,,
00bf01b0,12,FUN_00bf01b0,between PKCThreadManager and PKCTimerManager,unclassified,,,
00bf01d0,12,FUN_00bf01d0,between PKCThreadManager and PKCTimerManager,unclassified,,,
00bf01f0,12,FUN_00bf01f0,between PKCThreadManager and PKCTimerManager,unclassified,,,
00bf0210,12,FUN_00bf0210,between PKCThreadManager and PKCTimerManager,unclassified,`vector_deleting_destructor',size-run,
00bf0230,78,FUN_00bf0230,between PKCThreadManager and PKCTimerManager,unclassified,"~CPredicate_And<NScript::CIsThingAlive,NScript::CIsVariableFalse>",size-run,
00bf0280,12,FUN_00bf0280,between PKCThreadManager and PKCTimerManager,unclassified,`vector_deleting_destructor',size-run,
00bf02a0,12,FUN_00bf02a0,between PKCThreadManager and PKCTimerManager,unclassified,`vector_deleting_destructor',size-run,
00bf02c0,12,FUN_00bf02c0,between PKCThreadManager and PKCTimerManager,unclassified,`vector_deleting_destructor',size-run,
00bf02e0,12,FUN_00bf02e0,between PKCThreadManager and PKCTimerManager,unclassified,`vector_deleting_destructor',size-run,
00bf0300,27,ScalarDeletingDtor_00bf0300,between PKCThreadManager and PKCTimerManager,scalar deleting destructor,,,
00bf03d0,76,FUN_00bf03d0,between PKCThreadManager and PKCTimerManager,unclassified,,,
00bf0420,76,FUN_00bf0420,between PKCThreadManager and PKCTimerManager,unclassified,,,
00bf0470,76,FUN_00bf0470,between PKCThreadManager and PKCTimerManager,unclassified,,,
00bf04c0,76,FUN_00bf04c0,between PKCThreadManager and PKCTimerManager,unclassified,,,
00bf0990,27,ScalarDeletingDtor_00bf0990,between PKCThreadManager and PKCTimerManager,scalar deleting destructor,,,
00bf09b0,14,Dtor_00bf09b0,between PKCThreadManager and PKCTimerManager,destructor,,,
00bf0a20,14,Dtor_00bf0a20,between PKCThreadManager and PKCTimerManager,destructor,,,
00bf0a90,14,Dtor_00bf0a90,between PKCThreadManager and PKCTimerManager,destructor,,,
00bf0b00,14,Dtor_00bf0b00,between PKCThreadManager and PKCTimerManager,destructor,,,
00bf0b70,14,Dtor_00bf0b70,between PKCThreadManager and PKCTimerManager,destructor,,,
00bf0be0,14,Dtor_00bf0be0,between PKCThreadManager and PKCTimerManager,destructor,,,
00bf0c70,14,Dtor_00bf0c70,between PKCThreadManager and PKCTimerManager,destructor,,,
00bf0d20,14,Dtor_00bf0d20,between PKCThreadManager and PKCTimerManager,destructor,,,
00bf0dc0,14,Dtor_00bf0dc0,between PKCThreadManager and PKCTimerManager,destructor,,,
00bf0e40,14,Dtor_00bf0e40,between PKCThreadManager and PKCTimerManager,destructor,,,
00bf0ec0,14,Dtor_00bf0ec0,between PKCThreadManager and PKCTimerManager,destructor,,,
00bf0f60,14,Dtor_00bf0f60,between PKCThreadManager and PKCTimerManager,destructor,,,
00bf0ff0,21,Ctor_vt00da1ce8_00bf0ff0,between PKCThreadManager and PKCTimerManager,constructor,,,
00bf1010,21,Ctor_vt00da1d10_00bf1010,between PKCThreadManager and PKCTimerManager,constructor,,,
00bf1030,21,Ctor_vt00da1d38_00bf1030,between PKCThreadManager and PKCTimerManager,constructor,,,
00bf1050,21,Ctor_vt00da1d60_00bf1050,between PKCThreadManager and PKCTimerManager,constructor,,,
00bf1070,21,Ctor_vt00da1d88_00bf1070,between PKCThreadManager and PKCTimerManager,constructor,,,
00bf1090,21,Ctor_vt00da1db0_00bf1090,between PKCThreadManager and PKCTimerManager,constructor,,,
00bf10b0,21,Ctor_vt00da1dd8_00bf10b0,between PKCThreadManager and PKCTimerManager,constructor,,,
00bf10d0,21,Ctor_vt00da1e00_00bf10d0,between PKCThreadManager and PKCTimerManager,constructor,,,
00bf10f0,21,Ctor_vt00da1e28_00bf10f0,between PKCThreadManager and PKCTimerManager,constructor,,,
00bf1110,21,Ctor_vt00da1e50_00bf1110,between PKCThreadManager and PKCTimerManager,constructor,,,
00bf1130,21,Ctor_vt00da1e78_00bf1130,between PKCThreadManager and PKCTimerManager,constructor,,,
00bf1150,21,Ctor_vt00da1ea0_00bf1150,between PKCThreadManager and PKCTimerManager,constructor,,,
00bf1170,27,ScalarDeletingDtor_00bf1170,between PKCThreadManager and PKCTimerManager,scalar deleting destructor,,,
00bf1190,27,ScalarDeletingDtor_00bf1190,between PKCThreadManager and PKCTimerManager,scalar deleting destructor,,,
00bf11b0,27,ScalarDeletingDtor_00bf11b0,between PKCThreadManager and PKCTimerManager,scalar deleting destructor,,,
00bf11d0,27,ScalarDeletingDtor_00bf11d0,between PKCThreadManager and PKCTimerManager,scalar deleting destructor,,,
00bf11f0,27,ScalarDeletingDtor_00bf11f0,between PKCThreadManager and PKCTimerManager,scalar deleting destructor,,,
00bf1210,27,ScalarDeletingDtor_00bf1210,between PKCThreadManager and PKCTimerManager,scalar deleting destructor,,,
00bf1230,27,ScalarDeletingDtor_00bf1230,between PKCThreadManager and PKCTimerManager,scalar deleting destructor,,,
00bf1250,27,ScalarDeletingDtor_00bf1250,between PKCThreadManager and PKCTimerManager,scalar deleting destructor,,,
00bf1270,27,ScalarDeletingDtor_00bf1270,between PKCThreadManager and PKCTimerManager,scalar deleting destructor,,,
00bf1290,27,ScalarDeletingDtor_00bf1290,between PKCThreadManager and PKCTimerManager,scalar deleting destructor,,,
00bf12b0,27,ScalarDeletingDtor_00bf12b0,between PKCThreadManager and PKCTimerManager,scalar deleting destructor,,,
00bf12d0,27,ScalarDeletingDtor_00bf12d0,between PKCThreadManager and PKCTimerManager,scalar deleting destructor,,,
00bf12f0,260,PKAllocatorsRunTime_Free_00bf12f0,between PKCThreadManager and PKCTimerManager,named,,,
00bf1400,258,PKAllocatorsRunTime_Free_00bf1400,between PKCThreadManager and PKCTimerManager,named,,,
00bf1510,260,PKAllocatorsRunTime_Free_00bf1510,between PKCThreadManager and PKCTimerManager,named,,,
00bf1620,14,Dtor_00bf1620,between PKCThreadManager and PKCTimerManager,destructor,,,
00bf1650,14,Dtor_00bf1650,between PKCThreadManager and PKCTimerManager,destructor,,,
00bf1660,14,Dtor_00bf1660,between PKCThreadManager and PKCTimerManager,destructor,,,
00bf1670,14,Dtor_00bf1670,between PKCThreadManager and PKCTimerManager,destructor,,,
00bf1680,14,Dtor_00bf1680,between PKCThreadManager and PKCTimerManager,destructor,,,
00bf1690,14,Dtor_00bf1690,between PKCThreadManager and PKCTimerManager,destructor,,,
00bf16a0,14,Dtor_00bf16a0,between PKCThreadManager and PKCTimerManager,destructor,,,
00bf16b0,14,Dtor_00bf16b0,between PKCThreadManager and PKCTimerManager,destructor,,,
00bf16c0,14,Dtor_00bf16c0,between PKCThreadManager and PKCTimerManager,destructor,,,
00bf16d0,14,Dtor_00bf16d0,between PKCThreadManager and PKCTimerManager,destructor,,,
00bf16e0,14,Dtor_00bf16e0,between PKCThreadManager and PKCTimerManager,destructor,,,
00bf16f0,14,Dtor_00bf16f0,between PKCThreadManager and PKCTimerManager,destructor,,,
00bf1700,27,Ctor_vt00da1f00_00bf1700,between PKCThreadManager and PKCTimerManager,constructor,,,
00bf1720,27,Ctor_vt00da1f28_00bf1720,between PKCThreadManager and PKCTimerManager,constructor,,,
00bf1740,27,Ctor_vt00da1f50_00bf1740,between PKCThreadManager and PKCTimerManager,constructor,,,
00bf1760,27,Ctor_vt00da1f78_00bf1760,between PKCThreadManager and PKCTimerManager,constructor,,,
00bf1780,27,Ctor_vt00da1fa0_00bf1780,between PKCThreadManager and PKCTimerManager,constructor,,,
00bf17a0,27,Ctor_vt00da1fc8_00bf17a0,between PKCThreadManager and PKCTimerManager,constructor,,,
00bf17c0,27,Ctor_vt00da1ff0_00bf17c0,between PKCThreadManager and PKCTimerManager,constructor,,,
00bf17e0,27,Ctor_vt00da2018_00bf17e0,between PKCThreadManager and PKCTimerManager,constructor,,,
00bf1800,27,Ctor_vt00da2040_00bf1800,between PKCThreadManager and PKCTimerManager,constructor,,,
00bf1820,27,Ctor_vt00da2068_00bf1820,between PKCThreadManager and PKCTimerManager,constructor,,,
00bf1840,27,Ctor_vt00da2090_00bf1840,between PKCThreadManager and PKCTimerManager,constructor,,,
00bf1860,27,Ctor_vt00da20b8_00bf1860,between PKCThreadManager and PKCTimerManager,constructor,,,
00bf1880,27,ScalarDeletingDtor_00bf1880,between PKCThreadManager and PKCTimerManager,scalar deleting destructor,,,
00bf18a0,27,ScalarDeletingDtor_00bf18a0,between PKCThreadManager and PKCTimerManager,scalar deleting destructor,,,
00bf18c0,27,ScalarDeletingDtor_00bf18c0,between PKCThreadManager and PKCTimerManager,scalar deleting destructor,,,
00bf18e0,27,ScalarDeletingDtor_00bf18e0,between PKCThreadManager and PKCTimerManager,scalar deleting destructor,,,
00bf1900,27,ScalarDeletingDtor_00bf1900,between PKCThreadManager and PKCTimerManager,scalar deleting destructor,,,
00bf1920,27,ScalarDeletingDtor_00bf1920,between PKCThreadManager and PKCTimerManager,scalar deleting destructor,,,
00bf1940,27,ScalarDeletingDtor_00bf1940,between PKCThreadManager and PKCTimerManager,scalar deleting destructor,,,
00bf1960,27,ScalarDeletingDtor_00bf1960,between PKCThreadManager and PKCTimerManager,scalar deleting destructor,,,
00bf1980,27,ScalarDeletingDtor_00bf1980,between PKCThreadManager and PKCTimerManager,scalar deleting destructor,,,
00bf19a0,27,ScalarDeletingDtor_00bf19a0,between PKCThreadManager and PKCTimerManager,scalar deleting destructor,,,
00bf19c0,27,ScalarDeletingDtor_00bf19c0,between PKCThreadManager and PKCTimerManager,scalar deleting destructor,,,
00bf19e0,27,ScalarDeletingDtor_00bf19e0,between PKCThreadManager and PKCTimerManager,scalar deleting destructor,,,
00bf1a20,27,FUN_00bf1a20,between PKCThreadManager and PKCTimerManager,unclassified,,,
00bf1a40,57,FUN_00bf1a40,between PKCThreadManager and PKCTimerManager,unclassified,,,
00bf1ab0,31,FUN_00bf1ab0,between PKCThreadManager and PKCTimerManager,unclassified,,,
00bf1b00,151,FUN_00bf1b00,between PKCThreadManager and PKCTimerManager,unclassified,Math_Vector3Normalize,body,0.72
00bf1ba0,52,FUN_00bf1ba0,between PKCThreadManager and PKCTimerManager,unclassified,,,
00bf1c20,33,FUN_00bf1c20,between PKCThreadManager and PKCTimerManager,unclassified,Math_Vector3Length,body,1.00
00bf1c90,33,FUN_00bf1c90,between PKCThreadManager and PKCTimerManager,unclassified,,,
00bf1cc0,33,FUN_00bf1cc0,between PKCThreadManager and PKCTimerManager,unclassified,,,
00bf1d50,8,FUN_00bf1d50,between PKCThreadManager and PKCTimerManager,unclassified,,,
00bf1d70,5,FUN_00bf1d70,between PKCThreadManager and PKCTimerManager,unclassified,,,
00bf1dc0,39,FUN_00bf1dc0,between PKCThreadManager and PKCTimerManager,unclassified,,,
00bf1df0,36,FUN_00bf1df0,between PKCThreadManager and PKCTimerManager,unclassified,,,
00bf1e30,297,PKCTimerManager_Ctor,PKCTimerManager,named,,,
00bf1f60,27,ScalarDeletingDtor_00bf1f60,between PKCTimerManager and PKDiskBufferingCReader,scalar deleting destructor,,,
00bf1fd0,1,FUN_00bf1fd0,between PKCTimerManager and PKDiskBufferingCReader,unclassified,Close,size-run,
00bf1fe0,37,FUN_00bf1fe0,between PKCTimerManager and PKDiskBufferingCReader,unclassified,SetAsKeyboardKeyHeld,size-run,
00bf2010,44,FUN_00bf2010,between PKCTimerManager and PKDiskBufferingCReader,unclassified,SetAsKeyboardKeyHeld,size-run,
00bf2040,37,FUN_00bf2040,between PKCTimerManager and PKDiskBufferingCReader,unclassified,SetAsKeyboardKeyHeld,size-run,
00bf2070,44,FUN_00bf2070,between PKCTimerManager and PKDiskBufferingCReader,unclassified,SetAsLeftMouseButtonPressed,size-run,
00bf20a0,36,FUN_00bf20a0,between PKCTimerManager and PKDiskBufferingCReader,unclassified,SetAsKeyboardKeyHeld,size-run,
00bf20d0,310,FUN_00bf20d0,between PKCTimerManager and PKDiskBufferingCReader,unclassified,,,
00bf2210,143,FUN_00bf2210,between PKCTimerManager and PKDiskBufferingCReader,unclassified,,,
00bf22a0,120,FUN_00bf22a0,between PKCTimerManager and PKDiskBufferingCReader,unclassified,,,
00bf2320,121,FUN_00bf2320,between PKCTimerManager and PKDiskBufferingCReader,unclassified,,,
00bf23a0,19,FUN_00bf23a0,between PKCTimerManager and PKDiskBufferingCReader,unclassified,,,
00bf23c0,211,FUN_00bf23c0,between PKCTimerManager and PKDiskBufferingCReader,unclassified,,,
00bf24a0,124,FUN_00bf24a0,between PKCTimerManager and PKDiskBufferingCReader,unclassified,,,
00bf2520,228,FUN_00bf2520,between PKCTimerManager and PKDiskBufferingCReader,unclassified,,,
00bf2610,153,FUN_00bf2610,between PKCTimerManager and PKDiskBufferingCReader,unclassified,,,
00bf2720,22,FUN_00bf2720,between PKCTimerManager and PKDiskBufferingCReader,unclassified,IsAngry,size-run,
00bf2740,21,FUN_00bf2740,between PKCTimerManager and PKDiskBufferingCReader,unclassified,FreeBuffer,size-run,
00bf2760,35,FUN_00bf2760,between PKCTimerManager and PKDiskBufferingCReader,unclassified,Thiscall_ScaleArrayElement_0x11,size-run,0.17
00bf2790,35,FUN_00bf2790,between PKCTimerManager and PKDiskBufferingCReader,unclassified,Thiscall_ScaleArrayElement_0x12,size-run,0.17
00bf27c0,10,FUN_00bf27c0,between PKCTimerManager and PKDiskBufferingCReader,unclassified,AddExclusiveObserver,size-run,
00bf27d0,1,FUN_00bf27d0,between PKCTimerManager and PKDiskBufferingCReader,unclassified,$E2,size-run,
00bf27e0,90,FUN_00bf27e0,between PKCTimerManager and PKDiskBufferingCReader,unclassified,C3DMeshFileTransformationChunk_UpdateAngle,size-run,0.67
00bf2840,56,FUN_00bf2840,between PKCTimerManager and PKDiskBufferingCReader,unclassified,Radius_ApplyModifiers,size-run,0.69
00bf2880,163,FUN_00bf2880,between PKCTimerManager and PKDiskBufferingCReader,unclassified,HeroWorksInBrothel_UpdateAnim,size-run,0.69
00bf2930,23,FUN_00bf2930,between PKCTimerManager and PKDiskBufferingCReader,unclassified,ConstructString,size-run,
00bf2950,72,FUN_00bf2950,between PKCTimerManager and PKDiskBufferingCReader,unclassified,CWideString_ConstructFromResourceId,size-run,0.11
00bf29a0,481,FUN_00bf29a0,between PKCTimerManager and PKDiskBufferingCReader,unclassified,,,
00bf2b90,25,FUN_00bf2b90,between PKCTimerManager and PKDiskBufferingCReader,unclassified,,,
00bf2bb0,28,FUN_00bf2bb0,between PKCTimerManager and PKDiskBufferingCReader,unclassified,,,
00bf2bd0,23,FUN_00bf2bd0,between PKCTimerManager and PKDiskBufferingCReader,unclassified,CAtmosProcess,size-run,
00bf2bf0,26,FUN_00bf2bf0,between PKCTimerManager and PKDiskBufferingCReader,unclassified,TransferOut,size-run,
00bf2c10,26,FUN_00bf2c10,between PKCTimerManager and PKDiskBufferingCReader,unclassified,SetAsPumpCombatActions,size-run,
00bf2c30,23,FUN_00bf2c30,between PKCTimerManager and PKDiskBufferingCReader,unclassified,TransferOut,size-run,
00bf2c50,26,FUN_00bf2c50,between PKCTimerManager and PKDiskBufferingCReader,unclassified,SetAsPumpCombatActions,size-run,
00bf2c70,23,FUN_00bf2c70,between PKCTimerManager and PKDiskBufferingCReader,unclassified,"bind2nd<std::greater<long>,long>",size-run,
00bf2c90,23,FUN_00bf2c90,between PKCTimerManager and PKDiskBufferingCReader,unclassified,SetAsPumpCombatActions,size-run,
00bf2cb0,23,FUN_00bf2cb0,between PKCTimerManager and PKDiskBufferingCReader,unclassified,SetAsPumpCombatActions,size-run,
00bf2cd0,26,FUN_00bf2cd0,between PKCTimerManager and PKDiskBufferingCReader,unclassified,SetAsPumpCombatActions,size-run,
00bf2cf0,26,FUN_00bf2cf0,between PKCTimerManager and PKDiskBufferingCReader,unclassified,"bind2nd<std::greater<long>,long>",size-run,
00bf2d90,23,FUN_00bf2d90,between PKCTimerManager and PKDiskBufferingCReader,unclassified,"bind2nd<std::greater<long>,long>",size-run,
00bf2db0,41,FUN_00bf2db0,between PKCTimerManager and PKDiskBufferingCReader,unclassified,,,
00bf2de0,457,FUN_00bf2de0,between PKCTimerManager and PKDiskBufferingCReader,unclassified,,,
00bf3030,7,FUN_00bf3030,between PKCTimerManager and PKDiskBufferingCReader,unclassified,,,
00bf3040,7,FUN_00bf3040,between PKCTimerManager and PKDiskBufferingCReader,unclassified,,,
00bf3050,6,FUN_00bf3050,between PKCTimerManager and PKDiskBufferingCReader,unclassified,,,
00bf3060,7,FUN_00bf3060,between PKCTimerManager and PKDiskBufferingCReader,unclassified,,,
00bf3070,25,FUN_00bf3070,between PKCTimerManager and PKDiskBufferingCReader,unclassified,,,
00bf3090,39,FUN_00bf3090,between PKCTimerManager and PKDiskBufferingCReader,has assertion,,,
00bf30d0,211,FUN_00bf30d0,between PKCTimerManager and PKDiskBufferingCReader,unclassified,,,
00bf31b0,8,FUN_00bf31b0,between PKCTimerManager and PKDiskBufferingCReader,unclassified,,,
00bf3220,13,FUN_00bf3220,between PKCTimerManager and PKDiskBufferingCReader,unclassified,,,
00bf3230,48,FUN_00bf3230,between PKCTimerManager and PKDiskBufferingCReader,unclassified,,,
00bf3260,101,FUN_00bf3260,between PKCTimerManager and PKDiskBufferingCReader,has assertion,,,
00bf32d0,101,FUN_00bf32d0,between PKCTimerManager and PKDiskBufferingCReader,has assertion,SetAnimationMemoryPool,size-run,
00bf3340,51,FUN_00bf3340,between PKCTimerManager and PKDiskBufferingCReader,unclassified,GetItemDescription,size-run,
00bf3380,13,FUN_00bf3380,between PKCTimerManager and PKDiskBufferingCReader,unclassified,?PerformAction@CCreatureAction_CastTimeSpell@@UAEXXZ,size-run,
00bf3390,7,FUN_00bf3390,between PKCTimerManager and PKDiskBufferingCReader,unclassified,?PerformAction@CCreatureAction_BuildUpTimeSpell@@UAEXXZ,size-run,
00bf33a0,7,FUN_00bf33a0,between PKCTimerManager and PKDiskBufferingCReader,unclassified,?PerformAction@CCreatureAction_ReleaseTimeSpell@@UAEXXZ,size-run,
00bf33b0,13,FUN_00bf33b0,between PKCTimerManager and PKDiskBufferingCReader,unclassified,?IsToCauseRecoil@CCreatureAction_ReleaseTimeSpell@@UBE_NXZ,size-run,
00bf33c0,30,FUN_00bf33c0,between PKCTimerManager and PKDiskBufferingCReader,unclassified,,,
00bf33e0,7,GetField_0x9c_00bf33e0,between PKCTimerManager and PKDiskBufferingCReader,field getter,,,
00bf33f0,39,FUN_00bf33f0,between PKCTimerManager and PKDiskBufferingCReader,unclassified,,,
00bf3420,39,FUN_00bf3420,between PKCTimerManager and PKDiskBufferingCReader,unclassified,,,
00bf3450,56,FUN_00bf3450,between PKCTimerManager and PKDiskBufferingCReader,unclassified,,,
00bf3490,36,FUN_00bf3490,between PKCTimerManager and PKDiskBufferingCReader,unclassified,,,
00bf34c0,55,FUN_00bf34c0,between PKCTimerManager and PKDiskBufferingCReader,unclassified,,,
00bf3500,12,FUN_00bf3500,between PKCTimerManager and PKDiskBufferingCReader,unclassified,,,
00bf3510,39,FUN_00bf3510,between PKCTimerManager and PKDiskBufferingCReader,has assertion,,,
00bf3540,39,FUN_00bf3540,between PKCTimerManager and PKDiskBufferingCReader,has assertion,,,
00bf35a0,26,FUN_00bf35a0,between PKCTimerManager and PKDiskBufferingCReader,unclassified,,,
00bf35c0,4,GetField_0x10_00bf35c0,between PKCTimerManager and PKDiskBufferingCReader,field getter,,,
00bf35d0,129,FUN_00bf35d0,between PKCTimerManager and PKDiskBufferingCReader,has assertion,,,
00bf3660,123,FUN_00bf3660,between PKCTimerManager and PKDiskBufferingCReader,unclassified,,,
00bf36e0,126,FUN_00bf36e0,between PKCTimerManager and PKDiskBufferingCReader,unclassified,,,
00bf3760,220,FUN_00bf3760,between PKCTimerManager and PKDiskBufferingCReader,unclassified,,,
00bf3890,20,FUN_00bf3890,between PKCTimerManager and PKDiskBufferingCReader,unclassified,,,
00bf38b0,69,FUN_00bf38b0,between PKCTimerManager and PKDiskBufferingCReader,unclassified,,,
00bf3900,56,FUN_00bf3900,between PKCTimerManager and PKDiskBufferingCReader,unclassified,,,
00bf3940,4,GetField_0x74_00bf3940,between PKCTimerManager and PKDiskBufferingCReader,field getter,,,
00bf3950,22,FUN_00bf3950,between PKCTimerManager and PKDiskBufferingCReader,unclassified,,,
00bf3970,13,FUN_00bf3970,between PKCTimerManager and PKDiskBufferingCReader,unclassified,,,
00bf3990,134,FUN_00bf3990,between PKCTimerManager and PKDiskBufferingCReader,unclassified,,,
00bf3a20,64,FUN_00bf3a20,between PKCTimerManager and PKDiskBufferingCReader,has assertion,,,
00bf3a60,4,FUN_00bf3a60,between PKCTimerManager and PKDiskBufferingCReader,unclassified,CBase,size-run,
00bf3a70,4,FUN_00bf3a70,between PKCTimerManager and PKDiskBufferingCReader,unclassified,CBase,size-run,
00bf3a80,4,FUN_00bf3a80,between PKCTimerManager and PKDiskBufferingCReader,unclassified,CBase,size-run,
00bf3a90,4,GetField_0x68_00bf3a90,between PKCTimerManager and PKDiskBufferingCReader,field getter,CBase,size-run,
00bf3aa0,102,Dtor_00bf3aa0,between PKCTimerManager and PKDiskBufferingCReader,destructor,~CActionParamCCountedPointer<NUISystem::CComponent>,size-run,
00bf3b10,20,FUN_00bf3b10,between PKCTimerManager and PKDiskBufferingCReader,unclassified,IsNewDestinationGoingToResetNavigation,size-run,
00bf3b30,248,FUN_00bf3b30,between PKCTimerManager and PKDiskBufferingCReader,has assertion,,,
00bf3c30,85,FUN_00bf3c30,between PKCTimerManager and PKDiskBufferingCReader,unclassified,,,
00bf3c90,128,FUN_00bf3c90,between PKCTimerManager and PKDiskBufferingCReader,unclassified,,,
00bf3d10,110,FUN_00bf3d10,between PKCTimerManager and PKDiskBufferingCReader,unclassified,,,
00bf3d80,128,FUN_00bf3d80,between PKCTimerManager and PKDiskBufferingCReader,unclassified,,,
00bf3e00,956,FUN_00bf3e00,between PKCTimerManager and PKDiskBufferingCReader,has assertion,,,
00bf41c0,218,FUN_00bf41c0,between PKCTimerManager and PKDiskBufferingCReader,unclassified,,,
00bf42a0,49,FUN_00bf42a0,between PKCTimerManager and PKDiskBufferingCReader,has assertion,,,
00bf42e0,66,FUN_00bf42e0,between PKCTimerManager and PKDiskBufferingCReader,has assertion,,,
00bf4330,52,FUN_00bf4330,between PKCTimerManager and PKDiskBufferingCReader,has assertion,,,
00bf4370,30,FUN_00bf4370,between PKCTimerManager and PKDiskBufferingCReader,unclassified,,,
00bf43b0,27,ScalarDeletingDtor_00bf43b0,between PKCTimerManager and PKDiskBufferingCReader,scalar deleting destructor,,,
00bf4450,22,FUN_00bf4450,between PKCTimerManager and PKDiskBufferingCReader,unclassified,,,
00bf4570,22,FUN_00bf4570,between PKCTimerManager and PKDiskBufferingCReader,unclassified,,,
00bf4590,258,PKAllocatorsLinkTime_Free_00bf4590,between PKCTimerManager and PKDiskBufferingCReader,named,,,
00bf46b0,29,FUN_00bf46b0,between PKCTimerManager and PKDiskBufferingCReader,unclassified,,,
00bf46d0,10,FUN_00bf46d0,between PKCTimerManager and PKDiskBufferingCReader,unclassified,,,
00bf46e0,115,Ctor_vt00da2168_00bf46e0,between PKCTimerManager and PKDiskBufferingCReader,constructor,,,
00bf4760,109,Dtor_00bf4760,between PKCTimerManager and PKDiskBufferingCReader,destructor,,,
00bf47d0,58,FUN_00bf47d0,between PKCTimerManager and PKDiskBufferingCReader,has assertion,,,
00bf4810,66,FUN_00bf4810,between PKCTimerManager and PKDiskBufferingCReader,has assertion,,,
00bf4860,82,FUN_00bf4860,between PKCTimerManager and PKDiskBufferingCReader,has assertion,,,
00bf48c0,82,FUN_00bf48c0,between PKCTimerManager and PKDiskBufferingCReader,has assertion,,,
00bf4990,27,ScalarDeletingDtor_00bf4990,between PKCTimerManager and PKDiskBufferingCReader,scalar deleting destructor,,,
00bf4a70,191,FUN_00bf4a70,between PKCTimerManager and PKDiskBufferingCReader,unclassified,,,
00bf4b30,82,Dtor_00bf4b30,between PKCTimerManager and PKDiskBufferingCReader,destructor,,,
00bf4b90,58,FUN_00bf4b90,between PKCTimerManager and PKDiskBufferingCReader,unclassified,,,
00bf4f10,115,Ctor_vt00da2290_00bf4f10,between PKCTimerManager and PKDiskBufferingCReader,constructor,,,
00bf4ff0,27,ScalarDeletingDtor_00bf4ff0,between PKCTimerManager and PKDiskBufferingCReader,scalar deleting destructor,,,
00bf50a0,14,Dtor_00bf50a0,between PKCTimerManager and PKDiskBufferingCReader,destructor,,,
00bf50b0,131,FUN_00bf50b0,between PKCTimerManager and PKDiskBufferingCReader,unclassified,,,
00bf5150,104,FUN_00bf5150,between PKCTimerManager and PKDiskBufferingCReader,unclassified,,,
00bf51c0,97,FUN_00bf51c0,between PKCTimerManager and PKDiskBufferingCReader,unclassified,,,
00bf5230,97,FUN_00bf5230,between PKCTimerManager and PKDiskBufferingCReader,unclassified,,,
00bf52a0,104,FUN_00bf52a0,between PKCTimerManager and PKDiskBufferingCReader,unclassified,,,
00bf53d0,90,FUN_00bf53d0,between PKCTimerManager and PKDiskBufferingCReader,unclassified,,,
00bf54a0,90,FUN_00bf54a0,between PKCTimerManager and PKDiskBufferingCReader,unclassified,,,
00bf5500,137,FUN_00bf5500,between PKCTimerManager and PKDiskBufferingCReader,unclassified,,,
00bf5590,96,FUN_00bf5590,between PKCTimerManager and PKDiskBufferingCReader,unclassified,,,
00bf55f0,118,FUN_00bf55f0,between PKCTimerManager and PKDiskBufferingCReader,unclassified,,,
00bf5670,181,FUN_00bf5670,between PKCTimerManager and PKDiskBufferingCReader,unclassified,,,
00bf5730,32,Ctor_vt00da2308_00bf5730,between PKCTimerManager and PKDiskBufferingCReader,constructor,,,
00bf5750,585,FUN_00bf5750,between PKCTimerManager and PKDiskBufferingCReader,unclassified,,,
00bf5a40,9,FUN_00bf5a40,between PKCTimerManager and PKDiskBufferingCReader,unclassified,,,
00bf5a50,11,FUN_00bf5a50,between PKCTimerManager and PKDiskBufferingCReader,unclassified,,,
00bf5a60,12,FUN_00bf5a60,between PKCTimerManager and PKDiskBufferingCReader,unclassified,,,
00bf5a70,23,FUN_00bf5a70,between PKCTimerManager and PKDiskBufferingCReader,unclassified,,,
00bf5a90,35,FUN_00bf5a90,between PKCTimerManager and PKDiskBufferingCReader,unclassified,,,
00bf5ac0,23,FUN_00bf5ac0,between PKCTimerManager and PKDiskBufferingCReader,unclassified,,,
00bf5ae0,50,FUN_00bf5ae0,between PKCTimerManager and PKDiskBufferingCReader,unclassified,,,
00bf5b20,50,FUN_00bf5b20,between PKCTimerManager and PKDiskBufferingCReader,unclassified,,,
00bf5b60,514,FUN_00bf5b60,between PKCTimerManager and PKDiskBufferingCReader,unclassified,,,
00bf60d0,25,Ctor_vt00da2330_00bf60d0,between PKCTimerManager and PKDiskBufferingCReader,constructor,,,
00bf60f0,11,Dtor_00bf60f0,between PKCTimerManager and PKDiskBufferingCReader,destructor,,,
00bf6100,25,FUN_00bf6100,between PKCTimerManager and PKDiskBufferingCReader,unclassified,,,
00bf6120,105,FUN_00bf6120,between PKCTimerManager and PKDiskBufferingCReader,unclassified,,,
00bf6190,41,FUN_00bf6190,between PKCTimerManager and PKDiskBufferingCReader,unclassified,,,
00bf61e0,27,ScalarDeletingDtor_00bf61e0,between PKCTimerManager and PKDiskBufferingCReader,scalar deleting destructor,,,
00bf62d0,143,FUN_00bf62d0,between PKCTimerManager and PKDiskBufferingCReader,unclassified,CMatrix3x4_RotateYaw,size-run,0.70
00bf6360,142,FUN_00bf6360,between PKCTimerManager and PKDiskBufferingCReader,unclassified,CMatrix3x4_RotateYawSparse,size-run,0.21
00bf6480,200,FUN_00bf6480,between PKCTimerManager and PKDiskBufferingCReader,unclassified,Math_Atan2Normalized,size-run,0.74
00bf65e0,133,FUN_00bf65e0,between PKCTimerManager and PKDiskBufferingCReader,unclassified,SetLocalizationMatrix,size-run,
00bf6770,380,FUN_00bf6770,between PKCTimerManager and PKDiskBufferingCReader,unclassified,ConvertVectorToLocal,size-run,
00bf68f0,398,FUN_00bf68f0,between PKCTimerManager and PKDiskBufferingCReader,unclassified,operator*,size-run,
00bf6a80,257,FUN_00bf6a80,between PKCTimerManager and PKDiskBufferingCReader,unclassified,Matrix_RotateAroundAxis,size-run,0.90
00bf6b90,347,FUN_00bf6b90,between PKCTimerManager and PKDiskBufferingCReader,unclassified,SetInversePositionMatrixFromPositionMatrix,size-run,
00bf6cf0,440,FUN_00bf6cf0,between PKCTimerManager and PKDiskBufferingCReader,unclassified,Matrix_Invert,size-run,0.91
00bf6eb0,32,FUN_00bf6eb0,between PKCTimerManager and PKDiskBufferingCReader,unclassified,"_Dest_val<std::allocator<std::pair<CCharString,CSymbolMap::CSymbolInfo>_>,std::pair<CCharString,CSymbolMap::CSymbolInfo>_>",size-run,
00bf6ed0,122,FUN_00bf6ed0,between PKCTimerManager and PKDiskBufferingCReader,unclassified,,,
00bf6f50,39,FUN_00bf6f50,between PKCTimerManager and PKDiskBufferingCReader,unclassified,,,
00bf6f80,78,FUN_00bf6f80,between PKCTimerManager and PKDiskBufferingCReader,unclassified,,,
00bf6fd0,62,FUN_00bf6fd0,between PKCTimerManager and PKDiskBufferingCReader,unclassified,,,
00bf7010,72,FUN_00bf7010,between PKCTimerManager and PKDiskBufferingCReader,unclassified,,,
00bf7060,50,FUN_00bf7060,between PKCTimerManager and PKDiskBufferingCReader,unclassified,,,
00bf70a0,46,FUN_00bf70a0,between PKCTimerManager and PKDiskBufferingCReader,unclassified,,,
00bf70d0,83,FUN_00bf70d0,between PKCTimerManager and PKDiskBufferingCReader,unclassified,,,
00bf7130,38,FUN_00bf7130,between PKCTimerManager and PKDiskBufferingCReader,unclassified,,,
00bf7170,208,FUN_00bf7170,between PKCTimerManager and PKDiskBufferingCReader,unclassified,,,
00bf7240,18,FUN_00bf7240,between PKCTimerManager and PKDiskBufferingCReader,unclassified,,,
00bf7260,105,Dtor_00bf7260,between PKCTimerManager and PKDiskBufferingCReader,destructor,,,
00bf7350,104,FUN_00bf7350,between PKCTimerManager and PKDiskBufferingCReader,unclassified,,,
00bf73c0,121,FUN_00bf73c0,between PKCTimerManager and PKDiskBufferingCReader,has assertion,,,
00bf7440,181,FUN_00bf7440,between PKCTimerManager and PKDiskBufferingCReader,unclassified,,,
00bf7650,167,FUN_00bf7650,between PKCTimerManager and PKDiskBufferingCReader,unclassified,,,
00bf7700,90,FUN_00bf7700,between PKCTimerManager and PKDiskBufferingCReader,unclassified,,,
00bf77e0,41,FUN_00bf77e0,between PKCTimerManager and PKDiskBufferingCReader,unclassified,,,
00bf7810,237,FUN_00bf7810,between PKCTimerManager and PKDiskBufferingCReader,unclassified,,,
00bf7920,15,FUN_00bf7920,between PKCTimerManager and PKDiskBufferingCReader,unclassified,,,
00bf7930,406,FUN_00bf7930,between PKCTimerManager and PKDiskBufferingCReader,unclassified,,,
00bf7ad0,33,FUN_00bf7ad0,between PKCTimerManager and PKDiskBufferingCReader,unclassified,,,
00bf7b00,14,FUN_00bf7b00,between PKCTimerManager and PKDiskBufferingCReader,unclassified,,,
00bf7b10,33,FUN_00bf7b10,between PKCTimerManager and PKDiskBufferingCReader,unclassified,,,
00bf7b40,32,FUN_00bf7b40,between PKCTimerManager and PKDiskBufferingCReader,unclassified,,,
00bf7b60,15,FUN_00bf7b60,between PKCTimerManager and PKDiskBufferingCReader,unclassified,,,
00bf7b80,135,Dtor_00bf7b80,between PKCTimerManager and PKDiskBufferingCReader,destructor,,,
00bf7c10,549,FUN_00bf7c10,between PKCTimerManager and PKDiskBufferingCReader,has assertion,,,
00bf7ea0,23,FUN_00bf7ea0,between PKCTimerManager and PKDiskBufferingCReader,unclassified,,,
00bf7ec0,27,ScalarDeletingDtor_00bf7ec0,between PKCTimerManager and PKDiskBufferingCReader,scalar deleting destructor,,,
00bf7ef0,23,FUN_00bf7ef0,between PKCTimerManager and PKDiskBufferingCReader,unclassified,,,
00bf7f10,26,FUN_00bf7f10,between PKCTimerManager and PKDiskBufferingCReader,unclassified,,,
00bf7f40,26,FUN_00bf7f40,between PKCTimerManager and PKDiskBufferingCReader,unclassified,,,
00bf7f70,198,PKCAutoDelete_Get_00bf7f70,between PKCTimerManager and PKDiskBufferingCReader,named,,,
00bf8040,366,PKCAutoDelete_Set_00bf8040,between PKCTimerManager and PKDiskBufferingCReader,named,,,
00bf81b0,198,PKCAutoDelete_Get_00bf81b0,between PKCTimerManager and PKDiskBufferingCReader,named,,,
00bf8280,366,PKCAutoDelete_Set_00bf8280,between PKCTimerManager and PKDiskBufferingCReader,named,,,
00bf83f0,306,Ctor_vt00d9f1ec_00bf83f0,between PKCTimerManager and PKDiskBufferingCReader,constructor,,,
00bf8530,74,Ctor_vt00da241c_00bf8530,between PKCTimerManager and PKDiskBufferingCReader,constructor,,,
00bf8580,82,Dtor_00bf8580,between PKCTimerManager and PKDiskBufferingCReader,destructor,,,
00bf86c0,27,ScalarDeletingDtor_00bf86c0,between PKCTimerManager and PKDiskBufferingCReader,scalar deleting destructor,,,
00bf86e0,100,Ctor_vt00da2424_00bf86e0,between PKCTimerManager and PKDiskBufferingCReader,constructor,,,
00bf8750,108,Dtor_00bf8750,between PKCTimerManager and PKDiskBufferingCReader,destructor,,,
00bf88d0,27,ScalarDeletingDtor_00bf88d0,between PKCTimerManager and PKDiskBufferingCReader,scalar deleting destructor,,,
00bf88f0,7,SetVtable_00da242c_00bf88f0,between PKCTimerManager and PKDiskBufferingCReader,vtable setter,,,
00bf89e0,149,Dtor_00bf89e0,between PKCTimerManager and PKDiskBufferingCReader,destructor,,,
00bf8a80,190,Ctor_vt00da2444_00bf8a80,between PKCTimerManager and PKDiskBufferingCReader,constructor,,,
00bf8b50,366,PKCAutoDeleteMe_Set_00bf8b50,between PKCTimerManager and PKDiskBufferingCReader,named,,,
00bf8cc0,27,ScalarDeletingDtor_00bf8cc0,between PKCTimerManager and PKDiskBufferingCReader,scalar deleting destructor,,,
00bf8cf0,89,FUN_00bf8cf0,between PKCTimerManager and PKDiskBufferingCReader,has assertion,,,
00bf8d50,1329,FUN_00bf8d50,between PKCTimerManager and PKDiskBufferingCReader,unclassified,,,
00bf92a0,587,FUN_00bf92a0,between PKCTimerManager and PKDiskBufferingCReader,has assertion,,,
00bf94f0,45,FUN_00bf94f0,between PKCTimerManager and PKDiskBufferingCReader,unclassified,,,
00bf9520,1,FUN_00bf9520,between PKCTimerManager and PKDiskBufferingCReader,unclassified,,,
00bf9530,29,FUN_00bf9530,between PKCTimerManager and PKDiskBufferingCReader,unclassified,,,
00bf9560,63,FUN_00bf9560,between PKCTimerManager and PKDiskBufferingCReader,unclassified,,,
00bf95a0,526,FUN_00bf95a0,between PKCTimerManager and PKDiskBufferingCReader,unclassified,,,
00bf97b0,128,FUN_00bf97b0,between PKCTimerManager and PKDiskBufferingCReader,has assertion,,,
00bf9830,220,FUN_00bf9830,between PKCTimerManager and PKDiskBufferingCReader,unclassified,,,
00bf9910,749,FUN_00bf9910,between PKCTimerManager and PKDiskBufferingCReader,has assertion,,,
00bf9c00,404,FUN_00bf9c00,between PKCTimerManager and PKDiskBufferingCReader,unclassified,,,
00bf9da0,358,FUN_00bf9da0,between PKCTimerManager and PKDiskBufferingCReader,unclassified,,,
00bf9f10,383,FUN_00bf9f10,between PKCTimerManager and PKDiskBufferingCReader,unclassified,,,
00bfa090,405,FUN_00bfa090,between PKCTimerManager and PKDiskBufferingCReader,has assertion,,,
00bfa240,502,FUN_00bfa240,between PKCTimerManager and PKDiskBufferingCReader,has assertion,,,
00bfa440,439,FUN_00bfa440,between PKCTimerManager and PKDiskBufferingCReader,has assertion,,,
00bfa600,1010,FUN_00bfa600,between PKCTimerManager and PKDiskBufferingCReader,has assertion,,,
00bfaa10,701,FUN_00bfaa10,between PKCTimerManager and PKDiskBufferingCReader,unclassified,,,
00bface0,93,FUN_00bface0,between PKCTimerManager and PKDiskBufferingCReader,unclassified,,,
00bfad40,397,FUN_00bfad40,between PKCTimerManager and PKDiskBufferingCReader,unclassified,,,
00bfaed0,15,FUN_00bfaed0,between PKCTimerManager and PKDiskBufferingCReader,unclassified,,,
00bfaf70,18,Ctor_vt00da25d8_00bfaf70,between PKCTimerManager and PKDiskBufferingCReader,constructor,,,
00bfafa0,18,Ctor_vt00da2674_00bfafa0,between PKCTimerManager and PKDiskBufferingCReader,constructor,,,
00bfb030,23,FUN_00bfb030,between PKCTimerManager and PKDiskBufferingCReader,unclassified,,,
00bfb050,12,FUN_00bfb050,between PKCTimerManager and PKDiskBufferingCReader,unclassified,,,
00bfb070,23,FUN_00bfb070,between PKCTimerManager and PKDiskBufferingCReader,unclassified,,,
00bfb0f0,153,LH_Array_Reserve_00bfb0f0,between PKCTimerManager and PKDiskBufferingCReader,array helper,,,
00bfb1b0,4,GetField_8_00bfb1b0,between PKCTimerManager and PKDiskBufferingCReader,field getter,,,
00bfb1c0,49,FUN_00bfb1c0,between PKCTimerManager and PKDiskBufferingCReader,unclassified,,,
00bfb200,55,LH_Array_GetAt_00bfb200,between PKCTimerManager and PKDiskBufferingCReader,array helper,,,
00bfb240,106,LH_Sort_Compare_00bfb240,between PKCTimerManager and PKDiskBufferingCReader,named,,,
00bfb2b0,106,LH_Sort_Compare_00bfb2b0,between PKCTimerManager and PKDiskBufferingCReader,named,,,
00bfb320,95,LH_Sort_Compare_00bfb320,between PKCTimerManager and PKDiskBufferingCReader,named,,,
00bfb380,95,LH_Sort_Compare_00bfb380,between PKCTimerManager and PKDiskBufferingCReader,named,,,
00bfb4a0,95,LH_Sort_Compare_00bfb4a0,between PKCTimerManager and PKDiskBufferingCReader,named,,,
00bfb540,171,LH_Sort_PushHeap_00bfb540,between PKCTimerManager and PKDiskBufferingCReader,named,,,
00bfb5f0,152,FUN_00bfb5f0,between PKCTimerManager and PKDiskBufferingCReader,unclassified,,,
00bfb690,171,LH_Sort_PushHeap_00bfb690,between PKCTimerManager and PKDiskBufferingCReader,named,,,
00bfb740,152,FUN_00bfb740,between PKCTimerManager and PKDiskBufferingCReader,unclassified,,,
00bfb800,171,LH_Sort_PushHeap_00bfb800,between PKCTimerManager and PKDiskBufferingCReader,named,,,
00bfb8b0,152,FUN_00bfb8b0,between PKCTimerManager and PKDiskBufferingCReader,unclassified,,,
00bfb950,14,Dtor_00bfb950,between PKCTimerManager and PKDiskBufferingCReader,destructor,,,
00bfba10,23,FUN_00bfba10,between PKCTimerManager and PKDiskBufferingCReader,unclassified,,,
00bfbae0,27,ScalarDeletingDtor_00bfbae0,between PKCTimerManager and PKDiskBufferingCReader,scalar deleting destructor,,,
00bfbb00,27,ScalarDeletingDtor_00bfbb00,between PKCTimerManager and PKDiskBufferingCReader,scalar deleting destructor,,,
00bfbc20,29,FUN_00bfbc20,between PKCTimerManager and PKDiskBufferingCReader,unclassified,,,
00bfbc40,21,Ctor_vt00da26c4_00bfbc40,between PKCTimerManager and PKDiskBufferingCReader,constructor,,,
00bfbc60,14,Dtor_00bfbc60,between PKCTimerManager and PKDiskBufferingCReader,destructor,,,
00bfbc70,8,FUN_00bfbc70,between PKCTimerManager and PKDiskBufferingCReader,unclassified,,,
00bfbc80,21,Ctor_vt00d9f0cc_00bfbc80,between PKCTimerManager and PKDiskBufferingCReader,constructor,,,
00bfbca0,21,Ctor_vt00da26c8_00bfbca0,between PKCTimerManager and PKDiskBufferingCReader,constructor,,,
00bfbcc0,14,Dtor_00bfbcc0,between PKCTimerManager and PKDiskBufferingCReader,destructor,GetDisplayEngine,size-run,
00bfbcd0,8,FUN_00bfbcd0,between PKCTimerManager and PKDiskBufferingCReader,unclassified,GetDisplayEngine,size-run,
00bfbce0,21,Ctor_vt00d9f0d0_00bfbce0,between PKCTimerManager and PKDiskBufferingCReader,constructor,GetPlayer,size-run,
00bfbd00,21,Ctor_vt00da26cc_00bfbd00,between PKCTimerManager and PKDiskBufferingCReader,constructor,GetPlayer,size-run,
00bfbd20,14,Dtor_00bfbd20,between PKCTimerManager and PKDiskBufferingCReader,destructor,"_Cons_val<std::allocator<std::pair<EHeroMorphType,CParticleMorphs::CEntry>_>,std::pair<EHeroMorphType,CParticleMorphs::CEntry>,std::pair<enum_EHeroMorphType,class_CParticleMorphs::CEntry>_const&>",size-run,
00bfbd30,8,FUN_00bfbd30,between PKCTimerManager and PKDiskBufferingCReader,unclassified,"_Cons_val<std::allocator<std::pair<EHeroMorphType,CParticleMorphs::CEntry>_>,std::pair<EHeroMorphType,CParticleMorphs::CEntry>,std::pair<enum_EHeroMorphType,class_CParticleMorphs::CEntry>_const&>",size-run,
00bfbd40,14,Dtor_00bfbd40,between PKCTimerManager and PKDiskBufferingCReader,destructor,GetDisplayEngine,size-run,
00bfbd50,8,FUN_00bfbd50,between PKCTimerManager and PKDiskBufferingCReader,unclassified,,,
00bfbd60,8,FUN_00bfbd60,between PKCTimerManager and PKDiskBufferingCReader,unclassified,,,
00bfbd70,14,Dtor_00bfbd70,between PKCTimerManager and PKDiskBufferingCReader,destructor,,,
00bfbd80,8,FUN_00bfbd80,between PKCTimerManager and PKDiskBufferingCReader,unclassified,,,
00bfbd90,8,FUN_00bfbd90,between PKCTimerManager and PKDiskBufferingCReader,unclassified,,,
00bfbda0,27,ScalarDeletingDtor_00bfbda0,between PKCTimerManager and PKDiskBufferingCReader,scalar deleting destructor,,,
00bfbdc0,27,ScalarDeletingDtor_00bfbdc0,between PKCTimerManager and PKDiskBufferingCReader,scalar deleting destructor,`vector_deleting_destructor',size-run,
00bfbde0,27,ScalarDeletingDtor_00bfbde0,between PKCTimerManager and PKDiskBufferingCReader,scalar deleting destructor,`vector_deleting_destructor',size-run,
00bfbe00,27,ScalarDeletingDtor_00bfbe00,between PKCTimerManager and PKDiskBufferingCReader,scalar deleting destructor,`vector_deleting_destructor',size-run,
00bfbe20,27,ScalarDeletingDtor_00bfbe20,between PKCTimerManager and PKDiskBufferingCReader,scalar deleting destructor,`vector_deleting_destructor',size-run,
00bfbe40,43,LH_Map_GetObject_00bfbe40,between PKCTimerManager and PKDiskBufferingCReader,container helper,?Clone@CCreatureAction_SheatheWeapons@@UBEPAVCCreatureActionBase@@XZ,size-run,
00bfbe80,29,FUN_00bfbe80,between PKCTimerManager and PKDiskBufferingCReader,unclassified,?Clone@CCreatureAction_SummonerSummonInto@@UBEPAVCCreatureActionBase@@XZ,size-run,
00bfbeb0,29,FUN_00bfbeb0,between PKCTimerManager and PKDiskBufferingCReader,unclassified,`vector_deleting_destructor',size-run,
00bfbed0,29,FUN_00bfbed0,between PKCTimerManager and PKDiskBufferingCReader,unclassified,"_Dest_val<std::allocator<CMacro>,CMacro>",size-run,
00bfbf00,29,FUN_00bfbf00,between PKCTimerManager and PKDiskBufferingCReader,unclassified,"_Dest_val<std::allocator<CIVCountedPointer<N3DPrimitive::CTriangleList>_>,CIVCountedPointer<N3DPrimitive::CTriangleList>_>",size-run,
00bfbf30,29,FUN_00bfbf30,between PKCTimerManager and PKDiskBufferingCReader,unclassified,?GetChunkDescription@C3DMeshFileEngineMaterialChunk@@UBE?BVCCharString@@XZ,size-run,
00bfbf50,25,FUN_00bfbf50,between PKCTimerManager and PKDiskBufferingCReader,unclassified,`vector_deleting_destructor',size-run,
00bfbf70,106,LH_Sort_Compare_00bfbf70,between PKCTimerManager and PKDiskBufferingCReader,named,?GetChunkInfo@C3DMeshFileClothChunk@@UBE?BVCCharString@@XZ,size-run,
00bfbfe0,25,FUN_00bfbfe0,between PKCTimerManager and PKDiskBufferingCReader,unclassified,,,
00bfc020,98,FUN_00bfc020,between PKCTimerManager and PKDiskBufferingCReader,unclassified,,,
00bfc090,171,FUN_00bfc090,between PKCTimerManager and PKDiskBufferingCReader,has assertion,,,
00bfc160,98,FUN_00bfc160,between PKCTimerManager and PKDiskBufferingCReader,unclassified,,,
00bfc1d0,171,FUN_00bfc1d0,between PKCTimerManager and PKDiskBufferingCReader,has assertion,,,
00bfc310,98,FUN_00bfc310,between PKCTimerManager and PKDiskBufferingCReader,unclassified,,,
00bfc380,171,FUN_00bfc380,between PKCTimerManager and PKDiskBufferingCReader,has assertion,,,
00bfc480,504,PKCAutoDeleteArray_Resize_00bfc480,between PKCTimerManager and PKDiskBufferingCReader,named,,,
00bfc680,135,FUN_00bfc680,between PKCTimerManager and PKDiskBufferingCReader,has assertion,,,
00bfc760,14,Dtor_00bfc760,between PKCTimerManager and PKDiskBufferingCReader,destructor,,,
00bfc770,207,PKCAutoDelete_Release_00bfc770,between PKCTimerManager and PKDiskBufferingCReader,named,,,
00bfc840,366,PKCAutoDelete_Set_00bfc840,between PKCTimerManager and PKDiskBufferingCReader,named,,,
00bfc9e0,21,Ctor_vt00da2678_00bfc9e0,between PKCTimerManager and PKDiskBufferingCReader,constructor,,,
00bfca20,267,PKCAutoDeleteArray_At_00bfca20,between PKCTimerManager and PKDiskBufferingCReader,named,,,
00bfcb30,268,PKCAutoDeleteArray_At_00bfcb30,between PKCTimerManager and PKDiskBufferingCReader,named,,,
00bfcc40,267,PKCAutoDeleteArray_At_00bfcc40,between PKCTimerManager and PKDiskBufferingCReader,named,,,
00bfcd80,8,FUN_00bfcd80,between PKCTimerManager and PKDiskBufferingCReader,unclassified,,,
00bfcd90,8,FUN_00bfcd90,between PKCTimerManager and PKDiskBufferingCReader,unclassified,,,
00bfcda0,8,FUN_00bfcda0,between PKCTimerManager and PKDiskBufferingCReader,unclassified,,,
00bfcdb0,8,FUN_00bfcdb0,between PKCTimerManager and PKDiskBufferingCReader,unclassified,,,
00bfcdc0,8,FUN_00bfcdc0,between PKCTimerManager and PKDiskBufferingCReader,unclassified,,,
00bfcdd0,8,FUN_00bfcdd0,between PKCTimerManager and PKDiskBufferingCReader,unclassified,,,
00bfcde0,8,FUN_00bfcde0,between PKCTimerManager and PKDiskBufferingCReader,unclassified,,,
00bfcdf0,8,FUN_00bfcdf0,between PKCTimerManager and PKDiskBufferingCReader,unclassified,,,
00bfce00,8,FUN_00bfce00,between PKCTimerManager and PKDiskBufferingCReader,unclassified,,,
00bfce10,8,FUN_00bfce10,between PKCTimerManager and PKDiskBufferingCReader,unclassified,,,
00bfce20,156,FUN_00bfce20,between PKCTimerManager and PKDiskBufferingCReader,unclassified,,,
00bfcec0,60,FUN_00bfcec0,between PKCTimerManager and PKDiskBufferingCReader,unclassified,,,
00bfcf20,156,FUN_00bfcf20,between PKCTimerManager and PKDiskBufferingCReader,unclassified,,,
00bfcfc0,60,FUN_00bfcfc0,between PKCTimerManager and PKDiskBufferingCReader,unclassified,,,
00bfd080,156,FUN_00bfd080,between PKCTimerManager and PKDiskBufferingCReader,unclassified,,,
00bfd120,60,FUN_00bfd120,between PKCTimerManager and PKDiskBufferingCReader,unclassified,,,
00bfd1d0,504,PKCAutoDeleteArray_Resize_00bfd1d0,between PKCTimerManager and PKDiskBufferingCReader,named,,,
00bfd410,133,FUN_00bfd410,between PKCTimerManager and PKDiskBufferingCReader,unclassified,,,
00bfd4a0,27,Ctor_vt00da273c_00bfd4a0,between PKCTimerManager and PKDiskBufferingCReader,constructor,,,
00bfd4c0,27,ScalarDeletingDtor_00bfd4c0,between PKCTimerManager and PKDiskBufferingCReader,scalar deleting destructor,,,
00bfd500,45,LH_Container_AddObject_00bfd500,between PKCTimerManager and PKDiskBufferingCReader,container helper,,,
00bfd530,45,LH_Container_AddObject_00bfd530,between PKCTimerManager and PKDiskBufferingCReader,container helper,,,
00bfd560,51,LH_Array_AdoptRequireEmpty_00bfd560,between PKCTimerManager and PKDiskBufferingCReader,array helper,,,
00bfd5a0,51,LH_Array_AdoptRequireEmpty_00bfd5a0,between PKCTimerManager and PKDiskBufferingCReader,array helper,,,
00bfd5e0,51,LH_Array_AdoptRequireEmpty_00bfd5e0,between PKCTimerManager and PKDiskBufferingCReader,array helper,,,
00bfd620,51,LH_Array_AdoptRequireEmpty_00bfd620,between PKCTimerManager and PKDiskBufferingCReader,array helper,,,
00bfd660,817,LH_Sort_UnguardedPartition_00bfd660,between PKCTimerManager and PKDiskBufferingCReader,named,,,
00bfd9c0,276,LH_Sort_InsertionSort_00bfd9c0,between PKCTimerManager and PKDiskBufferingCReader,named,,,
00bfdae0,817,LH_Sort_UnguardedPartition_00bfdae0,between PKCTimerManager and PKDiskBufferingCReader,named,,,
00bfde40,276,LH_Sort_InsertionSort_00bfde40,between PKCTimerManager and PKDiskBufferingCReader,named,,,
00bfdfe0,817,LH_Sort_UnguardedPartition_00bfdfe0,between PKCTimerManager and PKDiskBufferingCReader,named,,,
00bfe340,276,LH_Sort_InsertionSort_00bfe340,between PKCTimerManager and PKDiskBufferingCReader,named,,,
00bfe4a0,27,Ctor_vt00da273c_00bfe4a0,between PKCTimerManager and PKDiskBufferingCReader,constructor,,,
00bfe4e0,83,Ctor_vt00da26d0_00bfe4e0,between PKCTimerManager and PKDiskBufferingCReader,constructor,,,
00bfe540,83,Ctor_vt00da26d4_00bfe540,between PKCTimerManager and PKDiskBufferingCReader,constructor,,,
00bfe5a0,70,FUN_00bfe5a0,between PKCTimerManager and PKDiskBufferingCReader,unclassified,,,
00bfe5f0,70,FUN_00bfe5f0,between PKCTimerManager and PKDiskBufferingCReader,unclassified,,,
00bfe640,70,FUN_00bfe640,between PKCTimerManager and PKDiskBufferingCReader,unclassified,,,
00bfe6d0,232,FUN_00bfe6d0,between PKCTimerManager and PKDiskBufferingCReader,unclassified,,,
00bfe7c0,232,FUN_00bfe7c0,between PKCTimerManager and PKDiskBufferingCReader,unclassified,,,
00bfe8b0,232,FUN_00bfe8b0,between PKCTimerManager and PKDiskBufferingCReader,unclassified,,,
00bfea50,514,PKCAutoDeleteArray_Resize_00bfea50,between PKCTimerManager and PKDiskBufferingCReader,named,,,
00bfec60,36,FUN_00bfec60,between PKCTimerManager and PKDiskBufferingCReader,unclassified,,,
00bfec90,36,FUN_00bfec90,between PKCTimerManager and PKDiskBufferingCReader,unclassified,,,
00bfecc0,43,LH_Array_SortAndVerifyUnique_00bfecc0,between PKCTimerManager and PKDiskBufferingCReader,array helper,,,
00bfecf0,43,LH_Array_SortAndVerifyUnique_00bfecf0,between PKCTimerManager and PKDiskBufferingCReader,array helper,,,
00bfed20,36,FUN_00bfed20,between PKCTimerManager and PKDiskBufferingCReader,unclassified,"_Cons_val<std::allocator<CMeshBankManager::CMeshDataBankInfo>,CMeshBankManager::CMeshDataBankInfo,CMeshBankManager::CMeshDataBankInfo_const&>",size-run,
00bfed50,55,LH_Array_CopySorted_00bfed50,between PKCTimerManager and PKDiskBufferingCReader,array helper,"_Uninit_copy<std::_Vector_const_iterator<std::_Vector_val<std::pair<unsigned___int64,CCountedPointer<CActiveEntityScriptBase>_>,std::allocator<std::pair<unsigned___int64,CCountedPointer<CActiveEntityScriptBase>_>_>_>_>,std::pair<unsigned___int64,CCountedPointer<CActiveEntityScriptBase>_>*,std::allocator<std::pair<unsigned___int64,CCountedPointer<CActiveEntityScriptBase>_>_>_>",size-run,
00bfed90,55,LH_Array_CopySorted_00bfed90,between PKCTimerManager and PKDiskBufferingCReader,array helper,"_Uninit_fill_n<std::pair<unsigned___int64,CCountedPointer<CActiveEntityScriptBase>_>*,unsigned_int,std::pair<unsigned___int64,class_CCountedPointer<class_CActiveEntityScriptBase>_>,std::allocator<std::pair<unsigned___int64,CCountedPointer<CActiveEntityScriptBase>_>_>,std::pair<unsigned___int64,class_CCountedPointer<class_CActiveEntityScriptBase>_>_>",size-run,
00bfedd0,55,LH_Array_CopySorted_00bfedd0,between PKCTimerManager and PKDiskBufferingCReader,array helper,"_Uninit_copy<std::_Vector_const_iterator<std::_Vector_val<std::pair<unsigned___int64,CCountedPointer<CActiveEntityScriptBase>_>,std::allocator<std::pair<unsigned___int64,CCountedPointer<CActiveEntityScriptBase>_>_>_>_>,std::pair<unsigned___int64,CCountedPointer<CActiveEntityScriptBase>_>*,std::allocator<std::pair<unsigned___int64,CCountedPointer<CActiveEntityScriptBase>_>_>_>",size-run,
00bfee10,55,LH_Array_CopySorted_00bfee10,between PKCTimerManager and PKDiskBufferingCReader,array helper,"_Uninit_copy<std::_Vector_const_iterator<std::_Vector_val<CScriptThing,std::allocator<CScriptThing>_>_>,CScriptThing*,std::allocator<CScriptThing>_>",size-run,
00bfee50,55,LH_Array_CopySorted_00bfee50,between PKCTimerManager and PKDiskBufferingCReader,array helper,"_Uninit_fill_n<std::pair<unsigned___int64,CCountedPointer<CActiveEntityScriptBase>_>*,unsigned_int,std::pair<unsigned___int64,class_CCountedPointer<class_CActiveEntityScriptBase>_>,std::allocator<std::pair<unsigned___int64,CCountedPointer<CActiveEntityScriptBase>_>_>,std::pair<unsigned___int64,class_CCountedPointer<class_CActiveEntityScriptBase>_>_>",size-run,
00bfee90,55,LH_Array_CopySorted_00bfee90,between PKCTimerManager and PKDiskBufferingCReader,array helper,,,
00bfeed0,43,LH_Array_SortAndVerifyUnique_00bfeed0,between PKCTimerManager and PKDiskBufferingCReader,array helper,,,
00bfef40,74,FUN_00bfef40,between PKCTimerManager and PKDiskBufferingCReader,unclassified,,,
00bfef90,74,FUN_00bfef90,between PKCTimerManager and PKDiskBufferingCReader,unclassified,,,
00bfefe0,74,FUN_00bfefe0,between PKCTimerManager and PKDiskBufferingCReader,unclassified,,,
00bff030,74,FUN_00bff030,between PKCTimerManager and PKDiskBufferingCReader,unclassified,,,
00bff080,55,LH_Array_CopySorted_00bff080,between PKCTimerManager and PKDiskBufferingCReader,array helper,,,
00bff0d0,318,FUN_00bff0d0,between PKCTimerManager and PKDiskBufferingCReader,has assertion,,,
00bff210,318,FUN_00bff210,between PKCTimerManager and PKDiskBufferingCReader,has assertion,,,
00bff350,299,FUN_00bff350,between PKCTimerManager and PKDiskBufferingCReader,has assertion,,,
00bff480,300,FUN_00bff480,between PKCTimerManager and PKDiskBufferingCReader,has assertion,,,
00bff5b0,11,LH_CheckLoadStatus,between PKCTimerManager and PKDiskBufferingCReader,named,,,
00bff5c0,29,LH_LogStream_EndLine,between PKCTimerManager and PKDiskBufferingCReader,named,,,
00bff5e0,36,FUN_00bff5e0,between PKCTimerManager and PKDiskBufferingCReader,unclassified,,,
00bff610,14,FUN_00bff610,between PKCTimerManager and PKDiskBufferingCReader,unclassified,,,
00bff620,30,LH_BeginWarningMessage,between PKCTimerManager and PKDiskBufferingCReader,named,,,
00bff640,30,LH_BeginErrorMessage,between PKCTimerManager and PKDiskBufferingCReader,named,,,
00bff660,191,FUN_00bff660,between PKCTimerManager and PKDiskBufferingCReader,unclassified,,,
00bff720,18,Ctor_vt00da2a08_00bff720,between PKCTimerManager and PKDiskBufferingCReader,constructor,,,
00bff740,11,Dtor_00bff740,between PKCTimerManager and PKDiskBufferingCReader,destructor,,,
00bff750,27,ScalarDeletingDtor_00bff750,between PKCTimerManager and PKDiskBufferingCReader,scalar deleting destructor,,,
00bff820,7,SetVtable_00d9d9b4_00bff820,between PKCTimerManager and PKDiskBufferingCReader,vtable setter,,,
00bff830,27,ScalarDeletingDtor_00bff830,between PKCTimerManager and PKDiskBufferingCReader,scalar deleting destructor,,,
00bff8e0,27,ScalarDeletingDtor_00bff8e0,between PKCTimerManager and PKDiskBufferingCReader,scalar deleting destructor,,,
00bff900,27,ScalarDeletingDtor_00bff900,between PKCTimerManager and PKDiskBufferingCReader,scalar deleting destructor,,,
00bff930,153,LH_IsNormalLUG,between PKCTimerManager and PKDiskBufferingCReader,named,,,
00bff9d0,295,LH_LoadGlobalProperties,between PKCTimerManager and PKDiskBufferingCReader,named,,,
00bffb00,299,LH_ValidateFileBank,between PKCTimerManager and PKDiskBufferingCReader,named,,,
00bffc30,131,LH_OpenWavSegment,between PKCTimerManager and PKDiskBufferingCReader,named,,,
00bffcc0,268,LH_LoadRLMParams,between PKCTimerManager and PKDiskBufferingCReader,named,,,
00bffdd0,145,FUN_00bffdd0,between PKCTimerManager and PKDiskBufferingCReader,unclassified,,,
00bffe70,417,LH_LoadSampleBankTable,between PKCTimerManager and PKDiskBufferingCReader,named,,,
00c00020,86,LH_CountLoopingSamples,between PKCTimerManager and PKDiskBufferingCReader,named,,,
00c00080,415,LH_LoadBankCriteriaInfo,between PKCTimerManager and PKDiskBufferingCReader,named,,,
00c00220,594,LH_BuildTriggersFromCriteria,between PKCTimerManager and PKDiskBufferingCReader,named,,,
00c00480,447,LH_ExtractResources,between PKCTimerManager and PKDiskBufferingCReader,named,,,
00c00660,831,LH_BuildDriverTable,between PKCTimerManager and PKDiskBufferingCReader,named,,,
00c009c0,577,LH_LoadLUGAsset,between PKCTimerManager and PKDiskBufferingCReader,named,,,
00c00c10,99,FUN_00c00c10,between PKCTimerManager and PKDiskBufferingCReader,unclassified,,,
00c00c80,15,FUN_00c00c80,between PKCTimerManager and PKDiskBufferingCReader,unclassified,,,
00c00c90,15,FUN_00c00c90,between PKCTimerManager and PKDiskBufferingCReader,unclassified,,,
00c00cb0,17,LH_FreeIfNonNull,between PKCTimerManager and PKDiskBufferingCReader,named,,,
00c00d00,7,SetVtable_00d9d9b4_00c00d00,between PKCTimerManager and PKDiskBufferingCReader,vtable setter,,,
00c00d20,17,FUN_00c00d20,between PKCTimerManager and PKDiskBufferingCReader,unclassified,,,
00c00d50,153,LH_Array_Reserve_00c00d50,between PKCTimerManager and PKDiskBufferingCReader,array helper,,,
00c00e10,63,LH_Array_SetAt_00c00e10,between PKCTimerManager and PKDiskBufferingCReader,array helper,,,
00c00e50,43,LH_Array_SetFilledSize_00c00e50,between PKCTimerManager and PKDiskBufferingCReader,array helper,,,
00c00e80,13,FUN_00c00e80,between PKCTimerManager and PKDiskBufferingCReader,unclassified,,,
00c00e90,73,LH_Array_FreeBuffer_00c00e90,between PKCTimerManager and PKDiskBufferingCReader,array helper,,,
00c00ef0,233,FUN_00c00ef0,between PKCTimerManager and PKDiskBufferingCReader,has assertion,,,
00c00fe0,153,LH_Array_Reserve_00c00fe0,between PKCTimerManager and PKDiskBufferingCReader,array helper,,,
00c010a0,63,LH_Array_SetAt_00c010a0,between PKCTimerManager and PKDiskBufferingCReader,array helper,,,
00c010e0,43,LH_Array_SetFilledSize_00c010e0,between PKCTimerManager and PKDiskBufferingCReader,array helper,,,
00c01110,13,FUN_00c01110,between PKCTimerManager and PKDiskBufferingCReader,unclassified,,,
00c01120,73,LH_Array_FreeBuffer_00c01120,between PKCTimerManager and PKDiskBufferingCReader,array helper,,,
00c01180,153,LH_Array_Reserve_00c01180,between PKCTimerManager and PKDiskBufferingCReader,array helper,,,
00c01240,63,LH_Array_SetAt_00c01240,between PKCTimerManager and PKDiskBufferingCReader,array helper,,,
00c01280,43,LH_Array_SetFilledSize_00c01280,between PKCTimerManager and PKDiskBufferingCReader,array helper,,,
00c012b0,13,FUN_00c012b0,between PKCTimerManager and PKDiskBufferingCReader,unclassified,,,
00c012c0,73,LH_Array_FreeBuffer_00c012c0,between PKCTimerManager and PKDiskBufferingCReader,array helper,,,
00c01320,67,FUN_00c01320,between PKCTimerManager and PKDiskBufferingCReader,unclassified,,,
00c01370,67,FUN_00c01370,between PKCTimerManager and PKDiskBufferingCReader,unclassified,,,
00c013c0,67,FUN_00c013c0,between PKCTimerManager and PKDiskBufferingCReader,unclassified,,,
00c01410,55,LH_Array_GetAt_00c01410,between PKCTimerManager and PKDiskBufferingCReader,array helper,,,
00c01450,49,FUN_00c01450,between PKCTimerManager and PKDiskBufferingCReader,unclassified,,,
00c01490,72,FUN_00c01490,between PKCTimerManager and PKDiskBufferingCReader,unclassified,,,
00c014e0,39,FUN_00c014e0,between PKCTimerManager and PKDiskBufferingCReader,unclassified,,,
00c01510,49,FUN_00c01510,between PKCTimerManager and PKDiskBufferingCReader,unclassified,,,
00c01550,72,FUN_00c01550,between PKCTimerManager and PKDiskBufferingCReader,unclassified,,,
00c015a0,39,FUN_00c015a0,between PKCTimerManager and PKDiskBufferingCReader,unclassified,,,
00c015d0,49,FUN_00c015d0,between PKCTimerManager and PKDiskBufferingCReader,unclassified,,,
00c01610,72,FUN_00c01610,between PKCTimerManager and PKDiskBufferingCReader,unclassified,,,
00c01660,39,FUN_00c01660,between PKCTimerManager and PKDiskBufferingCReader,unclassified,,,
00c01690,118,LH_Sort_Compare_00c01690,between PKCTimerManager and PKDiskBufferingCReader,named,,,
00c01710,112,LH_Sort_Compare_00c01710,between PKCTimerManager and PKDiskBufferingCReader,named,,,
00c018a0,152,FUN_00c018a0,between PKCTimerManager and PKDiskBufferingCReader,unclassified,,,
00c01940,152,FUN_00c01940,between PKCTimerManager and PKDiskBufferingCReader,unclassified,,,
00c019e0,97,FUN_00c019e0,between PKCTimerManager and PKDiskBufferingCReader,unclassified,,,
00c01a50,152,FUN_00c01a50,between PKCTimerManager and PKDiskBufferingCReader,unclassified,,,
00c01b50,27,ScalarDeletingDtor_00c01b50,between PKCTimerManager and PKDiskBufferingCReader,scalar deleting destructor,,,
00c01b70,16,FUN_00c01b70,between PKCTimerManager and PKDiskBufferingCReader,unclassified,,,
00c01b80,17,FUN_00c01b80,between PKCTimerManager and PKDiskBufferingCReader,unclassified,,,
00c01ba0,20,FUN_00c01ba0,between PKCTimerManager and PKDiskBufferingCReader,unclassified,,,
00c01bc0,24,FUN_00c01bc0,between PKCTimerManager and PKDiskBufferingCReader,unclassified,,,
00c01c00,74,LH_SortedArray_FindObject_00c01c00,between PKCTimerManager and PKDiskBufferingCReader,array helper,,,
00c01c50,21,Ctor_vt00da2b88_00c01c50,between PKCTimerManager and PKDiskBufferingCReader,constructor,,,
00c01c70,14,Dtor_00c01c70,between PKCTimerManager and PKDiskBufferingCReader,destructor,,,
00c01c80,8,FUN_00c01c80,between PKCTimerManager and PKDiskBufferingCReader,unclassified,,,
00c01c90,21,Ctor_vt00da2b8c_00c01c90,between PKCTimerManager and PKDiskBufferingCReader,constructor,,,
00c01cb0,80,Dtor_00c01cb0,between PKCTimerManager and PKDiskBufferingCReader,destructor,,,
00c01d00,72,FUN_00c01d00,between PKCTimerManager and PKDiskBufferingCReader,unclassified,,,
00c01d50,21,Ctor_vt00da2b90_00c01d50,between PKCTimerManager and PKDiskBufferingCReader,constructor,,,
00c01d70,14,Dtor_00c01d70,between PKCTimerManager and PKDiskBufferingCReader,destructor,,,
00c01d80,8,FUN_00c01d80,between PKCTimerManager and PKDiskBufferingCReader,unclassified,,,
00c01d90,21,Ctor_vt00da2b94_00c01d90,between PKCTimerManager and PKDiskBufferingCReader,constructor,,,
00c01db0,80,Dtor_00c01db0,between PKCTimerManager and PKDiskBufferingCReader,destructor,,,
00c01e00,72,FUN_00c01e00,between PKCTimerManager and PKDiskBufferingCReader,unclassified,,,
00c01e50,21,Ctor_vt00da2b98_00c01e50,between PKCTimerManager and PKDiskBufferingCReader,constructor,,,
00c01e70,14,Dtor_00c01e70,between PKCTimerManager and PKDiskBufferingCReader,destructor,,,
00c01e80,8,FUN_00c01e80,between PKCTimerManager and PKDiskBufferingCReader,unclassified,,,
00c01e90,21,Ctor_vt00da2b9c_00c01e90,between PKCTimerManager and PKDiskBufferingCReader,constructor,,,
00c01eb0,80,Dtor_00c01eb0,between PKCTimerManager and PKDiskBufferingCReader,destructor,,,
00c01f00,72,FUN_00c01f00,between PKCTimerManager and PKDiskBufferingCReader,unclassified,,,
00c01f50,27,ScalarDeletingDtor_00c01f50,between PKCTimerManager and PKDiskBufferingCReader,scalar deleting destructor,,,
00c01f70,27,ScalarDeletingDtor_00c01f70,between PKCTimerManager and PKDiskBufferingCReader,scalar deleting destructor,,,
00c01f90,27,ScalarDeletingDtor_00c01f90,between PKCTimerManager and PKDiskBufferingCReader,scalar deleting destructor,TransferToGui,size-run,
00c01fb0,27,ScalarDeletingDtor_00c01fb0,between PKCTimerManager and PKDiskBufferingCReader,scalar deleting destructor,TransferToGui,size-run,
00c01fd0,27,ScalarDeletingDtor_00c01fd0,between PKCTimerManager and PKDiskBufferingCReader,scalar deleting destructor,OnInitialActivate,size-run,
00c01ff0,27,ScalarDeletingDtor_00c01ff0,between PKCTimerManager and PKDiskBufferingCReader,scalar deleting destructor,OnInitialActivate,size-run,
00c02010,43,LH_Map_GetObject_00c02010,between PKCTimerManager and PKDiskBufferingCReader,container helper,OnInitialActivate,size-run,
00c02040,5,LH_Array_FreeBuffer_00c02040,between PKCTimerManager and PKDiskBufferingCReader,array helper,?DrawGetEngineThemeAt@CIDrawMap@@UBEJJJJ@Z,size-run,
00c02050,5,LH_Array_FreeBuffer_00c02050,between PKCTimerManager and PKDiskBufferingCReader,array helper,?DrawGetEngineBlendAt@CIDrawMap@@UBEEJJJ@Z,size-run,
00c02060,202,FUN_00c02060,between PKCTimerManager and PKDiskBufferingCReader,has assertion,,,
00c02140,5,LH_Array_FreeBuffer_00c02140,between PKCTimerManager and PKDiskBufferingCReader,array helper,,,
00c02170,29,FUN_00c02170,between PKCTimerManager and PKDiskBufferingCReader,unclassified,`vector_deleting_destructor',size-run,
00c02190,69,FUN_00c02190,between PKCTimerManager and PKDiskBufferingCReader,unclassified,"~CPredicate_And<NScript::CIsThingAlive,NScript::CIsVariableFalse>",size-run,
00c021e0,29,FUN_00c021e0,between PKCTimerManager and PKDiskBufferingCReader,unclassified,`vector_deleting_destructor',size-run,
00c02200,69,FUN_00c02200,between PKCTimerManager and PKDiskBufferingCReader,unclassified,"~CPredicate_And<NScript::CIsThingAlive,NScript::CIsVariableFalse>",size-run,
00c02250,29,FUN_00c02250,between PKCTimerManager and PKDiskBufferingCReader,unclassified,,,
00c02270,69,FUN_00c02270,between PKCTimerManager and PKDiskBufferingCReader,unclassified,,,
00c022c0,25,FUN_00c022c0,between PKCTimerManager and PKDiskBufferingCReader,unclassified,,,
00c022e0,90,LH_Array_CheckUnique,between PKCTimerManager and PKDiskBufferingCReader,array helper,,,
00c02340,25,FUN_00c02340,between PKCTimerManager and PKDiskBufferingCReader,unclassified,,,
00c02360,92,LH_Array_IsSortedUnique_00c02360,between PKCTimerManager and PKDiskBufferingCReader,array helper,,,
00c023c0,25,FUN_00c023c0,between PKCTimerManager and PKDiskBufferingCReader,unclassified,,,
00c024c0,166,LH_Sort_Med3_00c024c0,between PKCTimerManager and PKDiskBufferingCReader,named,,,
00c02590,169,LH_Array_MedianOfThree_00c02590,between PKCTimerManager and PKDiskBufferingCReader,array helper,,,
00c02660,98,FUN_00c02660,between PKCTimerManager and PKDiskBufferingCReader,unclassified,,,
00c026d0,115,FUN_00c026d0,between PKCTimerManager and PKDiskBufferingCReader,unclassified,,,
00c02770,128,LH_Sort_PushHeap_00c02770,between PKCTimerManager and PKDiskBufferingCReader,named,,,
00c02800,129,LH_Array_PushHeap_00c02800,between PKCTimerManager and PKDiskBufferingCReader,array helper,,,
00c028c0,198,PKCAutoDeleteArray_Get_00c028c0,between PKCTimerManager and PKDiskBufferingCReader,named,,,
00c02990,332,PKCAutoDeleteArray_Resize_00c02990,between PKCTimerManager and PKDiskBufferingCReader,named,,,
00c02bb0,271,PKCAutoDeleteArray_At_00c02bb0,between PKCTimerManager and PKDiskBufferingCReader,named,,,
00c02cc0,268,PKCAutoDeleteArray_At_00c02cc0,between PKCTimerManager and PKDiskBufferingCReader,named,,,
00c02de0,74,LH_SortedArray_FindObject_00c02de0,between PKCTimerManager and PKDiskBufferingCReader,array helper,,,
00c02e30,8,FUN_00c02e30,between PKCTimerManager and PKDiskBufferingCReader,unclassified,,,
00c02e40,8,LH_Array_CopyItems,between PKCTimerManager and PKDiskBufferingCReader,array helper,,,
00c02e50,8,FUN_00c02e50,between PKCTimerManager and PKDiskBufferingCReader,unclassified,,,
00c02e60,8,FUN_00c02e60,between PKCTimerManager and PKDiskBufferingCReader,unclassified,,,
00c02e70,8,FUN_00c02e70,between PKCTimerManager and PKDiskBufferingCReader,unclassified,,,
00c02e80,8,FUN_00c02e80,between PKCTimerManager and PKDiskBufferingCReader,unclassified,,,
00c02ec0,156,FUN_00c02ec0,between PKCTimerManager and PKDiskBufferingCReader,unclassified,,,
00c02f80,156,FUN_00c02f80,between PKCTimerManager and PKDiskBufferingCReader,unclassified,,,
00c03040,156,FUN_00c03040,between PKCTimerManager and PKDiskBufferingCReader,unclassified,,,
00c030e0,60,FUN_00c030e0,between PKCTimerManager and PKDiskBufferingCReader,unclassified,,,
00c03140,145,LH_Sort_AdjustHeap_00c03140,between PKCTimerManager and PKDiskBufferingCReader,named,,,
00c031e0,147,LH_Array_AdjustHeap_00c031e0,between PKCTimerManager and PKDiskBufferingCReader,array helper,,,
00c03310,71,FUN_00c03310,between PKCTimerManager and PKDiskBufferingCReader,unclassified,,,
00c03370,38,FUN_00c03370,between PKCTimerManager and PKDiskBufferingCReader,unclassified,,,
00c033e0,45,LH_AddResourceToList,between PKCTimerManager and PKDiskBufferingCReader,named,,,
00c03410,45,LH_Container_AddObject_00c03410,between PKCTimerManager and PKDiskBufferingCReader,container helper,,,
00c03440,9,LH_Archive_SerializeCriteriaSampleIds,between PKCTimerManager and PKDiskBufferingCReader,named,,,
00c03450,45,LH_Container_AddObject_00c03450,between PKCTimerManager and PKDiskBufferingCReader,container helper,,,
00c03480,51,FUN_00c03480,between PKCTimerManager and PKDiskBufferingCReader,has assertion,,,
00c034c0,51,LH_Array_AdoptRequireEmpty_00c034c0,between PKCTimerManager and PKDiskBufferingCReader,array helper,,,
00c03500,51,LH_Array_AdoptRequireEmpty_00c03500,between PKCTimerManager and PKDiskBufferingCReader,array helper,,,
00c03540,670,LH_Sort_UnguardedPartition_00c03540,between PKCTimerManager and PKDiskBufferingCReader,named,,,
00c037f0,244,LH_Sort_InsertionSort_00c037f0,between PKCTimerManager and PKDiskBufferingCReader,named,,,
00c038f0,685,LH_Sort_UnguardedPartition_00c038f0,between PKCTimerManager and PKDiskBufferingCReader,named,,,
00c03bb0,242,LH_Sort_InsertionSort_00c03bb0,between PKCTimerManager and PKDiskBufferingCReader,named,,,
00c03cb0,941,LH_Sort_UnguardedPartition_00c03cb0,between PKCTimerManager and PKDiskBufferingCReader,named,,,
00c04080,255,LH_Sort_InsertionSort_00c04080,between PKCTimerManager and PKDiskBufferingCReader,named,,,
00c04190,60,FUN_00c04190,between PKCTimerManager and PKDiskBufferingCReader,unclassified,,,
00c041d0,60,FUN_00c041d0,between PKCTimerManager and PKDiskBufferingCReader,unclassified,,,
00c042d0,466,PKCAutoDeleteArray_Resize_00c042d0,between PKCTimerManager and PKDiskBufferingCReader,named,,,
00c044b0,477,PKCAutoDeleteArray_Resize_00c044b0,between PKCTimerManager and PKDiskBufferingCReader,named,,,
00c046e0,70,FUN_00c046e0,between PKCTimerManager and PKDiskBufferingCReader,unclassified,,,
00c047b0,232,FUN_00c047b0,between PKCTimerManager and PKDiskBufferingCReader,unclassified,,,
00c048a0,70,FUN_00c048a0,between PKCTimerManager and PKDiskBufferingCReader,unclassified,,,
00c048f0,70,FUN_00c048f0,between PKCTimerManager and PKDiskBufferingCReader,unclassified,,,
00c04960,232,FUN_00c04960,between PKCTimerManager and PKDiskBufferingCReader,unclassified,,,
00c04a50,232,FUN_00c04a50,between PKCTimerManager and PKDiskBufferingCReader,unclassified,,,
00c04b40,36,FUN_00c04b40,between PKCTimerManager and PKDiskBufferingCReader,unclassified,,,
00c04b70,43,LH_Array_SortAndVerifyUnique_00c04b70,between PKCTimerManager and PKDiskBufferingCReader,array helper,,,
00c04be0,55,LH_Array_CopySorted_00c04be0,between PKCTimerManager and PKDiskBufferingCReader,array helper,,,
00c04c20,36,LH_Array_Sort,between PKCTimerManager and PKDiskBufferingCReader,array helper,,,
00c04c50,36,FUN_00c04c50,between PKCTimerManager and PKDiskBufferingCReader,unclassified,,,
00c04c80,43,LH_Array_SortAndVerifyUnique,between PKCTimerManager and PKDiskBufferingCReader,array helper,,,
00c04cb0,43,LH_Array_SortAndVerifyUnique_00c04cb0,between PKCTimerManager and PKDiskBufferingCReader,array helper,,,
00c04ce0,55,LH_Array_CopySorted_00c04ce0,between PKCTimerManager and PKDiskBufferingCReader,array helper,,,
00c04d30,55,LH_StoreExtractedResources,between PKCTimerManager and PKDiskBufferingCReader,named,,,
00c04d70,55,LH_Array_CopySorted_00c04d70,between PKCTimerManager and PKDiskBufferingCReader,array helper,,,
00c04db0,74,FUN_00c04db0,between PKCTimerManager and PKDiskBufferingCReader,unclassified,,,
00c04e00,55,FUN_00c04e00,between PKCTimerManager and PKDiskBufferingCReader,has assertion,,,
00c04e40,55,LH_Array_CopySorted_00c04e40,between PKCTimerManager and PKDiskBufferingCReader,array helper,,,
00c04ea0,326,FUN_00c04ea0,between PKCTimerManager and PKDiskBufferingCReader,has assertion,,,
00c04ff0,74,FUN_00c04ff0,between PKCTimerManager and PKDiskBufferingCReader,unclassified,,,
00c05040,74,FUN_00c05040,between PKCTimerManager and PKDiskBufferingCReader,unclassified,,,
00c05090,299,FUN_00c05090,between PKCTimerManager and PKDiskBufferingCReader,has assertion,,,
00c051c0,300,FUN_00c051c0,between PKCTimerManager and PKDiskBufferingCReader,has assertion,,,
00c052f0,27,ScalarDeletingDtor_00c052f0,between PKCTimerManager and PKDiskBufferingCReader,scalar deleting destructor,,,
00c05320,27,ScalarDeletingDtor_00c05320,between PKCTimerManager and PKDiskBufferingCReader,scalar deleting destructor,,,
00c05340,9,FUN_00c05340,between PKCTimerManager and PKDiskBufferingCReader,unclassified,,,
00c05360,43,FUN_00c05360,between PKCTimerManager and PKDiskBufferingCReader,unclassified,,,
00c05390,102,LH_DeserializeMetaDataSegment,between PKCTimerManager and PKDiskBufferingCReader,named,,,
00c05400,107,FUN_00c05400,between PKCTimerManager and PKDiskBufferingCReader,unclassified,,,
00c05480,107,FUN_00c05480,between PKCTimerManager and PKDiskBufferingCReader,unclassified,,,
00c05500,107,FUN_00c05500,between PKCTimerManager and PKDiskBufferingCReader,unclassified,,,
00c05580,153,FUN_00c05580,between PKCTimerManager and PKDiskBufferingCReader,unclassified,,,
00c05660,26,FUN_00c05660,between PKCTimerManager and PKDiskBufferingCReader,unclassified,,,
00c05690,26,FUN_00c05690,between PKCTimerManager and PKDiskBufferingCReader,unclassified,,,
00c056c0,26,FUN_00c056c0,between PKCTimerManager and PKDiskBufferingCReader,unclassified,,,
00c056f0,9,FUN_00c056f0,between PKCTimerManager and PKDiskBufferingCReader,unclassified,GetCanItemBeQuickAssigned,size-run,
00c05700,9,FUN_00c05700,between PKCTimerManager and PKDiskBufferingCReader,unclassified,DrawGetSeaLevel,size-run,
00c05710,26,FUN_00c05710,between PKCTimerManager and PKDiskBufferingCReader,unclassified,DrawGetSeaLevel,size-run,
00c05740,12,FUN_00c05740,between PKCTimerManager and PKDiskBufferingCReader,unclassified,,,
00c05750,26,FUN_00c05750,between PKCTimerManager and PKDiskBufferingCReader,unclassified,,,
00c05780,26,FUN_00c05780,between PKCTimerManager and PKDiskBufferingCReader,unclassified,,,
00c057b0,26,FUN_00c057b0,between PKCTimerManager and PKDiskBufferingCReader,unclassified,,,
00c057e0,26,FUN_00c057e0,between PKCTimerManager and PKDiskBufferingCReader,unclassified,,,
00c05810,366,PKCAutoDelete_Set_00c05810,between PKCTimerManager and PKDiskBufferingCReader,named,,,
00c05980,12,FUN_00c05980,between PKCTimerManager and PKDiskBufferingCReader,unclassified,,,
00c05990,12,FUN_00c05990,between PKCTimerManager and PKDiskBufferingCReader,unclassified,,,
00c059a0,198,PKCAutoDelete_Get_00c059a0,between PKCTimerManager and PKDiskBufferingCReader,named,,,
00c05a70,207,PKCAutoDelete_Release_00c05a70,between PKCTimerManager and PKDiskBufferingCReader,named,,,
00c05b40,198,PKCAutoDelete_Get_00c05b40,between PKCTimerManager and PKDiskBufferingCReader,named,,,
00c05c10,207,PKCAutoDelete_Release_00c05c10,between PKCTimerManager and PKDiskBufferingCReader,named,,,
00c05ce0,198,PKCAutoDelete_Get_00c05ce0,between PKCTimerManager and PKDiskBufferingCReader,named,,,
00c05db0,207,PKCAutoDelete_Release_00c05db0,between PKCTimerManager and PKDiskBufferingCReader,named,,,
00c05e80,280,FUN_00c05e80,between PKCTimerManager and PKDiskBufferingCReader,unclassified,,,
00c05fb0,438,LH_SerializeResourceHeaderArray,between PKCTimerManager and PKDiskBufferingCReader,named,,,
00c06180,438,LH_SerializeDriverArray,between PKCTimerManager and PKDiskBufferingCReader,named,,,
00c06350,438,LH_SerializeRLMParamArray,between PKCTimerManager and PKDiskBufferingCReader,named,,,
00c06520,51,FUN_00c06520,between PKCTimerManager and PKDiskBufferingCReader,has assertion,,,
00c06560,51,LH_Array_AdoptRequireEmpty_00c06560,between PKCTimerManager and PKDiskBufferingCReader,array helper,,,
00c065a0,51,LH_Array_AdoptRequireEmpty_00c065a0,between PKCTimerManager and PKDiskBufferingCReader,array helper,,,
00c06610,83,Ctor_vt00da2b8c_00c06610,between PKCTimerManager and PKDiskBufferingCReader,constructor,,,
00c06670,83,Ctor_vt00da2b94_00c06670,between PKCTimerManager and PKDiskBufferingCReader,constructor,,,
00c066d0,83,Ctor_vt00da2b9c_00c066d0,between PKCTimerManager and PKDiskBufferingCReader,constructor,,,
00c06730,19,FUN_00c06730,between PKCTimerManager and PKDiskBufferingCReader,unclassified,,,
00c06760,13,FUN_00c06760,between PKCTimerManager and PKDiskBufferingCReader,unclassified,,,
00c06780,9,FUN_00c06780,between PKCTimerManager and PKDiskBufferingCReader,unclassified,,,
00c06790,39,FUN_00c06790,between PKCTimerManager and PKDiskBufferingCReader,unclassified,,,
00c067d0,31,FUN_00c067d0,between PKCTimerManager and PKDiskBufferingCReader,unclassified,,,
00c067f0,107,FUN_00c067f0,between PKCTimerManager and PKDiskBufferingCReader,unclassified,,,
00c06870,74,FUN_00c06870,between PKCTimerManager and PKDiskBufferingCReader,unclassified,,,
00c068c0,113,LH_SerializeGlobalProperties,between PKCTimerManager and PKDiskBufferingCReader,named,,,
00c06940,29,FUN_00c06940,between PKCTimerManager and PKDiskBufferingCReader,unclassified,,,
00c06960,27,ScalarDeletingDtor_00c06960,between PKCTimerManager and PKDiskBufferingCReader,scalar deleting destructor,,,
00c06980,43,LH_Array_SetFilledSize_00c06980,between PKCTimerManager and PKDiskBufferingCReader,array helper,,,
00c069b0,73,LH_Array_FreeBuffer_00c069b0,between PKCTimerManager and PKDiskBufferingCReader,array helper,,,
00c06a10,63,LH_Array_SetAt_00c06a10,between PKCTimerManager and PKDiskBufferingCReader,array helper,,,
00c06a50,26,FUN_00c06a50,between PKCTimerManager and PKDiskBufferingCReader,unclassified,,,
00c06a80,153,LH_Array_Reserve_00c06a80,between PKCTimerManager and PKDiskBufferingCReader,array helper,,,
00c06b40,49,FUN_00c06b40,between PKCTimerManager and PKDiskBufferingCReader,unclassified,,,
00c06b80,72,FUN_00c06b80,between PKCTimerManager and PKDiskBufferingCReader,unclassified,,,
00c06bd0,12,FUN_00c06bd0,between PKCTimerManager and PKDiskBufferingCReader,unclassified,,,
00c06be0,5,LH_Array_FreeBuffer_00c06be0,between PKCTimerManager and PKDiskBufferingCReader,array helper,,,
00c06bf0,72,FUN_00c06bf0,between PKCTimerManager and PKDiskBufferingCReader,unclassified,,,
00c06c40,67,FUN_00c06c40,between PKCTimerManager and PKDiskBufferingCReader,unclassified,,,
00c06c90,26,FUN_00c06c90,between PKCTimerManager and PKDiskBufferingCReader,unclassified,,,
00c06cc0,198,PKCAutoDelete_Get_00c06cc0,between PKCTimerManager and PKDiskBufferingCReader,named,,,
00c06d90,207,PKCAutoDelete_Release_00c06d90,between PKCTimerManager and PKDiskBufferingCReader,named,,,
00c06e60,29,FUN_00c06e60,between PKCTimerManager and PKDiskBufferingCReader,unclassified,,,
00c06e80,69,FUN_00c06e80,between PKCTimerManager and PKDiskBufferingCReader,unclassified,,,
00c06ed0,80,Dtor_00c06ed0,between PKCTimerManager and PKDiskBufferingCReader,destructor,,,
00c06f20,27,ScalarDeletingDtor_00c06f20,between PKCTimerManager and PKDiskBufferingCReader,scalar deleting destructor,,,
00c06f50,438,FUN_00c06f50,between PKCTimerManager and PKDiskBufferingCReader,has assertion,,,
00c07130,51,LH_Array_AdoptRequireEmpty_00c07130,between PKCTimerManager and PKDiskBufferingCReader,array helper,,,
00c07170,83,Ctor_vt00da2dbc_00c07170,between PKCTimerManager and PKDiskBufferingCReader,constructor,,,
00c071d0,9,FUN_00c071d0,between PKCTimerManager and PKDiskBufferingCReader,unclassified,,,
00c071e0,16,FUN_00c071e0,between PKCTimerManager and PKDiskBufferingCReader,unclassified,,,
00c07210,80,FUN_00c07210,between PKCTimerManager and PKDiskBufferingCReader,unclassified,,,
00c07270,21,LH_Array_Constructor,between PKCTimerManager and PKDiskBufferingCReader,array helper,,,
00c07290,119,LH_Array_Destructor,between PKCTimerManager and PKDiskBufferingCReader,array helper,,,
00c07320,57,FUN_00c07320,between PKCTimerManager and PKDiskBufferingCReader,unclassified,,,
00c07360,9,FUN_00c07360,between PKCTimerManager and PKDiskBufferingCReader,unclassified,,,
00c07370,43,LH_Array_SetFilledSize_00c07370,between PKCTimerManager and PKDiskBufferingCReader,array helper,,,
00c073a0,63,LH_Array_SetAt_00c073a0,between PKCTimerManager and PKDiskBufferingCReader,array helper,,,
00c073e0,12,LH_Array_Constructor_Inner,between PKCTimerManager and PKDiskBufferingCReader,array helper,,,
00c073f0,5,LH_Array_Destructor_Inner,between PKCTimerManager and PKDiskBufferingCReader,array helper,,,
00c07400,72,FUN_00c07400,between PKCTimerManager and PKDiskBufferingCReader,unclassified,,,
00c07450,67,FUN_00c07450,between PKCTimerManager and PKDiskBufferingCReader,unclassified,,,
00c074a0,198,PKCAutoDelete_Get_00c074a0,between PKCTimerManager and PKDiskBufferingCReader,named,,,
00c07570,80,Dtor_00c07570,between PKCTimerManager and PKDiskBufferingCReader,destructor,,,
00c075c0,27,ScalarDeletingDtor_00c075c0,between PKCTimerManager and PKDiskBufferingCReader,scalar deleting destructor,,,
00c075f0,397,FUN_00c075f0,between PKCTimerManager and PKDiskBufferingCReader,has assertion,,,
00c077a0,51,LH_Array_AdoptRequireEmpty_00c077a0,between PKCTimerManager and PKDiskBufferingCReader,array helper,,,
00c077e0,83,Ctor_vt00da2dc0_00c077e0,between PKCTimerManager and PKDiskBufferingCReader,constructor,,,
00c07840,9,FUN_00c07840,between PKCTimerManager and PKDiskBufferingCReader,unclassified,,,
00c07880,6,FUN_00c07880,between PKCTimerManager and PKDiskBufferingCReader,unclassified,,,
00c078b0,120,FUN_00c078b0,between PKCTimerManager and PKDiskBufferingCReader,unclassified,,,
00c07930,351,PKDiskBufferingCReader_CopyOverlap,PKDiskBufferingCReader,named,,,
00c07a90,227,PKDiskBufferingCReader_PrimeCallbackMailbox,PKDiskBufferingCReader,named,,,
00c07b80,327,FUN_00c07b80,PKDiskBufferingCReader,has assertion,,,
00c07cd0,258,PKDiskBufferingCReader_GetCoveredRange,PKDiskBufferingCReader,named,,,
00c07de0,256,PKDiskBufferingCReader_AddAsyncRange,PKDiskBufferingCReader,named,,,
00c07ee0,377,PKDiskBufferingCReader_WaitForRange,PKDiskBufferingCReader,named,,,
00c08060,315,PKDiskBufferingCReader_ResizeBuffer,PKDiskBufferingCReader,named,,,
00c081b0,142,Dtor_00c081b0,PKDiskBufferingCReader,destructor,,,
00c08240,303,PKDiskBufferingCReader_CopyOut,PKDiskBufferingCReader,named,,,
00c08370,572,PKDiskBufferingCReader_ReadRange,PKDiskBufferingCReader,named,,,
00c085b0,311,PKDiskBufferingCReader_QueueRange,PKDiskBufferingCReader,named,,,
00c086f0,310,PKDiskBufferingCReader_QueueRangeInChunks,PKDiskBufferingCReader,named,,,
00c08830,601,PKDiskBufferingCReader_RequestAlignedForward,PKDiskBufferingCReader,named,,,
00c08a90,642,PKDiskBufferingCReader_RequestAlignedBackward,PKDiskBufferingCReader,named,,,
00c08d20,1021,PKDiskBufferingCReader_PlanRead,PKDiskBufferingCReader,named,,,
00c09120,65,FUN_00c09120,PKDiskBufferingCReader,unclassified,,,
00c09170,976,FUN_00c09170,PKDiskBufferingCReader,unclassified,,,
00c09540,450,PKDiskBufferingCReader_Ctor,PKDiskBufferingCReader,named,,,
00c09750,45,FUN_00c09750,between PKDiskBufferingCReader and CLHSegmentReader,unclassified,,,
00c097b0,32,FUN_00c097b0,between PKDiskBufferingCReader and CLHSegmentReader,unclassified,,,
00c097d0,12,FUN_00c097d0,between PKDiskBufferingCReader and CLHSegmentReader,unclassified,,,
00c097f0,7,SetVtable_00da2dc4_00c097f0,between PKDiskBufferingCReader and CLHSegmentReader,vtable setter,,,
00c09800,75,FUN_00c09800,between PKDiskBufferingCReader and CLHSegmentReader,unclassified,,,
00c09850,108,FUN_00c09850,between PKDiskBufferingCReader and CLHSegmentReader,unclassified,,,
00c09910,8,FUN_00c09910,between PKDiskBufferingCReader and CLHSegmentReader,unclassified,,,
00c09980,17,FUN_00c09980,between PKDiskBufferingCReader and CLHSegmentReader,unclassified,,,
00c099a0,85,FUN_00c099a0,between PKDiskBufferingCReader and CLHSegmentReader,unclassified,,,
00c09a00,63,FUN_00c09a00,between PKDiskBufferingCReader and CLHSegmentReader,unclassified,,,
00c09a40,151,FUN_00c09a40,between PKDiskBufferingCReader and CLHSegmentReader,unclassified,,,
00c09ae0,76,FUN_00c09ae0,between PKDiskBufferingCReader and CLHSegmentReader,unclassified,,,
00c09b30,7,SetVtable_00d9da84_00c09b30,between PKDiskBufferingCReader and CLHSegmentReader,vtable setter,,,
00c09c20,14,Dtor_00c09c20,between PKDiskBufferingCReader and CLHSegmentReader,destructor,,,
00c09c70,97,Ctor_vt00da2e20_00c09c70,between PKDiskBufferingCReader and CLHSegmentReader,constructor,,,
00c09ce0,64,FUN_00c09ce0,between PKDiskBufferingCReader and CLHSegmentReader,unclassified,,,
00c09d20,104,Dtor_00c09d20,between PKDiskBufferingCReader and CLHSegmentReader,destructor,,,
00c09da0,45,FUN_00c09da0,between PKDiskBufferingCReader and CLHSegmentReader,unclassified,,,
00c09dd0,103,FUN_00c09dd0,between PKDiskBufferingCReader and CLHSegmentReader,unclassified,,,
00c09e60,27,ScalarDeletingDtor_00c09e60,between PKDiskBufferingCReader and CLHSegmentReader,scalar deleting destructor,,,
00c09e80,27,ScalarDeletingDtor_00c09e80,between PKDiskBufferingCReader and CLHSegmentReader,scalar deleting destructor,,,
00c09ea0,27,ScalarDeletingDtor_00c09ea0,between PKDiskBufferingCReader and CLHSegmentReader,scalar deleting destructor,,,
00c09ec0,21,Ctor_vt00da2df8_00c09ec0,between PKDiskBufferingCReader and CLHSegmentReader,constructor,,,
00c09ee0,27,ScalarDeletingDtor_00c09ee0,between PKDiskBufferingCReader and CLHSegmentReader,scalar deleting destructor,,,
00c09f00,14,Dtor_00c09f00,between PKDiskBufferingCReader and CLHSegmentReader,destructor,,,
00c09f20,71,FUN_00c09f20,between PKDiskBufferingCReader and CLHSegmentReader,unclassified,,,
00c09f70,147,FUN_00c09f70,between PKDiskBufferingCReader and CLHSegmentReader,unclassified,,,
00c0a010,77,FUN_00c0a010,between PKDiskBufferingCReader and CLHSegmentReader,unclassified,,,
00c0a060,118,FUN_00c0a060,between PKDiskBufferingCReader and CLHSegmentReader,unclassified,,,
00c0a0e0,259,PKAllocatorsLinkTime_Free_00c0a0e0,between PKDiskBufferingCReader and CLHSegmentReader,named,,,
00c0a2e0,27,Ctor_vt00da2efc_00c0a2e0,between PKDiskBufferingCReader and CLHSegmentReader,constructor,,,
00c0a300,27,ScalarDeletingDtor_00c0a300,between PKDiskBufferingCReader and CLHSegmentReader,scalar deleting destructor,,,
00c0a320,57,LH_VerifyLUGHeader,between PKDiskBufferingCReader and CLHSegmentReader,named,,,
00c0a370,92,LH_GetFirstSegmentInfo,between PKDiskBufferingCReader and CLHSegmentReader,named,,,
00c0a3e0,64,CLHSegmentReader_Clear,between PKDiskBufferingCReader and CLHSegmentReader,named,,,
00c0a430,653,LH_DecodeSegmentStructure,CLHSegmentReader,named,,,
00c0a700,24,CLHSegmentReader_HasSegment,CLHSegmentReader,named,,,
00c0a720,47,CLHSegmentReader_GetSegmentOffsetAndSize,CLHSegmentReader,named,,,
00c0a750,40,CLHSegmentReader_GetCachedSegmentStream,CLHSegmentReader,named,,,
00c0a780,80,CLHSegmentReader_Destructor,CLHSegmentReader,named,,,
00c0a7d0,432,CLHSegmentReader_CacheSegment,CLHSegmentReader,named,,,
00c0a980,27,CLHSegmentReader_Constructor,between CLHSegmentReader and RiffCInfo,named,,,
00c0a9d0,12,FUN_00c0a9d0,between CLHSegmentReader and RiffCInfo,unclassified,,,
00c0a9f0,23,FUN_00c0a9f0,between CLHSegmentReader and RiffCInfo,unclassified,,,
00c0aaa0,23,FUN_00c0aaa0,between CLHSegmentReader and RiffCInfo,unclassified,,,
00c0ab10,14,Dtor_00c0ab10,between CLHSegmentReader and RiffCInfo,destructor,,,
00c0ab70,77,CLHSegmentEntry_Constructor,between CLHSegmentReader and RiffCInfo,named,,,
00c0abc0,101,CLHSegmentEntry_Destructor,between CLHSegmentReader and RiffCInfo,named,,,
00c0ac30,27,ScalarDeletingDtor_00c0ac30,between CLHSegmentReader and RiffCInfo,scalar deleting destructor,,,
00c0ac50,21,Ctor_vt00da3034_00c0ac50,between CLHSegmentReader and RiffCInfo,constructor,,,
00c0ac70,27,ScalarDeletingDtor_00c0ac70,between CLHSegmentReader and RiffCInfo,scalar deleting destructor,,,
00c0ac90,198,PKCAutoDelete_Get_00c0ac90,between CLHSegmentReader and RiffCInfo,named,,,
00c0ad60,207,PKCAutoDelete_Release_00c0ad60,between CLHSegmentReader and RiffCInfo,named,,,
00c0ae30,366,PKCAutoDelete_Set_00c0ae30,between CLHSegmentReader and RiffCInfo,named,,,
00c0afa0,14,Dtor_00c0afa0,between CLHSegmentReader and RiffCInfo,destructor,,,
00c0afe0,66,FUN_00c0afe0,between CLHSegmentReader and RiffCInfo,unclassified,,,
00c0b030,27,Ctor_vt00da3074_00c0b030,between CLHSegmentReader and RiffCInfo,constructor,,,
00c0b050,27,ScalarDeletingDtor_00c0b050,between CLHSegmentReader and RiffCInfo,scalar deleting destructor,?Clone@CCreatureAction_JackScream@@UBEPAVCCreatureActionBase@@XZ,size-run,
00c0b080,56,FUN_00c0b080,between CLHSegmentReader and RiffCInfo,unclassified,CScriptGameResourceObjectScriptedThingBase,size-run,
00c0b0c0,35,FUN_00c0b0c0,between CLHSegmentReader and RiffCInfo,unclassified,?Clone@CCreatureAction_JackDeathInto@@UBEPAVCCreatureActionBase@@XZ,size-run,
00c0b0f0,35,FUN_00c0b0f0,between CLHSegmentReader and RiffCInfo,unclassified,?Clone@CCreatureAction_JackFloatUp@@UBEPAVCCreatureActionBase@@XZ,size-run,
00c0b120,69,FUN_00c0b120,between CLHSegmentReader and RiffCInfo,unclassified,CMultiStaticMeshEntryDef,size-run,
00c0b170,78,FUN_00c0b170,between CLHSegmentReader and RiffCInfo,unclassified,?Clone@CCreatureAction_JackFall@@UBEPAVCCreatureActionBase@@XZ,size-run,
00c0b1c0,140,FUN_00c0b1c0,between CLHSegmentReader and RiffCInfo,unclassified,,,
00c0b250,335,FUN_00c0b250,RiffCInfo,has assertion,,,
00c0b3a0,8,FUN_00c0b3a0,RiffCInfo,unclassified,,,
00c0b3b0,8,FUN_00c0b3b0,RiffCInfo,unclassified,,,
00c0b3f0,149,FUN_00c0b3f0,RiffCInfo,unclassified,,,
00c0b490,328,RiffCInfo_GetOrCreateChunk,RiffCInfo,named,,,
00c0b5e0,251,FUN_00c0b5e0,between RiffCInfo and PKAllocatorsCPooledMemory,unclassified,,,
00c0b6f0,389,FUN_00c0b6f0,between RiffCInfo and PKAllocatorsCPooledMemory,unclassified,,,
00c0b880,214,FUN_00c0b880,between RiffCInfo and PKAllocatorsCPooledMemory,unclassified,,,
00c0b960,280,FUN_00c0b960,between RiffCInfo and PKAllocatorsCPooledMemory,unclassified,,,
00c0ba80,311,FUN_00c0ba80,between RiffCInfo and PKAllocatorsCPooledMemory,unclassified,,,
00c0bbc0,327,FUN_00c0bbc0,between RiffCInfo and PKAllocatorsCPooledMemory,unclassified,,,
00c0bd10,250,Dtor_00c0bd10,between RiffCInfo and PKAllocatorsCPooledMemory,destructor,,,
00c0be20,158,FUN_00c0be20,between RiffCInfo and PKAllocatorsCPooledMemory,unclassified,,,
00c0bec0,626,FUN_00c0bec0,between RiffCInfo and PKAllocatorsCPooledMemory,unclassified,,,
00c0c140,198,FUN_00c0c140,between RiffCInfo and PKAllocatorsCPooledMemory,unclassified,,,
00c0c220,71,FUN_00c0c220,between RiffCInfo and PKAllocatorsCPooledMemory,unclassified,CCreatureAction_LeapLong,size-run,
00c0c270,15,FUN_00c0c270,between RiffCInfo and PKAllocatorsCPooledMemory,unclassified,?GetAnimationTransitionInTime@CCreatureAction_BanditKingUnstuck@@UBEJXZ,size-run,
00c0c280,8,FUN_00c0c280,between RiffCInfo and PKAllocatorsCPooledMemory,unclassified,?IsKnockdownStrike@CCreatureAction_BanditKingUnstuck@@UBE_NXZ,size-run,
00c0c290,77,FUN_00c0c290,between RiffCInfo and PKAllocatorsCPooledMemory,unclassified,CCreatureAction_SheatheWeapons,size-run,
00c0c2e0,12,FUN_00c0c2e0,between RiffCInfo and PKAllocatorsCPooledMemory,unclassified,`vector_deleting_destructor',size-run,
00c0c300,7,SetVtable_00d9d9b4_00c0c300,between RiffCInfo and PKAllocatorsCPooledMemory,vtable setter,`vector_deleting_destructor',size-run,
00c0c340,17,FUN_00c0c340,between RiffCInfo and PKAllocatorsCPooledMemory,unclassified,,,
00c0c3d0,153,LH_Array_Reserve_00c0c3d0,between RiffCInfo and PKAllocatorsCPooledMemory,array helper,,,
00c0c490,43,LH_Array_SetFilledSize_00c0c490,between RiffCInfo and PKAllocatorsCPooledMemory,array helper,,,
00c0c4c0,13,FUN_00c0c4c0,between RiffCInfo and PKAllocatorsCPooledMemory,unclassified,,,
00c0c4d0,73,LH_Array_FreeBuffer_00c0c4d0,between RiffCInfo and PKAllocatorsCPooledMemory,array helper,,,
00c0c530,49,FUN_00c0c530,between RiffCInfo and PKAllocatorsCPooledMemory,unclassified,,,
00c0c630,129,LH_Array_PushHeap_00c0c630,between RiffCInfo and PKAllocatorsCPooledMemory,array helper,,,
00c0c6c0,152,FUN_00c0c6c0,between RiffCInfo and PKAllocatorsCPooledMemory,unclassified,,,
00c0c7c0,27,ScalarDeletingDtor_00c0c7c0,between RiffCInfo and PKAllocatorsCPooledMemory,scalar deleting destructor,,,
00c0c7e0,388,PKCAutoDeleteArray_Set_00c0c7e0,between RiffCInfo and PKAllocatorsCPooledMemory,named,,,
00c0c9c0,14,Dtor_00c0c9c0,between RiffCInfo and PKAllocatorsCPooledMemory,destructor,,,
00c0ca90,27,ScalarDeletingDtor_00c0ca90,between RiffCInfo and PKAllocatorsCPooledMemory,scalar deleting destructor,,,
00c0cab0,207,PKCAutoDelete_Release_00c0cab0,between RiffCInfo and PKAllocatorsCPooledMemory,named,,,
00c0cba0,267,PKCAutoDeleteArray_At_00c0cba0,between RiffCInfo and PKAllocatorsCPooledMemory,named,,,
00c0ccb0,29,FUN_00c0ccb0,between RiffCInfo and PKAllocatorsCPooledMemory,unclassified,,,
00c0cce0,169,LH_Array_MedianOfThree_00c0cce0,between RiffCInfo and PKAllocatorsCPooledMemory,array helper,,,
00c0cd90,147,LH_Array_AdjustHeap_00c0cd90,between RiffCInfo and PKAllocatorsCPooledMemory,array helper,,,
00c0ce80,21,Ctor_vt00da30c0_00c0ce80,between RiffCInfo and PKAllocatorsCPooledMemory,constructor,?GetControlDirection@CInputTypeMouseWheelMovementEvent@@UBE?AVC2DVector@@ABVCInputEvent@@@Z,size-run,
00c0cea0,27,ScalarDeletingDtor_00c0cea0,between RiffCInfo and PKAllocatorsCPooledMemory,scalar deleting destructor,?GetControlDirection@CInputTypeMouseWheelMovementUpEvent@@UBE?AVC2DVector@@ABVCInputEvent@@@Z,size-run,
00c0cec0,14,Dtor_00c0cec0,between RiffCInfo and PKAllocatorsCPooledMemory,destructor,?GetControlDirection@CInputTypeMouseWheelMovementDownEvent@@UBE?AVC2DVector@@ABVCInputEvent@@@Z,size-run,
00c0cf00,156,FUN_00c0cf00,between RiffCInfo and PKAllocatorsCPooledMemory,unclassified,SetFacingAnglesFromRHSet,size-run,
00c0cfa0,60,FUN_00c0cfa0,between RiffCInfo and PKAllocatorsCPooledMemory,unclassified,AddExclusiveObserver,size-run,
00c0d030,27,Ctor_vt00da3150_00c0d030,between RiffCInfo and PKAllocatorsCPooledMemory,constructor,ApplyMovementVector,size-run,
00c0d050,27,ScalarDeletingDtor_00c0d050,between RiffCInfo and PKAllocatorsCPooledMemory,scalar deleting destructor,,,
00c0d070,27,ScalarDeletingDtor_00c0d070,between RiffCInfo and PKAllocatorsCPooledMemory,scalar deleting destructor,,,
00c0d090,685,LH_Sort_UnguardedPartition_00c0d090,between RiffCInfo and PKAllocatorsCPooledMemory,named,,,
00c0d370,242,LH_Sort_InsertionSort_00c0d370,between RiffCInfo and PKAllocatorsCPooledMemory,named,,,
00c0d4b0,26,FUN_00c0d4b0,between RiffCInfo and PKAllocatorsCPooledMemory,unclassified,,,
00c0d4e0,70,FUN_00c0d4e0,between RiffCInfo and PKAllocatorsCPooledMemory,unclassified,,,
00c0d530,26,FUN_00c0d530,between RiffCInfo and PKAllocatorsCPooledMemory,unclassified,,,
00c0d560,232,FUN_00c0d560,between RiffCInfo and PKAllocatorsCPooledMemory,unclassified,,,
00c0d670,36,FUN_00c0d670,between RiffCInfo and PKAllocatorsCPooledMemory,unclassified,,,
00c0d6c0,33,FUN_00c0d6c0,between RiffCInfo and PKAllocatorsCPooledMemory,unclassified,,,
00c0d6f0,18,FUN_00c0d6f0,between RiffCInfo and PKAllocatorsCPooledMemory,unclassified,,,
00c0d710,43,FUN_00c0d710,between RiffCInfo and PKAllocatorsCPooledMemory,unclassified,,,
00c0d750,88,Ctor_vt00da3178_00c0d750,between RiffCInfo and PKAllocatorsCPooledMemory,constructor,,,
00c0d7b0,160,Dtor_00c0d7b0,between RiffCInfo and PKAllocatorsCPooledMemory,destructor,,,
00c0d860,66,FUN_00c0d860,between RiffCInfo and PKAllocatorsCPooledMemory,unclassified,,,
00c0d900,17,FUN_00c0d900,between RiffCInfo and PKAllocatorsCPooledMemory,unclassified,,,
00c0d950,17,FUN_00c0d950,between RiffCInfo and PKAllocatorsCPooledMemory,unclassified,,,
00c0d9b0,198,PKCAutoDelete_Get_00c0d9b0,between RiffCInfo and PKAllocatorsCPooledMemory,named,,,
00c0da80,366,PKCAutoDelete_Set_00c0da80,between RiffCInfo and PKAllocatorsCPooledMemory,named,,,
00c0dbf0,27,ScalarDeletingDtor_00c0dbf0,between RiffCInfo and PKAllocatorsCPooledMemory,scalar deleting destructor,,,
00c0dc20,19,FUN_00c0dc20,between RiffCInfo and PKAllocatorsCPooledMemory,unclassified,,,
00c0dc40,65,FUN_00c0dc40,between RiffCInfo and PKAllocatorsCPooledMemory,has assertion,,,
00c0dc90,240,PKAllocatorsCPooledMemory_FreeBlocks,PKAllocatorsCPooledMemory,named,,,
00c0dd90,254,PKAllocatorsCPooledMemory_Free,PKAllocatorsCPooledMemory,named,,,
00c0de90,251,PKAllocatorsCPooledMemory_AddBlock,PKAllocatorsCPooledMemory,named,,,
00c0df90,299,PKAllocatorsCPooledMemory_Allocate,PKAllocatorsCPooledMemory,named,,,
00c0e150,82,Ctor_vt00da3248_00c0e150,between PKAllocatorsCPooledMemory and CVSTParameters,constructor,,,
00c0e1b0,27,ScalarDeletingDtor_00c0e1b0,between PKAllocatorsCPooledMemory and CVSTParameters,scalar deleting destructor,,,
00c0e1d0,73,Dtor_00c0e1d0,between PKAllocatorsCPooledMemory and CVSTParameters,destructor,,,
00c0e220,79,Dtor_00c0e220,between PKAllocatorsCPooledMemory and CVSTParameters,destructor,,,
00c0e270,30,ScalarDeletingDtor_00c0e270,between PKAllocatorsCPooledMemory and CVSTParameters,scalar deleting destructor,,,
00c0e2a0,79,Dtor_00c0e2a0,between PKAllocatorsCPooledMemory and CVSTParameters,destructor,,,
00c0e4c0,3,FUN_00c0e4c0,between PKAllocatorsCPooledMemory and CVSTParameters,unclassified,,,
00c0e4e0,23,FUN_00c0e4e0,between PKAllocatorsCPooledMemory and CVSTParameters,unclassified,,,
00c0e530,31,FUN_00c0e530,between PKAllocatorsCPooledMemory and CVSTParameters,unclassified,,,
00c0e550,14,FUN_00c0e550,between PKAllocatorsCPooledMemory and CVSTParameters,unclassified,,,
00c0e570,51,FUN_00c0e570,between PKAllocatorsCPooledMemory and CVSTParameters,unclassified,,,
00c0e5b0,32,FUN_00c0e5b0,between PKAllocatorsCPooledMemory and CVSTParameters,unclassified,,,
00c0e5d0,12,FUN_00c0e5d0,between PKAllocatorsCPooledMemory and CVSTParameters,unclassified,,,
00c0e630,58,FUN_00c0e630,between PKAllocatorsCPooledMemory and CVSTParameters,unclassified,,,
00c0e6e0,10,FUN_00c0e6e0,between PKAllocatorsCPooledMemory and CVSTParameters,unclassified,,,
00c0e750,10,FUN_00c0e750,between PKAllocatorsCPooledMemory and CVSTParameters,unclassified,,,
00c0e770,10,FUN_00c0e770,between PKAllocatorsCPooledMemory and CVSTParameters,unclassified,,,
00c0e780,10,FUN_00c0e780,between PKAllocatorsCPooledMemory and CVSTParameters,unclassified,,,
00c0e790,52,FUN_00c0e790,between PKAllocatorsCPooledMemory and CVSTParameters,unclassified,,,
00c0e7d0,57,FUN_00c0e7d0,between PKAllocatorsCPooledMemory and CVSTParameters,unclassified,Constraint_NotifyGlobalManager,body,1.00
00c0e870,10,FUN_00c0e870,between PKAllocatorsCPooledMemory and CVSTParameters,unclassified,,,
00c0e880,10,FUN_00c0e880,between PKAllocatorsCPooledMemory and CVSTParameters,unclassified,,,
00c0e920,45,FUN_00c0e920,between PKAllocatorsCPooledMemory and CVSTParameters,unclassified,,,
00c0e950,45,FUN_00c0e950,between PKAllocatorsCPooledMemory and CVSTParameters,unclassified,CIntelligentPointer<CThing_const_><CThing_const_>,size-run,
00c0e980,74,FUN_00c0e980,between PKAllocatorsCPooledMemory and CVSTParameters,unclassified,IS_THING_ALIVE<CIntelligentPointer<CThingPhysical_const_>_>,size-run,
00c0e9d0,90,Ctor_vt00da3284_00c0e9d0,between PKAllocatorsCPooledMemory and CVSTParameters,constructor,CCreatureAction_DeclarePlayerACriminal,size-run,
00c0ea30,95,Dtor_00c0ea30,between PKAllocatorsCPooledMemory and CVSTParameters,destructor,`scalar_deleting_destructor',size-run,
00c0ea90,8,FUN_00c0ea90,between PKAllocatorsCPooledMemory and CVSTParameters,unclassified,"FindMostRecentMessage<CFilter_Bind3<CMessageEventFilter_IsOfType,CMessageEventFilter_HasExtraData,CMessageEventFilter_OccuredBetween>_>",size-run,
00c0eaf0,72,FUN_00c0eaf0,between PKAllocatorsCPooledMemory and CVSTParameters,unclassified,FindYellForHelpEvent,size-run,
00c0eb40,72,FUN_00c0eb40,between PKAllocatorsCPooledMemory and CVSTParameters,unclassified,?IsRunnable@CAIStateGroup_MinionGuardHeardYellForHelp@@UAE_NXZ,size-run,
00c0eb90,52,FUN_00c0eb90,between PKAllocatorsCPooledMemory and CVSTParameters,unclassified,,,
00c0ebf0,27,ScalarDeletingDtor_00c0ebf0,between PKAllocatorsCPooledMemory and CVSTParameters,scalar deleting destructor,,,
00c0ec50,46,FUN_00c0ec50,between PKAllocatorsCPooledMemory and CVSTParameters,unclassified,,,
00c0ec80,48,FUN_00c0ec80,between PKAllocatorsCPooledMemory and CVSTParameters,unclassified,,,
00c0ece0,90,Ctor_vt00da32c0_00c0ece0,between PKAllocatorsCPooledMemory and CVSTParameters,constructor,,,
00c0ed40,95,Dtor_00c0ed40,between PKAllocatorsCPooledMemory and CVSTParameters,destructor,,,
00c0edf0,72,FUN_00c0edf0,between PKAllocatorsCPooledMemory and CVSTParameters,unclassified,,,
00c0ee40,72,FUN_00c0ee40,between PKAllocatorsCPooledMemory and CVSTParameters,unclassified,,,
00c0ee90,52,FUN_00c0ee90,between PKAllocatorsCPooledMemory and CVSTParameters,unclassified,,,
00c0eef0,27,ScalarDeletingDtor_00c0eef0,between PKAllocatorsCPooledMemory and CVSTParameters,scalar deleting destructor,,,
00c0ef70,26,FUN_00c0ef70,between PKAllocatorsCPooledMemory and CVSTParameters,unclassified,,,
00c0ef90,12,FUN_00c0ef90,between PKAllocatorsCPooledMemory and CVSTParameters,unclassified,,,
00c0efa0,12,FUN_00c0efa0,between PKAllocatorsCPooledMemory and CVSTParameters,unclassified,,,
00c0efb0,16,FUN_00c0efb0,between PKAllocatorsCPooledMemory and CVSTParameters,unclassified,,,
00c0efc0,10,FUN_00c0efc0,between PKAllocatorsCPooledMemory and CVSTParameters,unclassified,,,
00c0f000,27,FUN_00c0f000,between PKAllocatorsCPooledMemory and CVSTParameters,unclassified,,,
00c0f020,103,FUN_00c0f020,between PKAllocatorsCPooledMemory and CVSTParameters,unclassified,,,
00c0f090,79,FUN_00c0f090,between PKAllocatorsCPooledMemory and CVSTParameters,unclassified,LinkedList_ClearAndDestructor,body,1.00
00c0f0e0,23,FUN_00c0f0e0,between PKAllocatorsCPooledMemory and CVSTParameters,unclassified,,,
00c0f100,4,GetField_8_00c0f100,between PKAllocatorsCPooledMemory and CVSTParameters,field getter,,,
00c0f110,36,FUN_00c0f110,between PKAllocatorsCPooledMemory and CVSTParameters,unclassified,,,
00c0f140,32,FUN_00c0f140,between PKAllocatorsCPooledMemory and CVSTParameters,unclassified,,,
00c0f160,36,FUN_00c0f160,between PKAllocatorsCPooledMemory and CVSTParameters,unclassified,,,
00c0f190,22,FUN_00c0f190,between PKAllocatorsCPooledMemory and CVSTParameters,unclassified,,,
00c0f1b0,32,FUN_00c0f1b0,between PKAllocatorsCPooledMemory and CVSTParameters,unclassified,,,
00c0f200,86,Dtor_00c0f200,between PKAllocatorsCPooledMemory and CVSTParameters,destructor,CTCFishingSpot::Destructor_UnwindHelper,body,0.89
00c0f260,30,ScalarDeletingDtor_00c0f260,between PKAllocatorsCPooledMemory and CVSTParameters,scalar deleting destructor,,,
00c0f2e0,108,Ctor_vt00d9fbec_00c0f2e0,between PKAllocatorsCPooledMemory and CVSTParameters,constructor,,,
00c0f350,328,FUN_00c0f350,between PKAllocatorsCPooledMemory and CVSTParameters,unclassified,,,
00c0f4d0,66,FUN_00c0f4d0,between PKAllocatorsCPooledMemory and CVSTParameters,unclassified,,,
00c0f520,239,FUN_00c0f520,between PKAllocatorsCPooledMemory and CVSTParameters,unclassified,,,
00c0f620,245,FUN_00c0f620,between PKAllocatorsCPooledMemory and CVSTParameters,unclassified,CTCHeroStats_LoadFromStream,body,0.75
00c0f720,110,FUN_00c0f720,between PKAllocatorsCPooledMemory and CVSTParameters,unclassified,,,
00c0f790,112,FUN_00c0f790,between PKAllocatorsCPooledMemory and CVSTParameters,unclassified,,,
00c0f800,197,FUN_00c0f800,between PKAllocatorsCPooledMemory and CVSTParameters,unclassified,,,
00c0f8d0,197,FUN_00c0f8d0,between PKAllocatorsCPooledMemory and CVSTParameters,unclassified,,,
00c0f9a0,23,FUN_00c0f9a0,between PKAllocatorsCPooledMemory and CVSTParameters,unclassified,CPUAheadCounterCallback,size-run,
00c0f9c0,47,CPU_IsCpuidSupported,between PKAllocatorsCPooledMemory and CVSTParameters,named,CPU_IsCpuidSupported,size-run,1.00
00c0f9f0,186,CPU_GetIntelBrandName,between PKAllocatorsCPooledMemory and CVSTParameters,named,CPU_GetIntelBrandName,size-run,0.89
00c0fad0,140,CPU_GetAMDBrandName,between PKAllocatorsCPooledMemory and CVSTParameters,named,CPU_GetAMDBrandName,size-run,1.00
00c0fb60,75,FUN_00c0fb60,between PKAllocatorsCPooledMemory and CVSTParameters,unclassified,GetRenderLayerMask,size-run,
00c0fbb0,76,FUN_00c0fbb0,between PKAllocatorsCPooledMemory and CVSTParameters,unclassified,GetModifierScalingType,size-run,
00c0fc00,186,FUN_00c0fc00,between PKAllocatorsCPooledMemory and CVSTParameters,unclassified,CPU_CalibrateTSCFrequency,size-run,0.63
00c0fcc0,148,FUN_00c0fcc0,between PKAllocatorsCPooledMemory and CVSTParameters,unclassified,CPU_FindNearestRoundedValue,size-run,0.97
00c0fd60,1023,CPU_InitCapabilities,between PKAllocatorsCPooledMemory and CVSTParameters,named,InitCPUCapabilities,body,0.85
00c10170,31,FUN_00c10170,between PKAllocatorsCPooledMemory and CVSTParameters,unclassified,,,
00c10190,37,FUN_00c10190,between PKAllocatorsCPooledMemory and CVSTParameters,unclassified,,,
00c101c0,17,FUN_00c101c0,between PKAllocatorsCPooledMemory and CVSTParameters,unclassified,,,
00c101e0,49,Dtor_00c101e0,between PKAllocatorsCPooledMemory and CVSTParameters,destructor,,,
00c10220,30,ScalarDeletingDtor_00c10220,between PKAllocatorsCPooledMemory and CVSTParameters,scalar deleting destructor,,,
00c10240,171,FUN_00c10240,between PKAllocatorsCPooledMemory and CVSTParameters,unclassified,Audio_InitDirectSound3D,body,0.83
00c102f0,38,Wrap_CoUninitialize_00c102f0,between PKAllocatorsCPooledMemory and CVSTParameters,Win32/CRT wrapper,,,
00c10420,95,FUN_00c10420,between PKAllocatorsCPooledMemory and CVSTParameters,unclassified,,,
00c10480,95,FUN_00c10480,between PKAllocatorsCPooledMemory and CVSTParameters,unclassified,,,
00c104e0,95,FUN_00c104e0,between PKAllocatorsCPooledMemory and CVSTParameters,unclassified,,,
00c10540,95,FUN_00c10540,between PKAllocatorsCPooledMemory and CVSTParameters,unclassified,,,
00c105a0,95,FUN_00c105a0,between PKAllocatorsCPooledMemory and CVSTParameters,unclassified,,,
00c10630,95,FUN_00c10630,between PKAllocatorsCPooledMemory and CVSTParameters,unclassified,,,
00c10690,95,FUN_00c10690,between PKAllocatorsCPooledMemory and CVSTParameters,unclassified,,,
00c10720,89,FUN_00c10720,between PKAllocatorsCPooledMemory and CVSTParameters,unclassified,,,
00c10780,89,FUN_00c10780,between PKAllocatorsCPooledMemory and CVSTParameters,unclassified,,,
00c107e0,95,FUN_00c107e0,between PKAllocatorsCPooledMemory and CVSTParameters,unclassified,,,
00c10840,95,FUN_00c10840,between PKAllocatorsCPooledMemory and CVSTParameters,unclassified,,,
00c108a0,95,FUN_00c108a0,between PKAllocatorsCPooledMemory and CVSTParameters,unclassified,,,
00c10900,95,FUN_00c10900,between PKAllocatorsCPooledMemory and CVSTParameters,unclassified,,,
00c10960,89,FUN_00c10960,between PKAllocatorsCPooledMemory and CVSTParameters,unclassified,,,
00c109c0,89,FUN_00c109c0,between PKAllocatorsCPooledMemory and CVSTParameters,unclassified,,,
00c10a20,89,FUN_00c10a20,between PKAllocatorsCPooledMemory and CVSTParameters,unclassified,,,
00c10ab0,7,SetVtable_00da34b0_00c10ab0,between PKAllocatorsCPooledMemory and CVSTParameters,vtable setter,,,
00c10af0,75,FUN_00c10af0,between PKAllocatorsCPooledMemory and CVSTParameters,unclassified,Pow2_Float,body,0.96
00c10b40,109,FUN_00c10b40,between PKAllocatorsCPooledMemory and CVSTParameters,unclassified,,,
00c10d80,144,FUN_00c10d80,between PKAllocatorsCPooledMemory and CVSTParameters,unclassified,SetVWindowsForDeprecatedDrawInterface,size-run,
00c10e70,144,FUN_00c10e70,between PKAllocatorsCPooledMemory and CVSTParameters,unclassified,SetVWindowsForDeprecatedDrawInterface,size-run,
00c110c0,77,Ctor_vt00da34b4_00c110c0,between PKAllocatorsCPooledMemory and CVSTParameters,constructor,CAIStateGroupBase,size-run,
00c11140,85,Dtor_00c11140,between PKAllocatorsCPooledMemory and CVSTParameters,destructor,~CScriptDefinitionManager,size-run,
00c111a0,20,FUN_00c111a0,between PKAllocatorsCPooledMemory and CVSTParameters,unclassified,ChangeCameraAngle,size-run,
00c111c0,889,FUN_00c111c0,between PKAllocatorsCPooledMemory and CVSTParameters,unclassified,Attribute_SetClamped,size-run,0.48
00c11540,456,FUN_00c11540,between PKAllocatorsCPooledMemory and CVSTParameters,unclassified,Audio_InitializeParameters,size-run,0.39
00c11710,152,FUN_00c11710,between PKAllocatorsCPooledMemory and CVSTParameters,unclassified,Audio_ApplyEffectChain,size-run,0.76
00c117b0,30,ScalarDeletingDtor_00c117b0,between PKAllocatorsCPooledMemory and CVSTParameters,scalar deleting destructor,`vector_deleting_destructor',size-run,
00c11800,680,FUN_00c11800,between PKAllocatorsCPooledMemory and CVSTParameters,unclassified,Audio_MixStereoSamples,size-run,0.84
00c11ab0,75,FUN_00c11ab0,between PKAllocatorsCPooledMemory and CVSTParameters,unclassified,Pow2_Float,size-run,0.96
00c11b10,109,FUN_00c11b10,between PKAllocatorsCPooledMemory and CVSTParameters,unclassified,,,
00c11b90,16,FUN_00c11b90,between PKAllocatorsCPooledMemory and CVSTParameters,unclassified,,,
00c11c50,23,FUN_00c11c50,between PKAllocatorsCPooledMemory and CVSTParameters,unclassified,,,
00c11c80,37,FUN_00c11c80,between PKAllocatorsCPooledMemory and CVSTParameters,unclassified,,,
00c11cc0,651,FUN_00c11cc0,between PKAllocatorsCPooledMemory and CVSTParameters,unclassified,C3DMeshFileXBoundingBoxChunk_UpdateAudioProperties,body,0.63
00c11f50,129,FUN_00c11f50,between PKAllocatorsCPooledMemory and CVSTParameters,unclassified,,,
00c11fe0,221,FUN_00c11fe0,between PKAllocatorsCPooledMemory and CVSTParameters,unclassified,AudioBuffer_ApplyGainFilter,body,0.61
00c120c0,52,FUN_00c120c0,between PKAllocatorsCPooledMemory and CVSTParameters,unclassified,,,
00c12100,18,Ctor_vt00da354c_00c12100,between PKAllocatorsCPooledMemory and CVSTParameters,constructor,,,
00c12120,18,Ctor_vt00da3560_00c12120,between PKAllocatorsCPooledMemory and CVSTParameters,constructor,,,
00c12140,18,Ctor_vt00da3574_00c12140,between PKAllocatorsCPooledMemory and CVSTParameters,constructor,,,
00c12160,18,Ctor_vt00da3588_00c12160,between PKAllocatorsCPooledMemory and CVSTParameters,constructor,,,
00c12180,18,Ctor_vt00da359c_00c12180,between PKAllocatorsCPooledMemory and CVSTParameters,constructor,,,
00c121a0,18,Ctor_vt00da35b0_00c121a0,between PKAllocatorsCPooledMemory and CVSTParameters,constructor,,,
00c121c0,100,Dtor_00c121c0,between PKAllocatorsCPooledMemory and CVSTParameters,destructor,,,
00c12260,153,FUN_00c12260,between PKAllocatorsCPooledMemory and CVSTParameters,unclassified,,,
00c12300,587,FUN_00c12300,between PKAllocatorsCPooledMemory and CVSTParameters,unclassified,,,
00c12550,30,ScalarDeletingDtor_00c12550,between PKAllocatorsCPooledMemory and CVSTParameters,scalar deleting destructor,,,
00c12580,30,ScalarDeletingDtor_00c12580,between PKAllocatorsCPooledMemory and CVSTParameters,scalar deleting destructor,,,
00c125b0,30,ScalarDeletingDtor_00c125b0,between PKAllocatorsCPooledMemory and CVSTParameters,scalar deleting destructor,,,
00c125e0,30,ScalarDeletingDtor_00c125e0,between PKAllocatorsCPooledMemory and CVSTParameters,scalar deleting destructor,,,
00c12610,30,ScalarDeletingDtor_00c12610,between PKAllocatorsCPooledMemory and CVSTParameters,scalar deleting destructor,,,
00c12640,30,ScalarDeletingDtor_00c12640,between PKAllocatorsCPooledMemory and CVSTParameters,scalar deleting destructor,,,
00c12670,114,Ctor_vt00da35c8_00c12670,between PKAllocatorsCPooledMemory and CVSTParameters,constructor,,,
00c126f0,30,ScalarDeletingDtor_00c126f0,between PKAllocatorsCPooledMemory and CVSTParameters,scalar deleting destructor,,,
00c12710,96,FUN_00c12710,between PKAllocatorsCPooledMemory and CVSTParameters,unclassified,,,
00c12830,7,SetVtable_00d9fbe8_00c12830,between PKAllocatorsCPooledMemory and CVSTParameters,vtable setter,,,
00c12860,30,ScalarDeletingDtor_00c12860,between PKAllocatorsCPooledMemory and CVSTParameters,scalar deleting destructor,,,
00c12920,78,OpenALContext_alGetProcAddress_00c12920,between PKAllocatorsCPooledMemory and CVSTParameters,OpenAL wrapper,CAudioContext::GetProcAddress,body,0.76
00c12970,67,FUN_00c12970,between PKAllocatorsCPooledMemory and CVSTParameters,unclassified,,,
00c129c0,67,FUN_00c129c0,between PKAllocatorsCPooledMemory and CVSTParameters,unclassified,,,
00c12a10,64,FUN_00c12a10,between PKAllocatorsCPooledMemory and CVSTParameters,unclassified,,,
00c12a50,50,OpenALContext_alcSuspendContext_00c12a50,between PKAllocatorsCPooledMemory and CVSTParameters,OpenAL wrapper,,,
00c12a90,50,OpenALContext_alcProcessContext_00c12a90,between PKAllocatorsCPooledMemory and CVSTParameters,OpenAL wrapper,GetWaterGenerator,size-run,
00c12ad0,53,FUN_00c12ad0,between PKAllocatorsCPooledMemory and CVSTParameters,unclassified,OpenAL_InitAudioFunctions,size-run,0.55
00c12b10,71,OpenALContext_alcDestroyContext_00c12b10,between PKAllocatorsCPooledMemory and CVSTParameters,OpenAL wrapper,AudioContext_Destroy,size-run,1.00
00c12b60,67,OpenALContext_alcIsExtensionPresent_00c12b60,between PKAllocatorsCPooledMemory and CVSTParameters,OpenAL wrapper,CAudioContext_GetExtensionProc,size-run,0.61
00c12bb0,50,OpenALContext_alcGetString_00c12bb0,between PKAllocatorsCPooledMemory and CVSTParameters,OpenAL wrapper,CAudioContext_GetStringProc,size-run,0.69
00c12bf0,82,OpenALContext_alcOpenDevice_00c12bf0,between PKAllocatorsCPooledMemory and CVSTParameters,OpenAL wrapper,OpenAL_InitAlcOpenDevice,size-run,0.64
00c12c50,107,FUN_00c12c50,between PKAllocatorsCPooledMemory and CVSTParameters,unclassified,,,
00c12cf0,268,FUN_00c12cf0,between PKAllocatorsCPooledMemory and CVSTParameters,unclassified,,,
00c12e00,65,FUN_00c12e00,between PKAllocatorsCPooledMemory and CVSTParameters,unclassified,,,
00c12e50,147,Ctor_vt00da373c_00c12e50,between PKAllocatorsCPooledMemory and CVSTParameters,constructor,,,
00c12f20,308,FUN_00c12f20,between PKAllocatorsCPooledMemory and CVSTParameters,unclassified,,,
00c13060,89,FUN_00c13060,between PKAllocatorsCPooledMemory and CVSTParameters,unclassified,C3DAnimationUtil_OnNotify,size-run,0.35
00c130c0,127,FUN_00c130c0,between PKAllocatorsCPooledMemory and CVSTParameters,unclassified,CAudioContext_GetEAXProc,size-run,0.80
00c13140,50,OpenALContext_alcSuspendContext_00c13140,between PKAllocatorsCPooledMemory and CVSTParameters,OpenAL wrapper,CAudioContext_GetSuspendProc,size-run,1.00
00c13180,60,OpenALContext_alcProcessContext_00c13180,between PKAllocatorsCPooledMemory and CVSTParameters,OpenAL wrapper,CAudioContext::ProcessContext,size-run,1.00
00c131f0,84,FUN_00c131f0,between PKAllocatorsCPooledMemory and CVSTParameters,unclassified,StringCopy_ValidateLength,size-run,0.95
00c13250,84,OpenALContext_alListener3f_00c13250,between PKAllocatorsCPooledMemory and CVSTParameters,OpenAL wrapper,CAudioContext::Listener3f,size-run,0.70
00c132b0,69,OpenALContext_alDistanceModel_00c132b0,between PKAllocatorsCPooledMemory and CVSTParameters,OpenAL wrapper,CAudioContext::DistanceModel,size-run,0.67
00c13300,69,OpenALContext_alGetString_00c13300,between PKAllocatorsCPooledMemory and CVSTParameters,OpenAL wrapper,CAudioContext::GetString,size-run,0.67
00c13350,86,OpenALContext_alIsExtensionPresent_00c13350,between PKAllocatorsCPooledMemory and CVSTParameters,OpenAL wrapper,CAudioContext_CheckExtensionPresent,size-run,0.61
00c133b0,64,FUN_00c133b0,between PKAllocatorsCPooledMemory and CVSTParameters,unclassified,GetWaterGenerator,size-run,
00c133f0,82,OpenALContext_alcCloseDevice_00c133f0,between PKAllocatorsCPooledMemory and CVSTParameters,OpenAL wrapper,DestroyWaterGenerator,size-run,
00c13450,126,OpenALContext_alGetString_00c13450,between PKAllocatorsCPooledMemory and CVSTParameters,OpenAL wrapper,OpenAL_CheckCreativeEAX3Support,size-run,0.72
00c134d0,175,Dtor_00c134d0,between PKAllocatorsCPooledMemory and CVSTParameters,destructor,CEngineWaterRenderer_Destructor,size-run,0.31
00c13580,112,FUN_00c13580,between PKAllocatorsCPooledMemory and CVSTParameters,unclassified,CEngineWaterRenderer_ReleaseAudioResources,size-run,0.33
00c135f0,22,FUN_00c135f0,between PKAllocatorsCPooledMemory and CVSTParameters,unclassified,,,
00c13620,18,Ctor_vt00da37e8_00c13620,between PKAllocatorsCPooledMemory and CVSTParameters,constructor,,,
00c13650,127,FUN_00c13650,between PKAllocatorsCPooledMemory and CVSTParameters,unclassified,CAudioContext::EAXSet,body,0.80
00c136f0,64,FUN_00c136f0,between PKAllocatorsCPooledMemory and CVSTParameters,unclassified,,,
00c13730,30,ScalarDeletingDtor_00c13730,between PKAllocatorsCPooledMemory and CVSTParameters,scalar deleting destructor,,,
00c13750,507,FUN_00c13750,between PKAllocatorsCPooledMemory and CVSTParameters,unclassified,,,
00c13950,18,Ctor_vt00da3868_00c13950,between PKAllocatorsCPooledMemory and CVSTParameters,constructor,,,
00c13970,30,ScalarDeletingDtor_00c13970,between PKAllocatorsCPooledMemory and CVSTParameters,scalar deleting destructor,,,
00c139a0,83,FUN_00c139a0,between PKAllocatorsCPooledMemory and CVSTParameters,unclassified,,,
00c13a00,30,ScalarDeletingDtor_00c13a00,between PKAllocatorsCPooledMemory and CVSTParameters,scalar deleting destructor,,,
00c13a30,334,FUN_00c13a30,between PKAllocatorsCPooledMemory and CVSTParameters,unclassified,CAudioContext_ConfigureListener,body,0.75
00c13df0,83,FUN_00c13df0,between PKAllocatorsCPooledMemory and CVSTParameters,unclassified,,,
00c13e60,18,Ctor_vt00da38b8_00c13e60,between PKAllocatorsCPooledMemory and CVSTParameters,constructor,,,
00c13e90,11,Dtor_00c13e90,between PKAllocatorsCPooledMemory and CVSTParameters,destructor,,,
00c13fb0,30,ScalarDeletingDtor_00c13fb0,between PKAllocatorsCPooledMemory and CVSTParameters,scalar deleting destructor,,,
00c13fd0,7,SetVtable_00d9fbe8_00c13fd0,between PKAllocatorsCPooledMemory and CVSTParameters,vtable setter,,,
00c14030,159,FUN_00c14030,between PKAllocatorsCPooledMemory and CVSTParameters,unclassified,,,
00c14180,59,FUN_00c14180,between PKAllocatorsCPooledMemory and CVSTParameters,unclassified,,,
00c141c0,92,FUN_00c141c0,between PKAllocatorsCPooledMemory and CVSTParameters,unclassified,,,
00c14220,67,FUN_00c14220,between PKAllocatorsCPooledMemory and CVSTParameters,unclassified,,,
00c14310,356,FUN_00c14310,between PKAllocatorsCPooledMemory and CVSTParameters,unclassified,,,
00c144b0,30,ScalarDeletingDtor_00c144b0,between PKAllocatorsCPooledMemory and CVSTParameters,scalar deleting destructor,,,
00c144d0,41,FUN_00c144d0,between PKAllocatorsCPooledMemory and CVSTParameters,unclassified,,,
00c14500,111,Dtor_00c14500,between PKAllocatorsCPooledMemory and CVSTParameters,destructor,,,
00c145b0,202,FUN_00c145b0,between PKAllocatorsCPooledMemory and CVSTParameters,unclassified,,,
00c14680,30,ScalarDeletingDtor_00c14680,between PKAllocatorsCPooledMemory and CVSTParameters,scalar deleting destructor,,,
00c146a0,18,Ctor_vt00da3940_00c146a0,between PKAllocatorsCPooledMemory and CVSTParameters,constructor,,,
00c146d0,11,Dtor_00c146d0,between PKAllocatorsCPooledMemory and CVSTParameters,destructor,,,
00c14730,30,ScalarDeletingDtor_00c14730,between PKAllocatorsCPooledMemory and CVSTParameters,scalar deleting destructor,,,
00c14780,24,FUN_00c14780,between PKAllocatorsCPooledMemory and CVSTParameters,unclassified,,,
00c147b0,65,OpenALContext_alGenBuffers_00c147b0,between PKAllocatorsCPooledMemory and CVSTParameters,OpenAL wrapper,CAudioContext_GenerateBuffers,body,0.69
00c14800,65,OpenALContext_alDeleteBuffers_00c14800,between PKAllocatorsCPooledMemory and CVSTParameters,OpenAL wrapper,CAudioContext_DeleteBuffers,body,0.69
00c14850,80,OpenALContext_alBufferData_00c14850,between PKAllocatorsCPooledMemory and CVSTParameters,OpenAL wrapper,Audio_SetupBufferData,body,0.70
00c148a0,65,OpenALContext_alGenSources_00c148a0,between PKAllocatorsCPooledMemory and CVSTParameters,OpenAL wrapper,CAudioContext_CallAlGenSources,body,0.69
00c148f0,65,OpenALContext_alDeleteSources_00c148f0,between PKAllocatorsCPooledMemory and CVSTParameters,OpenAL wrapper,CAudioContext::DeleteSources,body,0.69
00c14940,70,OpenALContext_alSourcei_00c14940,between PKAllocatorsCPooledMemory and CVSTParameters,OpenAL wrapper,Audio_SetSourceInteger,body,0.70
00c14990,70,OpenALContext_alGetSourcei_00c14990,between PKAllocatorsCPooledMemory and CVSTParameters,OpenAL wrapper,CAudioContext::GetSourcei,body,0.70
00c149e0,75,OpenALContext_alSourcePlay_00c149e0,between PKAllocatorsCPooledMemory and CVSTParameters,OpenAL wrapper,CAudioContext::PlaySource,body,0.70
00c14a30,75,OpenALContext_alSourceStop_00c14a30,between PKAllocatorsCPooledMemory and CVSTParameters,OpenAL wrapper,CAudioContext_CallAlSourceStop,body,0.70
00c14a80,79,OpenALContext_alSourceQueueBuffers_00c14a80,between PKAllocatorsCPooledMemory and CVSTParameters,OpenAL wrapper,CAudioContext_CallAlSourceQueueBuffers,body,0.70
00c14ad0,79,OpenALContext_alSourceUnqueueBuffers_00c14ad0,between PKAllocatorsCPooledMemory and CVSTParameters,OpenAL wrapper,CAudioContext::SourceUnqueueBuffers,body,0.70
00c14b20,67,OpenALContext_alGetError_00c14b20,between PKAllocatorsCPooledMemory and CVSTParameters,OpenAL wrapper,OpenAL_InitAlGetError,body,0.77
00c14b70,77,OpenALContext_alGetEnumValue_00c14b70,between PKAllocatorsCPooledMemory and CVSTParameters,OpenAL wrapper,CAudioContext::GetEnumValue,body,0.70
00c14bc0,41,FUN_00c14bc0,between PKAllocatorsCPooledMemory and CVSTParameters,unclassified,,,
00c14bf0,88,Dtor_00c14bf0,between PKAllocatorsCPooledMemory and CVSTParameters,destructor,,,
00c14e00,299,FUN_00c14e00,between PKAllocatorsCPooledMemory and CVSTParameters,unclassified,,,
00c14fb0,292,FUN_00c14fb0,between PKAllocatorsCPooledMemory and CVSTParameters,unclassified,CAudioSource_BufferNextFrame,body,0.66
00c150e0,193,FUN_00c150e0,between PKAllocatorsCPooledMemory and CVSTParameters,unclassified,CAudioSource_UnqueueProcessedBuffer,body,0.65
00c151b0,30,ScalarDeletingDtor_00c151b0,between PKAllocatorsCPooledMemory and CVSTParameters,scalar deleting destructor,,,
00c15340,7,SetVtable_00d9fbe8_00c15340,between PKAllocatorsCPooledMemory and CVSTParameters,vtable setter,,,
00c15620,63,FUN_00c15620,between PKAllocatorsCPooledMemory and CVSTParameters,unclassified,,,
00c15660,85,FUN_00c15660,between PKAllocatorsCPooledMemory and CVSTParameters,unclassified,,,
00c156c0,126,FUN_00c156c0,between PKAllocatorsCPooledMemory and CVSTParameters,unclassified,,,
00c15740,126,FUN_00c15740,between PKAllocatorsCPooledMemory and CVSTParameters,unclassified,,,
00c157c0,161,FUN_00c157c0,between PKAllocatorsCPooledMemory and CVSTParameters,unclassified,,,
00c15870,244,FUN_00c15870,between PKAllocatorsCPooledMemory and CVSTParameters,unclassified,,,
00c15970,267,FUN_00c15970,between PKAllocatorsCPooledMemory and CVSTParameters,unclassified,,,
00c15a80,267,FUN_00c15a80,between PKAllocatorsCPooledMemory and CVSTParameters,unclassified,,,
00c15b90,309,FUN_00c15b90,between PKAllocatorsCPooledMemory and CVSTParameters,unclassified,,,
00c15cd0,547,FUN_00c15cd0,between PKAllocatorsCPooledMemory and CVSTParameters,unclassified,AudioFormat_DecodeWithDeltas_Shifted,body,0.63
00c15f00,557,FUN_00c15f00,between PKAllocatorsCPooledMemory and CVSTParameters,unclassified,,,
00c16130,1010,FUN_00c16130,between PKAllocatorsCPooledMemory and CVSTParameters,unclassified,AudioFormat_DecodeMultiChannelWithDeltas,body,0.65
00c16640,77,FUN_00c16640,between PKAllocatorsCPooledMemory and CVSTParameters,unclassified,CArenaRoundDef_InitializeBuffers,body,1.00
00c166a0,30,ScalarDeletingDtor_00c166a0,between PKAllocatorsCPooledMemory and CVSTParameters,scalar deleting destructor,,,
00c16710,7,SetVtable_00da3ac0_00c16710,between PKAllocatorsCPooledMemory and CVSTParameters,vtable setter,,,
00c16720,29,FUN_00c16720,between PKAllocatorsCPooledMemory and CVSTParameters,unclassified,,,
00c16740,208,FUN_00c16740,between PKAllocatorsCPooledMemory and CVSTParameters,unclassified,FollowCamera_UpdateDamping,body,0.73
00c16810,432,FUN_00c16810,between PKAllocatorsCPooledMemory and CVSTParameters,unclassified,AudioStream_ProcessAudioSamples,body,0.70
00c169c0,37,Ctor_vt00da3ac0_00c169c0,between PKAllocatorsCPooledMemory and CVSTParameters,constructor,Ctor_ZeroInit_012b8f64,body,1.00
00c16b00,18,Ctor_vt00da3b70_00c16b00,between PKAllocatorsCPooledMemory and CVSTParameters,constructor,C3DAnimationUtil,size-run,
00c16b20,30,ScalarDeletingDtor_00c16b20,between PKAllocatorsCPooledMemory and CVSTParameters,scalar deleting destructor,`vector_deleting_destructor',size-run,
00c16b40,38,FUN_00c16b40,between PKAllocatorsCPooledMemory and CVSTParameters,unclassified,ClearScreenFilter,size-run,
00c16b70,8,FUN_00c16b70,between PKAllocatorsCPooledMemory and CVSTParameters,unclassified,Clear,size-run,
00c16b80,74,FUN_00c16b80,between PKAllocatorsCPooledMemory and CVSTParameters,unclassified,Write3DVector,size-run,
00c16c40,55,FUN_00c16c40,between PKAllocatorsCPooledMemory and CVSTParameters,unclassified,AddToRenderList,size-run,
00c16c80,55,FUN_00c16c80,between PKAllocatorsCPooledMemory and CVSTParameters,unclassified,AddToRenderList,size-run,
00c16cc0,25,FUN_00c16cc0,between PKAllocatorsCPooledMemory and CVSTParameters,unclassified,Close,size-run,
00c16ce0,10,FUN_00c16ce0,between PKAllocatorsCPooledMemory and CVSTParameters,unclassified,AddExclusiveObserver,size-run,
00c16cf0,161,FUN_00c16cf0,between PKAllocatorsCPooledMemory and CVSTParameters,unclassified,CAudioSource_UpdateDamping,size-run,0.77
00c16dc0,89,FUN_00c16dc0,between PKAllocatorsCPooledMemory and CVSTParameters,unclassified,GUI_ComputeAlphaBlend,size-run,0.24
00c16e20,318,FUN_00c16e20,between PKAllocatorsCPooledMemory and CVSTParameters,unclassified,Audio_ComputePitchFromVector,size-run,0.62
00c16f60,155,FUN_00c16f60,between PKAllocatorsCPooledMemory and CVSTParameters,unclassified,,,
00c17010,19,FUN_00c17010,between PKAllocatorsCPooledMemory and CVSTParameters,unclassified,,,
00c17030,25,Ctor_vt00d9fc78_00c17030,between PKAllocatorsCPooledMemory and CVSTParameters,constructor,C3DAnimationBlendState,size-run,
00c17050,89,FUN_00c17050,between PKAllocatorsCPooledMemory and CVSTParameters,unclassified,GetCurrentScreen,size-run,
00c170b0,56,FUN_00c170b0,between PKAllocatorsCPooledMemory and CVSTParameters,unclassified,CAudioSource_SetInitialTimeOffset,size-run,0.60
00c170f0,210,FUN_00c170f0,between PKAllocatorsCPooledMemory and CVSTParameters,unclassified,GraphicalElement_ComputeAnimationTransform,size-run,0.60
00c171d0,60,FUN_00c171d0,between PKAllocatorsCPooledMemory and CVSTParameters,unclassified,Animation_ComputeFrameRate,size-run,0.67
00c17210,94,FUN_00c17210,between PKAllocatorsCPooledMemory and CVSTParameters,unclassified,Math_ComputeExponent,size-run,0.66
00c17270,64,FUN_00c17270,between PKAllocatorsCPooledMemory and CVSTParameters,unclassified,Graphics_TimeToPixelsWrapper,size-run,0.40
00c172b0,361,FUN_00c172b0,between PKAllocatorsCPooledMemory and CVSTParameters,unclassified,CAudioSource_UpdateTimeOffset,size-run,0.66
00c17450,37,FUN_00c17450,between PKAllocatorsCPooledMemory and CVSTParameters,unclassified,,,
00c174e0,18,FUN_00c174e0,between PKAllocatorsCPooledMemory and CVSTParameters,unclassified,,,
00c176b0,29,FUN_00c176b0,between PKAllocatorsCPooledMemory and CVSTParameters,unclassified,OnCreate,size-run,
00c176d0,29,FUN_00c176d0,between PKAllocatorsCPooledMemory and CVSTParameters,unclassified,Update,size-run,
00c17780,49,FUN_00c17780,between PKAllocatorsCPooledMemory and CVSTParameters,unclassified,Update,size-run,
00c178a0,187,FUN_00c178a0,between PKAllocatorsCPooledMemory and CVSTParameters,unclassified,CAudioSource_ComputeBufferTime,size-run,0.41
00c17960,118,FUN_00c17960,between PKAllocatorsCPooledMemory and CVSTParameters,unclassified,CAudioSource_UpdateTimeOffsetAdvanced,size-run,0.44
00c179e0,171,FUN_00c179e0,between PKAllocatorsCPooledMemory and CVSTParameters,unclassified,CSound_ComputeEffectiveVolume,size-run,0.59
00c17be0,715,FUN_00c17be0,between PKAllocatorsCPooledMemory and CVSTParameters,unclassified,CAudioSource_UpdateScaleTransform,size-run,0.78
00c17eb0,382,FUN_00c17eb0,between PKAllocatorsCPooledMemory and CVSTParameters,unclassified,ReadFromFile,size-run,
00c18030,294,FUN_00c18030,between PKAllocatorsCPooledMemory and CVSTParameters,unclassified,CAudioSource_UpdateRotationDamping,size-run,0.72
00c18190,662,FUN_00c18190,between PKAllocatorsCPooledMemory and CVSTParameters,unclassified,C3DMeshFileXBoundingBoxChunk::LoadData,size-run,0.59
00c18430,108,FUN_00c18430,between PKAllocatorsCPooledMemory and CVSTParameters,unclassified,RenderTarget_ClearBuffer,size-run,0.80
00c184a0,105,FUN_00c184a0,between PKAllocatorsCPooledMemory and CVSTParameters,unclassified,CAudioSource_ApplyFilter,size-run,0.64
00c18510,178,FUN_00c18510,between PKAllocatorsCPooledMemory and CVSTParameters,unclassified,Audio_InterpolateAndPlaySample,body,0.78
00c186a0,169,Ctor_vt00d9fcc8_00c186a0,between PKAllocatorsCPooledMemory and CVSTParameters,constructor,,,
00c18800,309,FUN_00c18800,between PKAllocatorsCPooledMemory and CVSTParameters,unclassified,,,
00c18980,831,FUN_00c18980,between PKAllocatorsCPooledMemory and CVSTParameters,unclassified,,,
00c19200,203,FUN_00c19200,between PKAllocatorsCPooledMemory and CVSTParameters,unclassified,,,
00c19300,46,Ctor_vt00da325c_00c19300,between PKAllocatorsCPooledMemory and CVSTParameters,constructor,,,
00c19330,98,FUN_00c19330,between PKAllocatorsCPooledMemory and CVSTParameters,unclassified,,,
00c193a0,70,FUN_00c193a0,between PKAllocatorsCPooledMemory and CVSTParameters,unclassified,,,
00c193f0,4,FUN_00c193f0,between PKAllocatorsCPooledMemory and CVSTParameters,unclassified,,,
00c19430,166,FUN_00c19430,between PKAllocatorsCPooledMemory and CVSTParameters,unclassified,,,
00c19530,149,FUN_00c19530,between PKAllocatorsCPooledMemory and CVSTParameters,unclassified,,,
00c195e0,187,FUN_00c195e0,between PKAllocatorsCPooledMemory and CVSTParameters,unclassified,,,
00c19800,109,FUN_00c19800,between PKAllocatorsCPooledMemory and CVSTParameters,unclassified,,,
00c19960,55,FUN_00c19960,between PKAllocatorsCPooledMemory and CVSTParameters,unclassified,,,
00c199a0,140,FUN_00c199a0,between PKAllocatorsCPooledMemory and CVSTParameters,unclassified,CTCTavernGameCoinGolf_Update,body,0.61
00c19a30,1119,FUN_00c19a30,between PKAllocatorsCPooledMemory and CVSTParameters,unclassified,Mesh_UpdateVertexColors,body,0.77
00c19e90,126,FUN_00c19e90,between PKAllocatorsCPooledMemory and CVSTParameters,unclassified,CTCCarryable_OnCarryableKill,size-run,0.39
00c19f10,136,FUN_00c19f10,between PKAllocatorsCPooledMemory and CVSTParameters,unclassified,CTCCarryable_OnDamageOverTime,size-run,0.43
00c1a010,61,FUN_00c1a010,between PKAllocatorsCPooledMemory and CVSTParameters,unclassified,Direction_MapBitmaskToIndex,size-run,0.94
00c1a0f0,852,FUN_00c1a0f0,between PKAllocatorsCPooledMemory and CVSTParameters,unclassified,CTCHeroStats_UpdateSoundAndVisuals,size-run,0.66
00c1a490,56,FUN_00c1a490,between PKAllocatorsCPooledMemory and CVSTParameters,unclassified,CReactionMatch_SecondaryAxisCentredMRShifted,size-run,
00c1a4d0,24,FUN_00c1a4d0,between PKAllocatorsCPooledMemory and CVSTParameters,unclassified,Init,size-run,
00c1a4f0,54,FUN_00c1a4f0,between PKAllocatorsCPooledMemory and CVSTParameters,unclassified,Audio_ComputeTimeOffset,size-run,0.78
00c1a530,12,FUN_00c1a530,between PKAllocatorsCPooledMemory and CVSTParameters,unclassified,Init,size-run,
00c1a540,15,FUN_00c1a540,between PKAllocatorsCPooledMemory and CVSTParameters,unclassified,CThingSearchTools,size-run,
00c1a590,32,FUN_00c1a590,between PKAllocatorsCPooledMemory and CVSTParameters,unclassified,Timer_Advance,size-run,0.65
00c1a5b0,52,FUN_00c1a5b0,between PKAllocatorsCPooledMemory and CVSTParameters,unclassified,AudioBuffer_AdjustPlaybackPosition,size-run,0.67
00c1a620,49,FUN_00c1a620,between PKAllocatorsCPooledMemory and CVSTParameters,unclassified,Image_CopyRow,size-run,0.83
00c1a660,58,FUN_00c1a660,between PKAllocatorsCPooledMemory and CVSTParameters,unclassified,Image_FillRow,size-run,0.79
00c1a6a0,141,FUN_00c1a6a0,between PKAllocatorsCPooledMemory and CVSTParameters,unclassified,ImageData_CopyRows,size-run,0.90
00c1a730,32,FUN_00c1a730,between PKAllocatorsCPooledMemory and CVSTParameters,unclassified,CSoundInit,size-run,
00c1a750,30,ScalarDeletingDtor_00c1a750,between PKAllocatorsCPooledMemory and CVSTParameters,scalar deleting destructor,`vector_deleting_destructor',size-run,
00c1a7e0,132,FUN_00c1a7e0,between PKAllocatorsCPooledMemory and CVSTParameters,unclassified,,,
00c1a870,208,FUN_00c1a870,between PKAllocatorsCPooledMemory and CVSTParameters,unclassified,,,
00c1a950,141,FUN_00c1a950,between PKAllocatorsCPooledMemory and CVSTParameters,unclassified,Math_AccumulateFloatArray,body,0.98
00c1a9e0,84,FUN_00c1a9e0,between PKAllocatorsCPooledMemory and CVSTParameters,unclassified,,,
00c1aa60,86,FUN_00c1aa60,between PKAllocatorsCPooledMemory and CVSTParameters,unclassified,,,
00c1ab20,86,FUN_00c1ab20,between PKAllocatorsCPooledMemory and CVSTParameters,unclassified,IntBlock128_AddInPlace_c5d4b0,body,1.00
00c1abc0,32,FUN_00c1abc0,between PKAllocatorsCPooledMemory and CVSTParameters,unclassified,,,
00c1abe0,318,FUN_00c1abe0,between PKAllocatorsCPooledMemory and CVSTParameters,unclassified,,,
00c1ad20,176,FUN_00c1ad20,between PKAllocatorsCPooledMemory and CVSTParameters,unclassified,Animation_ComputeFrameOffset,body,0.63
00c1ae40,17,Wrap_DeleteCriticalSection_00c1ae40,between PKAllocatorsCPooledMemory and CVSTParameters,Win32/CRT wrapper,,,
00c1ae80,38,ScalarDeletingDtor_00c1ae80,between PKAllocatorsCPooledMemory and CVSTParameters,scalar deleting destructor,,,
00c1aed0,24,FUN_00c1aed0,between PKAllocatorsCPooledMemory and CVSTParameters,unclassified,,,
00c1aef0,158,FUN_00c1aef0,between PKAllocatorsCPooledMemory and CVSTParameters,unclassified,,,
00c1afd0,110,FUN_00c1afd0,between PKAllocatorsCPooledMemory and CVSTParameters,unclassified,,,
00c1b040,44,FUN_00c1b040,between PKAllocatorsCPooledMemory and CVSTParameters,unclassified,,,
00c1b0b0,70,Ctor_vt00da5928_00c1b0b0,between PKAllocatorsCPooledMemory and CVSTParameters,constructor,,,
00c1b110,108,Dtor_00c1b110,between PKAllocatorsCPooledMemory and CVSTParameters,destructor,,,
00c1b180,611,FUN_00c1b180,between PKAllocatorsCPooledMemory and CVSTParameters,unclassified,,,
00c1b3f0,30,ScalarDeletingDtor_00c1b3f0,between PKAllocatorsCPooledMemory and CVSTParameters,scalar deleting destructor,,,
00c1b420,45,FUN_00c1b420,between PKAllocatorsCPooledMemory and CVSTParameters,unclassified,Audio_IsDirectSoundInitialized,body,1.00
00c1b4e0,3,FUN_00c1b4e0,between PKAllocatorsCPooledMemory and CVSTParameters,unclassified,,,
00c1b4f0,243,FUN_00c1b4f0,between PKAllocatorsCPooledMemory and CVSTParameters,unclassified,Audio_InitializeDirectSound,body,0.82
00c1b600,237,FUN_00c1b600,between PKAllocatorsCPooledMemory and CVSTParameters,unclassified,Audio_QueryHardwareDevicePath,body,0.62
00c1b6f0,604,FUN_00c1b6f0,between PKAllocatorsCPooledMemory and CVSTParameters,unclassified,,,
00c1b9d0,109,FUN_00c1b9d0,between PKAllocatorsCPooledMemory and CVSTParameters,unclassified,,,
00c1ba40,22,FUN_00c1ba40,between PKAllocatorsCPooledMemory and CVSTParameters,unclassified,,,
00c1bab0,26,Wrap_CloseHandle_00c1bab0,between PKAllocatorsCPooledMemory and CVSTParameters,Win32/CRT wrapper,,,
00c1bb00,54,Wrap_CreateThread_00c1bb00,between PKAllocatorsCPooledMemory and CVSTParameters,Win32/CRT wrapper,,,
00c1bb40,26,Wrap_CloseHandle_00c1bb40,between PKAllocatorsCPooledMemory and CVSTParameters,Win32/CRT wrapper,,,
00c1bdb0,27,Wrap_CloseHandle_00c1bdb0,between PKAllocatorsCPooledMemory and CVSTParameters,Win32/CRT wrapper,,,
00c1bdd0,47,Wrap_CloseHandle_00c1bdd0,between PKAllocatorsCPooledMemory and CVSTParameters,Win32/CRT wrapper,,,
00c1be00,32,Wrap_CloseHandle_00c1be00,between PKAllocatorsCPooledMemory and CVSTParameters,Win32/CRT wrapper,,,
00c1be20,49,ScalarDeletingDtor_00c1be20,between PKAllocatorsCPooledMemory and CVSTParameters,scalar deleting destructor,,,
00c1be60,32,Wrap_CloseHandle_00c1be60,between PKAllocatorsCPooledMemory and CVSTParameters,Win32/CRT wrapper,,,
00c1be80,49,ScalarDeletingDtor_00c1be80,between PKAllocatorsCPooledMemory and CVSTParameters,scalar deleting destructor,,,
00c1bff0,52,Wrap_CloseHandle_00c1bff0,between PKAllocatorsCPooledMemory and CVSTParameters,Win32/CRT wrapper,,,
00c1c4d0,296,FUN_00c1c4d0,between PKAllocatorsCPooledMemory and CVSTParameters,unclassified,,,
00c1c600,33,Wrap_CloseHandle_00c1c600,between PKAllocatorsCPooledMemory and CVSTParameters,Win32/CRT wrapper,,,
00c1c630,50,ScalarDeletingDtor_00c1c630,between PKAllocatorsCPooledMemory and CVSTParameters,scalar deleting destructor,,,
00c1c680,33,Dtor_00c1c680,between PKAllocatorsCPooledMemory and CVSTParameters,destructor,,,
00c1c6b0,27,ScalarDeletingDtor_00c1c6b0,between PKAllocatorsCPooledMemory and CVSTParameters,scalar deleting destructor,,,
00c1c6d0,265,Dtor_00c1c6d0,between PKAllocatorsCPooledMemory and CVSTParameters,destructor,,,
00c1c7f0,137,Ctor_vt00da5aa4_00c1c7f0,between PKAllocatorsCPooledMemory and CVSTParameters,constructor,,,
00c1c880,30,ScalarDeletingDtor_00c1c880,between PKAllocatorsCPooledMemory and CVSTParameters,scalar deleting destructor,,,
00c1c8b0,24,FUN_00c1c8b0,between PKAllocatorsCPooledMemory and CVSTParameters,unclassified,,,
00c1c8e0,1,FUN_00c1c8e0,between PKAllocatorsCPooledMemory and CVSTParameters,unclassified,,,
00c1c950,23,FUN_00c1c950,between PKAllocatorsCPooledMemory and CVSTParameters,unclassified,,,
00c1c980,88,Dtor_00c1c980,between PKAllocatorsCPooledMemory and CVSTParameters,destructor,,,
00c1c9e0,30,ScalarDeletingDtor_00c1c9e0,between PKAllocatorsCPooledMemory and CVSTParameters,scalar deleting destructor,,,
00c1ca00,45,FUN_00c1ca00,between PKAllocatorsCPooledMemory and CVSTParameters,unclassified,,,
00c1ca30,6,FUN_00c1ca30,between PKAllocatorsCPooledMemory and CVSTParameters,unclassified,,,
00c1ca60,81,FUN_00c1ca60,between PKAllocatorsCPooledMemory and CVSTParameters,unclassified,,,
00c1caf0,81,FUN_00c1caf0,between PKAllocatorsCPooledMemory and CVSTParameters,unclassified,,,
00c1cb50,17,FUN_00c1cb50,between PKAllocatorsCPooledMemory and CVSTParameters,unclassified,,,
00c1cb70,42,FUN_00c1cb70,between PKAllocatorsCPooledMemory and CVSTParameters,unclassified,,,
00c1cbb0,17,FUN_00c1cbb0,between PKAllocatorsCPooledMemory and CVSTParameters,unclassified,,,
00c1cc90,75,FUN_00c1cc90,between PKAllocatorsCPooledMemory and CVSTParameters,unclassified,,,
00c1cce0,28,FUN_00c1cce0,between PKAllocatorsCPooledMemory and CVSTParameters,unclassified,,,
00c1cd00,126,Dtor_00c1cd00,between PKAllocatorsCPooledMemory and CVSTParameters,destructor,,,
00c1cee0,40,FUN_00c1cee0,between PKAllocatorsCPooledMemory and CVSTParameters,unclassified,,,
00c1cfb0,17,FUN_00c1cfb0,between PKAllocatorsCPooledMemory and CVSTParameters,unclassified,,,
00c1cfd0,42,FUN_00c1cfd0,between PKAllocatorsCPooledMemory and CVSTParameters,unclassified,,,
00c1d010,17,FUN_00c1d010,between PKAllocatorsCPooledMemory and CVSTParameters,unclassified,,,
00c1d2d0,387,PKCArray_Allocate_00c1d2d0,between PKAllocatorsCPooledMemory and CVSTParameters,named,,,
00c1d460,455,PKCArray_Allocate_00c1d460,between PKAllocatorsCPooledMemory and CVSTParameters,named,,,
00c1d630,387,PKCArray_Allocate_00c1d630,between PKAllocatorsCPooledMemory and CVSTParameters,named,,,
00c1d7c0,40,FUN_00c1d7c0,between PKAllocatorsCPooledMemory and CVSTParameters,unclassified,,,
00c1d800,76,FUN_00c1d800,between PKAllocatorsCPooledMemory and CVSTParameters,unclassified,,,
00c1d860,40,FUN_00c1d860,between PKAllocatorsCPooledMemory and CVSTParameters,unclassified,,,
00c1d8b0,147,FUN_00c1d8b0,between PKAllocatorsCPooledMemory and CVSTParameters,unclassified,,,
00c1d950,17,FUN_00c1d950,between PKAllocatorsCPooledMemory and CVSTParameters,unclassified,,,
00c1d970,190,FUN_00c1d970,between PKAllocatorsCPooledMemory and CVSTParameters,unclassified,,,
00c1da30,478,FUN_00c1da30,CVSTParameters,has assertion,,,
00c1dc10,64,FUN_00c1dc10,between CVSTParameters and LHACodecsACMCCodecInstance,unclassified,,,
00c1dd40,90,FUN_00c1dd40,between CVSTParameters and LHACodecsACMCCodecInstance,unclassified,,,
00c1dda0,89,Dtor_00c1dda0,between CVSTParameters and LHACodecsACMCCodecInstance,destructor,,,
00c1de40,27,ScalarDeletingDtor_00c1de40,between CVSTParameters and LHACodecsACMCCodecInstance,scalar deleting destructor,,,
00c1dfe0,298,Dtor_00c1dfe0,LHACodecsACMCCodecInstance,destructor,,,
00c1e120,676,LHACodecsACMCCodecInstance_DecodeNextBlock,LHACodecsACMCCodecInstance,named,,,
00c1e3d0,215,FUN_00c1e3d0,between LHACodecsACMCCodecInstance and LHACodecsOggVorbisCCodecInstance,unclassified,,,
00c1e4b0,528,WindowsACM_CodecInstance_Init,between LHACodecsACMCCodecInstance and LHACodecsOggVorbisCCodecInstance,named,,,
00c1e6c0,27,ScalarDeletingDtor_00c1e6c0,between LHACodecsACMCCodecInstance and LHACodecsOggVorbisCCodecInstance,scalar deleting destructor,,,
00c1e7d0,102,Dtor_00c1e7d0,between LHACodecsACMCCodecInstance and LHACodecsOggVorbisCCodecInstance,destructor,,,
00c1e840,122,WMA_CodecInstance_Init,between LHACodecsACMCCodecInstance and LHACodecsOggVorbisCCodecInstance,named,,,
00c1e8c0,27,ScalarDeletingDtor_00c1e8c0,between LHACodecsACMCCodecInstance and LHACodecsOggVorbisCCodecInstance,scalar deleting destructor,,,
00c1ea90,100,Dtor_00c1ea90,between LHACodecsACMCCodecInstance and LHACodecsOggVorbisCCodecInstance,destructor,,,
00c1eb00,1087,LHACodecsOggVorbisCCodecInstance_Open,LHACodecsOggVorbisCCodecInstance,named,,,
00c1ef40,27,ScalarDeletingDtor_00c1ef40,between LHACodecsOggVorbisCCodecInstance and PKContainersCRedBlackTree,scalar deleting destructor,,,
00c1efe0,29,FUN_00c1efe0,between LHACodecsOggVorbisCCodecInstance and PKContainersCRedBlackTree,unclassified,,,
00c1f000,30,Dtor_00c1f000,between LHACodecsOggVorbisCCodecInstance and PKContainersCRedBlackTree,destructor,,,
00c1f060,27,ScalarDeletingDtor_00c1f060,between LHACodecsOggVorbisCCodecInstance and PKContainersCRedBlackTree,scalar deleting destructor,,,
00c1f080,20,FUN_00c1f080,between LHACodecsOggVorbisCCodecInstance and PKContainersCRedBlackTree,unclassified,,,
00c1f0a0,5,FUN_00c1f0a0,PKContainersCRedBlackTree,has assertion,,,
00c1f0b0,12,FUN_00c1f0b0,between PKContainersCRedBlackTree and CSFXTimeline,unclassified,,,
00c1f130,83,FUN_00c1f130,between PKContainersCRedBlackTree and CSFXTimeline,unclassified,,,
00c1f1a0,64,FUN_00c1f1a0,between PKContainersCRedBlackTree and CSFXTimeline,unclassified,,,
00c1f1f0,130,FUN_00c1f1f0,between PKContainersCRedBlackTree and CSFXTimeline,unclassified,,,
00c1f280,213,CSFXTimeline_Advance,CSFXTimeline,named,,,
00c1f360,113,FUN_00c1f360,between CSFXTimeline and CMapAccess,unclassified,,,
00c1f3e0,80,FUN_00c1f3e0,between CSFXTimeline and CMapAccess,unclassified,,,
00c1f430,130,FUN_00c1f430,between CSFXTimeline and CMapAccess,unclassified,,,
00c1f4c0,145,FUN_00c1f4c0,between CSFXTimeline and CMapAccess,unclassified,,,
00c1f560,34,Ctor_vt00da5e40_00c1f560,between CSFXTimeline and CMapAccess,constructor,,,
00c1f5e0,27,ScalarDeletingDtor_00c1f5e0,between CSFXTimeline and CMapAccess,scalar deleting destructor,,,
00c1f680,14,Dtor_00c1f680,between CSFXTimeline and CMapAccess,destructor,,,
00c1f700,21,Ctor_vt00da5de4_00c1f700,between CSFXTimeline and CMapAccess,constructor,,,
00c1f720,27,ScalarDeletingDtor_00c1f720,between CSFXTimeline and CMapAccess,scalar deleting destructor,,,
00c1f740,14,Dtor_00c1f740,between CSFXTimeline and CMapAccess,destructor,,,
00c1f750,27,Ctor_vt00da5e40_00c1f750,between CSFXTimeline and CMapAccess,constructor,,,
00c1f770,27,ScalarDeletingDtor_00c1f770,between CSFXTimeline and CMapAccess,scalar deleting destructor,,,
00c1f790,82,FUN_00c1f790,between CSFXTimeline and CMapAccess,unclassified,,,
00c1f800,18,FUN_00c1f800,between CSFXTimeline and CMapAccess,unclassified,,,
00c1f820,53,FUN_00c1f820,between CSFXTimeline and CMapAccess,unclassified,,,
00c1f8c0,58,FUN_00c1f8c0,between CSFXTimeline and CMapAccess,unclassified,,,
00c1f900,62,FUN_00c1f900,between CSFXTimeline and CMapAccess,unclassified,,,
00c1f940,49,FUN_00c1f940,between CSFXTimeline and CMapAccess,unclassified,,,
00c1f980,97,FUN_00c1f980,between CSFXTimeline and CMapAccess,unclassified,,,
00c1f9f0,198,Dtor_00c1f9f0,between CSFXTimeline and CMapAccess,destructor,,,
00c1fac0,254,FUN_00c1fac0,between CSFXTimeline and CMapAccess,unclassified,,,
00c1fbc0,12,FUN_00c1fbc0,between CSFXTimeline and CMapAccess,unclassified,,,
00c1fc90,7,SetVtable_00da17dc_00c1fc90,between CSFXTimeline and CMapAccess,vtable setter,,,
00c1fca0,27,ScalarDeletingDtor_00c1fca0,between CSFXTimeline and CMapAccess,scalar deleting destructor,,,
00c1fcc0,14,Dtor_00c1fcc0,between CSFXTimeline and CMapAccess,destructor,,,
00c1fdd0,21,Ctor_vt00da5e94_00c1fdd0,between CSFXTimeline and CMapAccess,constructor,,,
00c1fdf0,27,ScalarDeletingDtor_00c1fdf0,between CSFXTimeline and CMapAccess,scalar deleting destructor,,,
00c1fe10,14,Dtor_00c1fe10,between CSFXTimeline and CMapAccess,destructor,,,
00c1fe40,27,Ctor_vt00da5ebc_00c1fe40,between CSFXTimeline and CMapAccess,constructor,,,
00c1fe60,27,ScalarDeletingDtor_00c1fe60,between CSFXTimeline and CMapAccess,scalar deleting destructor,,,
00c1ff30,18,FUN_00c1ff30,between CSFXTimeline and CMapAccess,unclassified,,,
00c20050,7,SetVtable_00da5ee4_00c20050,between CSFXTimeline and CMapAccess,vtable setter,,,
00c200b0,41,FUN_00c200b0,between CSFXTimeline and CMapAccess,unclassified,,,
00c200e0,111,FUN_00c200e0,between CSFXTimeline and CMapAccess,unclassified,,,
00c20150,28,FUN_00c20150,between CSFXTimeline and CMapAccess,unclassified,,,
00c20170,39,FUN_00c20170,between CSFXTimeline and CMapAccess,unclassified,,,
00c201a0,8,FUN_00c201a0,between CSFXTimeline and CMapAccess,unclassified,,,
00c201b0,141,FUN_00c201b0,between CSFXTimeline and CMapAccess,unclassified,,,
00c20240,76,FUN_00c20240,between CSFXTimeline and CMapAccess,unclassified,,,
00c20290,60,FUN_00c20290,between CSFXTimeline and CMapAccess,unclassified,,,
00c202d0,71,FUN_00c202d0,between CSFXTimeline and CMapAccess,unclassified,,,
00c20320,95,FUN_00c20320,between CSFXTimeline and CMapAccess,unclassified,,,
00c20390,12,FUN_00c20390,between CSFXTimeline and CMapAccess,unclassified,,,
00c2039c,84,FUN_00c2039c,between CSFXTimeline and CMapAccess,unclassified,,,
00c20410,50,FUN_00c20410,between CSFXTimeline and CMapAccess,unclassified,,,
00c20450,48,FUN_00c20450,between CSFXTimeline and CMapAccess,unclassified,,,
00c20480,319,FUN_00c20480,between CSFXTimeline and CMapAccess,unclassified,,,
00c205c0,96,FUN_00c205c0,between CSFXTimeline and CMapAccess,has assertion,,,
00c207f0,42,FUN_00c207f0,between CSFXTimeline and CMapAccess,unclassified,,,
00c20820,44,FUN_00c20820,between CSFXTimeline and CMapAccess,unclassified,,,
00c20850,1476,FUN_00c20850,between CSFXTimeline and CMapAccess,unclassified,,,
00c20e20,112,FUN_00c20e20,between CSFXTimeline and CMapAccess,unclassified,,,
00c20e90,51,FUN_00c20e90,between CSFXTimeline and CMapAccess,unclassified,,,
00c20ed0,264,Dtor_00c20ed0,between CSFXTimeline and CMapAccess,destructor,,,
00c21010,1664,FUN_00c21010,CMapAccess,has assertion,,,
00c216a0,17,FUN_00c216a0,between CMapAccess and MapAnalysisImpCSolver,unclassified,,,
00c216e0,17,FUN_00c216e0,between CMapAccess and MapAnalysisImpCSolver,unclassified,,,
00c21750,17,FUN_00c21750,between CMapAccess and MapAnalysisImpCSolver,unclassified,,,
00c217d0,51,FUN_00c217d0,between CMapAccess and MapAnalysisImpCSolver,unclassified,,,
00c21810,1,FUN_00c21810,between CMapAccess and MapAnalysisImpCSolver,unclassified,,,
00c21870,90,FUN_00c21870,between CMapAccess and MapAnalysisImpCSolver,unclassified,,,
00c218d0,12,FUN_00c218d0,between CMapAccess and MapAnalysisImpCSolver,unclassified,,,
00c218f0,12,FUN_00c218f0,between CMapAccess and MapAnalysisImpCSolver,unclassified,,,
00c21930,35,ScalarDeletingDtor_00c21930,between CMapAccess and MapAnalysisImpCSolver,scalar deleting destructor,,,
00c21960,77,FUN_00c21960,between CMapAccess and MapAnalysisImpCSolver,unclassified,,,
00c21a10,153,LH_Array_Reserve_00c21a10,between CMapAccess and MapAnalysisImpCSolver,array helper,,,
00c21ad0,55,LH_Array_GetAt_00c21ad0,between CMapAccess and MapAnalysisImpCSolver,array helper,,,
00c21b10,4,GetField_8_00c21b10,between CMapAccess and MapAnalysisImpCSolver,field getter,,,
00c21b20,43,LH_Array_SetFilledSize_00c21b20,between CMapAccess and MapAnalysisImpCSolver,array helper,,,
00c21b50,13,FUN_00c21b50,between CMapAccess and MapAnalysisImpCSolver,unclassified,,,
00c21b60,73,LH_Array_FreeBuffer_00c21b60,between CMapAccess and MapAnalysisImpCSolver,array helper,,,
00c21bc0,208,FUN_00c21bc0,between CMapAccess and MapAnalysisImpCSolver,has assertion,,,
00c21c90,153,LH_Array_Reserve_00c21c90,between CMapAccess and MapAnalysisImpCSolver,array helper,,,
00c21d50,55,LH_Array_GetAt_00c21d50,between CMapAccess and MapAnalysisImpCSolver,array helper,,,
00c21d90,4,GetField_8_00c21d90,between CMapAccess and MapAnalysisImpCSolver,field getter,,,
00c21da0,43,LH_Array_SetFilledSize_00c21da0,between CMapAccess and MapAnalysisImpCSolver,array helper,,,
00c21dd0,13,FUN_00c21dd0,between CMapAccess and MapAnalysisImpCSolver,unclassified,,,
00c21de0,73,LH_Array_FreeBuffer_00c21de0,between CMapAccess and MapAnalysisImpCSolver,array helper,,,
00c21e40,200,FUN_00c21e40,between CMapAccess and MapAnalysisImpCSolver,has assertion,,,
00c21f10,63,LH_Array_SetAt_00c21f10,between CMapAccess and MapAnalysisImpCSolver,array helper,,,
00c21f50,63,LH_Array_SetAt_00c21f50,between CMapAccess and MapAnalysisImpCSolver,array helper,,,
00c21f90,49,FUN_00c21f90,between CMapAccess and MapAnalysisImpCSolver,unclassified,,,
00c21fd0,97,LH_Sort_Compare_00c21fd0,between CMapAccess and MapAnalysisImpCSolver,named,,,
00c22040,49,FUN_00c22040,between CMapAccess and MapAnalysisImpCSolver,unclassified,,,
00c22080,90,LH_Sort_Compare_00c22080,between CMapAccess and MapAnalysisImpCSolver,named,,,
00c220e0,72,FUN_00c220e0,between CMapAccess and MapAnalysisImpCSolver,unclassified,,,
00c22130,39,FUN_00c22130,between CMapAccess and MapAnalysisImpCSolver,unclassified,,,
00c22160,72,FUN_00c22160,between CMapAccess and MapAnalysisImpCSolver,unclassified,,,
00c221b0,39,FUN_00c221b0,between CMapAccess and MapAnalysisImpCSolver,unclassified,,,
00c22330,147,LH_Sort_PushHeap_00c22330,between CMapAccess and MapAnalysisImpCSolver,named,,,
00c223d0,152,FUN_00c223d0,between CMapAccess and MapAnalysisImpCSolver,unclassified,,,
00c22470,128,LH_Sort_PushHeap_00c22470,between CMapAccess and MapAnalysisImpCSolver,named,,,
00c22500,152,FUN_00c22500,between CMapAccess and MapAnalysisImpCSolver,unclassified,,,
00c22710,42,FUN_00c22710,between CMapAccess and MapAnalysisImpCSolver,unclassified,,,
00c227d0,27,ScalarDeletingDtor_00c227d0,between CMapAccess and MapAnalysisImpCSolver,scalar deleting destructor,,,
00c22820,90,FUN_00c22820,between CMapAccess and MapAnalysisImpCSolver,unclassified,,,
00c22880,14,Dtor_00c22880,between CMapAccess and MapAnalysisImpCSolver,destructor,,,
00c22940,14,Dtor_00c22940,between CMapAccess and MapAnalysisImpCSolver,destructor,,,
00c22a50,93,FUN_00c22a50,between CMapAccess and MapAnalysisImpCSolver,unclassified,,,
00c22ab0,27,ScalarDeletingDtor_00c22ab0,between CMapAccess and MapAnalysisImpCSolver,scalar deleting destructor,,,
00c22ad0,27,ScalarDeletingDtor_00c22ad0,between CMapAccess and MapAnalysisImpCSolver,scalar deleting destructor,,,
00c22b10,32,FUN_00c22b10,between CMapAccess and MapAnalysisImpCSolver,unclassified,,,
00c22b90,27,ScalarDeletingDtor_00c22b90,between CMapAccess and MapAnalysisImpCSolver,scalar deleting destructor,,,
00c22c20,12,FUN_00c22c20,between CMapAccess and MapAnalysisImpCSolver,unclassified,,,
00c22c50,74,LH_SortedArray_FindObject_00c22c50,between CMapAccess and MapAnalysisImpCSolver,array helper,,,
00c22ca0,12,FUN_00c22ca0,between CMapAccess and MapAnalysisImpCSolver,unclassified,,,
00c22cb0,5,LH_Array_FreeBuffer_00c22cb0,between CMapAccess and MapAnalysisImpCSolver,array helper,,,
00c22cc0,74,LH_SortedArray_FindObject_00c22cc0,between CMapAccess and MapAnalysisImpCSolver,array helper,,,
00c22d10,72,FUN_00c22d10,between CMapAccess and MapAnalysisImpCSolver,unclassified,,,
00c22d60,72,FUN_00c22d60,between CMapAccess and MapAnalysisImpCSolver,unclassified,,,
00c22db0,21,Ctor_vt00da5fdc_00c22db0,between CMapAccess and MapAnalysisImpCSolver,constructor,,,
00c22dd0,14,Dtor_00c22dd0,between CMapAccess and MapAnalysisImpCSolver,destructor,,,
00c22de0,8,FUN_00c22de0,between CMapAccess and MapAnalysisImpCSolver,unclassified,,,
00c22df0,21,Ctor_vt00da5fe0_00c22df0,between CMapAccess and MapAnalysisImpCSolver,constructor,,,
00c22e10,14,Dtor_00c22e10,between CMapAccess and MapAnalysisImpCSolver,destructor,,,
00c22e20,8,FUN_00c22e20,between CMapAccess and MapAnalysisImpCSolver,unclassified,operator(),size-run,
00c22e30,27,ScalarDeletingDtor_00c22e30,between CMapAccess and MapAnalysisImpCSolver,scalar deleting destructor,AddLearnedExpression,size-run,
00c22e50,27,ScalarDeletingDtor_00c22e50,between CMapAccess and MapAnalysisImpCSolver,scalar deleting destructor,WriteToFile,size-run,
00c22ea0,67,FUN_00c22ea0,between CMapAccess and MapAnalysisImpCSolver,unclassified,WriteToFile,size-run,
00c22ef0,67,FUN_00c22ef0,between CMapAccess and MapAnalysisImpCSolver,unclassified,WriteToFile,size-run,
00c22f40,29,FUN_00c22f40,between CMapAccess and MapAnalysisImpCSolver,unclassified,AddLearnedExpression,size-run,
00c22f60,29,FUN_00c22f60,between CMapAccess and MapAnalysisImpCSolver,unclassified,CSBAgents,size-run,
00c22f80,69,FUN_00c22f80,between CMapAccess and MapAnalysisImpCSolver,unclassified,,,
00c22fd0,69,FUN_00c22fd0,between CMapAccess and MapAnalysisImpCSolver,unclassified,,,
00c23040,184,LH_Sort_Med3_00c23040,between CMapAccess and MapAnalysisImpCSolver,named,,,
00c23100,152,LH_Sort_AdjustHeap_00c23100,between CMapAccess and MapAnalysisImpCSolver,named,,,
00c231c0,166,LH_Sort_Med3_00c231c0,between CMapAccess and MapAnalysisImpCSolver,named,,,
00c23270,145,LH_Sort_AdjustHeap_00c23270,between CMapAccess and MapAnalysisImpCSolver,named,,,
00c23390,377,CMapAccess_SetCellCount_00c23390,between CMapAccess and MapAnalysisImpCSolver,named,,,
00c23510,293,FUN_00c23510,between CMapAccess and MapAnalysisImpCSolver,has assertion,,,
00c23640,222,CCellRangeExaminer_GetRange_00c23640,between CMapAccess and MapAnalysisImpCSolver,named,,,
00c23740,400,PKCAutoDeleteArray_Resize_00c23740,between CMapAccess and MapAnalysisImpCSolver,named,,,
00c238e0,387,PKCAutoDeleteArray_Resize_00c238e0,between CMapAccess and MapAnalysisImpCSolver,named,,,
00c23a70,38,FUN_00c23a70,between CMapAccess and MapAnalysisImpCSolver,unclassified,,,
00c23aa0,457,PKCAutoDeleteArray_Resize_00c23aa0,between CMapAccess and MapAnalysisImpCSolver,named,,,
00c23c70,400,PKCAutoDeleteArray_Resize_00c23c70,between CMapAccess and MapAnalysisImpCSolver,named,,,
00c23e10,32,FUN_00c23e10,between CMapAccess and MapAnalysisImpCSolver,unclassified,,,
00c23e50,198,PKCAutoDelete_Get_00c23e50,between CMapAccess and MapAnalysisImpCSolver,named,,,
00c23f20,366,PKCAutoDelete_Set_00c23f20,between CMapAccess and MapAnalysisImpCSolver,named,,,
00c24090,198,PKCAutoDelete_Get_00c24090,between CMapAccess and MapAnalysisImpCSolver,named,,,
00c24160,313,FUN_00c24160,between CMapAccess and MapAnalysisImpCSolver,has assertion,,,
00c242a0,14,Dtor_00c242a0,between CMapAccess and MapAnalysisImpCSolver,destructor,,,
00c242b0,14,Dtor_00c242b0,between CMapAccess and MapAnalysisImpCSolver,destructor,,,
00c242c0,15,FUN_00c242c0,between CMapAccess and MapAnalysisImpCSolver,unclassified,,,
00c242d0,21,Ctor_vt00da5f44_00c242d0,between CMapAccess and MapAnalysisImpCSolver,constructor,,,
00c242f0,21,Ctor_vt00da5f6c_00c242f0,between CMapAccess and MapAnalysisImpCSolver,constructor,,,
00c24310,267,PKCAutoDeleteArray_At_00c24310,between CMapAccess and MapAnalysisImpCSolver,named,,,
00c24420,268,PKCAutoDeleteArray_At_00c24420,between CMapAccess and MapAnalysisImpCSolver,named,,,
00c24530,268,PKCAutoDeleteArray_At_00c24530,between CMapAccess and MapAnalysisImpCSolver,named,,,
00c24640,268,PKCAutoDeleteArray_At_00c24640,between CMapAccess and MapAnalysisImpCSolver,named,,,
00c24750,267,PKCAutoDeleteArray_At_00c24750,between CMapAccess and MapAnalysisImpCSolver,named,,,
00c24860,86,FUN_00c24860,between CMapAccess and MapAnalysisImpCSolver,unclassified,,,
00c248f0,80,Dtor_00c248f0,between CMapAccess and MapAnalysisImpCSolver,destructor,,,
00c24940,80,Dtor_00c24940,between CMapAccess and MapAnalysisImpCSolver,destructor,,,
00c24990,27,ScalarDeletingDtor_00c24990,between CMapAccess and MapAnalysisImpCSolver,scalar deleting destructor,,,
00c249b0,27,ScalarDeletingDtor_00c249b0,between CMapAccess and MapAnalysisImpCSolver,scalar deleting destructor,,,
00c249d0,8,FUN_00c249d0,between CMapAccess and MapAnalysisImpCSolver,unclassified,,,
00c249e0,8,FUN_00c249e0,between CMapAccess and MapAnalysisImpCSolver,unclassified,,,
00c24a00,8,FUN_00c24a00,between CMapAccess and MapAnalysisImpCSolver,unclassified,,,
00c24a20,8,FUN_00c24a20,between CMapAccess and MapAnalysisImpCSolver,unclassified,,,
00c24a30,156,FUN_00c24a30,between CMapAccess and MapAnalysisImpCSolver,unclassified,,,
00c24ad0,60,FUN_00c24ad0,between CMapAccess and MapAnalysisImpCSolver,unclassified,,,
00c24b30,156,FUN_00c24b30,between CMapAccess and MapAnalysisImpCSolver,unclassified,,,
00c24bd0,60,FUN_00c24bd0,between CMapAccess and MapAnalysisImpCSolver,unclassified,,,
00c24c90,280,FUN_00c24c90,between CMapAccess and MapAnalysisImpCSolver,has assertion,,,
00c24e20,100,FUN_00c24e20,between CMapAccess and MapAnalysisImpCSolver,unclassified,,,
00c24e90,27,Ctor_vt00da6118_00c24e90,between CMapAccess and MapAnalysisImpCSolver,constructor,,,
00c24eb0,27,ScalarDeletingDtor_00c24eb0,between CMapAccess and MapAnalysisImpCSolver,scalar deleting destructor,,,
00c24ed0,27,Ctor_vt00da6140_00c24ed0,between CMapAccess and MapAnalysisImpCSolver,constructor,`vector_deleting_destructor',size-run,
00c24ef0,27,ScalarDeletingDtor_00c24ef0,between CMapAccess and MapAnalysisImpCSolver,scalar deleting destructor,`vector_deleting_destructor',size-run,
00c24f10,45,LH_Container_AddObject_00c24f10,between CMapAccess and MapAnalysisImpCSolver,container helper,?Clone@CCreatureActionHeroJump@@UBEPAVCCreatureActionBase@@XZ,size-run,
00c24f40,45,LH_Container_AddObject_00c24f40,between CMapAccess and MapAnalysisImpCSolver,container helper,?Clone@CCreatureActionHero180RunningTurn@@UBEPAVCCreatureActionBase@@XZ,size-run,
00c24f70,51,LH_Array_AdoptRequireEmpty_00c24f70,between CMapAccess and MapAnalysisImpCSolver,array helper,CAbilityTrackLevelDef,size-run,
00c24fb0,51,LH_Array_AdoptRequireEmpty_00c24fb0,between CMapAccess and MapAnalysisImpCSolver,array helper,?Clone@CCreatureActionHeroRunningStop@@UBEPAVCCreatureActionBase@@XZ,size-run,
00c24ff0,740,LH_Sort_UnguardedPartition_00c24ff0,between CMapAccess and MapAnalysisImpCSolver,named,,,
00c25300,250,LH_Sort_InsertionSort_00c25300,between CMapAccess and MapAnalysisImpCSolver,named,,,
00c25400,670,LH_Sort_UnguardedPartition_00c25400,between CMapAccess and MapAnalysisImpCSolver,named,,,
00c256d0,244,LH_Sort_InsertionSort_00c256d0,between CMapAccess and MapAnalysisImpCSolver,named,,,
00c25850,97,Ctor_vt00da6118_00c25850,between CMapAccess and MapAnalysisImpCSolver,constructor,,,
00c258c0,83,Ctor_vt00da60e8_00c258c0,between CMapAccess and MapAnalysisImpCSolver,constructor,,,
00c25920,83,Ctor_vt00da60ec_00c25920,between CMapAccess and MapAnalysisImpCSolver,constructor,,,
00c25980,70,FUN_00c25980,between CMapAccess and MapAnalysisImpCSolver,unclassified,,,
00c259d0,70,FUN_00c259d0,between CMapAccess and MapAnalysisImpCSolver,unclassified,,,
00c25a80,232,FUN_00c25a80,between CMapAccess and MapAnalysisImpCSolver,unclassified,,,
00c25b70,232,FUN_00c25b70,between CMapAccess and MapAnalysisImpCSolver,unclassified,,,
00c25c60,38,FUN_00c25c60,between CMapAccess and MapAnalysisImpCSolver,unclassified,,,
00c25c90,457,PKCAutoDeleteArray_Resize_00c25c90,between CMapAccess and MapAnalysisImpCSolver,named,,,
00c25ea0,36,FUN_00c25ea0,between CMapAccess and MapAnalysisImpCSolver,unclassified,,,
00c25ed0,36,FUN_00c25ed0,between CMapAccess and MapAnalysisImpCSolver,unclassified,,,
00c25f00,43,LH_Array_SortAndVerifyUnique_00c25f00,between CMapAccess and MapAnalysisImpCSolver,array helper,,,
00c25f30,43,LH_Array_SortAndVerifyUnique_00c25f30,between CMapAccess and MapAnalysisImpCSolver,array helper,,,
00c25f60,55,LH_Array_CopySorted_00c25f60,between CMapAccess and MapAnalysisImpCSolver,array helper,,,
00c25fa0,55,LH_Array_CopySorted_00c25fa0,between CMapAccess and MapAnalysisImpCSolver,array helper,,,
00c26000,8,FUN_00c26000,between CMapAccess and MapAnalysisImpCSolver,unclassified,,,
00c26010,24,FUN_00c26010,between CMapAccess and MapAnalysisImpCSolver,unclassified,,,
00c26040,11,FUN_00c26040,between CMapAccess and MapAnalysisImpCSolver,unclassified,,,
00c26050,72,FUN_00c26050,between CMapAccess and MapAnalysisImpCSolver,unclassified,,,
00c260a0,281,FUN_00c260a0,between CMapAccess and MapAnalysisImpCSolver,unclassified,,,
00c261c0,114,FUN_00c261c0,between CMapAccess and MapAnalysisImpCSolver,unclassified,,,
00c26240,124,Dtor_00c26240,between CMapAccess and MapAnalysisImpCSolver,destructor,,,
00c26340,19,FUN_00c26340,between CMapAccess and MapAnalysisImpCSolver,unclassified,,,
00c26360,35,FUN_00c26360,between CMapAccess and MapAnalysisImpCSolver,unclassified,,,
00c26390,20,Wrap_rand_00c26390,between CMapAccess and MapAnalysisImpCSolver,Win32/CRT wrapper,,,
00c263b0,8,FUN_00c263b0,between CMapAccess and MapAnalysisImpCSolver,unclassified,,,
00c263c0,12,FUN_00c263c0,between CMapAccess and MapAnalysisImpCSolver,unclassified,,,
00c263d0,172,FUN_00c263d0,between CMapAccess and MapAnalysisImpCSolver,unclassified,,,
00c26480,16,FUN_00c26480,between CMapAccess and MapAnalysisImpCSolver,unclassified,,,
00c264f0,105,FUN_00c264f0,between CMapAccess and MapAnalysisImpCSolver,unclassified,,,
00c26560,149,FUN_00c26560,between CMapAccess and MapAnalysisImpCSolver,unclassified,,,
00c26600,84,FUN_00c26600,between CMapAccess and MapAnalysisImpCSolver,unclassified,,,
00c26660,376,FUN_00c26660,between CMapAccess and MapAnalysisImpCSolver,unclassified,,,
00c267e0,369,FUN_00c267e0,between CMapAccess and MapAnalysisImpCSolver,unclassified,,,
00c26960,8,FUN_00c26960,between CMapAccess and MapAnalysisImpCSolver,unclassified,,,
00c26970,157,FUN_00c26970,between CMapAccess and MapAnalysisImpCSolver,unclassified,,,
00c26a10,34,FUN_00c26a10,between CMapAccess and MapAnalysisImpCSolver,unclassified,,,
00c26a50,117,FUN_00c26a50,between CMapAccess and MapAnalysisImpCSolver,unclassified,,,
00c26ad0,160,Dtor_00c26ad0,between CMapAccess and MapAnalysisImpCSolver,destructor,,,
00c26b70,134,FUN_00c26b70,between CMapAccess and MapAnalysisImpCSolver,unclassified,,,
00c26c00,8,FUN_00c26c00,between CMapAccess and MapAnalysisImpCSolver,unclassified,,,
00c26c10,200,Ctor_vt00da6260_00c26c10,between CMapAccess and MapAnalysisImpCSolver,constructor,,,
00c26ce0,94,FUN_00c26ce0,between CMapAccess and MapAnalysisImpCSolver,unclassified,,,
00c26d40,27,ScalarDeletingDtor_00c26d40,between CMapAccess and MapAnalysisImpCSolver,scalar deleting destructor,,,
00c26d70,12,FUN_00c26d70,between CMapAccess and MapAnalysisImpCSolver,unclassified,,,
00c26dd0,7,SetVtable_00d9f9dc_00c26dd0,between CMapAccess and MapAnalysisImpCSolver,vtable setter,,,
00c26e40,7,SetVtable_00da61d4_00c26e40,between CMapAccess and MapAnalysisImpCSolver,vtable setter,,,
00c26e50,27,ScalarDeletingDtor_00c26e50,between CMapAccess and MapAnalysisImpCSolver,scalar deleting destructor,,,
00c26ea0,14,Dtor_00c26ea0,between CMapAccess and MapAnalysisImpCSolver,destructor,,,
00c26f90,27,ScalarDeletingDtor_00c26f90,between CMapAccess and MapAnalysisImpCSolver,scalar deleting destructor,,,
00c26fb0,21,Ctor_vt00da6208_00c26fb0,between CMapAccess and MapAnalysisImpCSolver,constructor,,,
00c26fd0,27,ScalarDeletingDtor_00c26fd0,between CMapAccess and MapAnalysisImpCSolver,scalar deleting destructor,,,
00c26ff0,14,Dtor_00c26ff0,between CMapAccess and MapAnalysisImpCSolver,destructor,,,
00c27000,73,FUN_00c27000,between CMapAccess and MapAnalysisImpCSolver,unclassified,,,
00c27050,27,Ctor_vt00da6238_00c27050,between CMapAccess and MapAnalysisImpCSolver,constructor,,,
00c27070,27,ScalarDeletingDtor_00c27070,between CMapAccess and MapAnalysisImpCSolver,scalar deleting destructor,,,
00c270a0,27,ScalarDeletingDtor_00c270a0,between CMapAccess and MapAnalysisImpCSolver,scalar deleting destructor,,,
00c270f0,14,FUN_00c270f0,between CMapAccess and MapAnalysisImpCSolver,unclassified,,,
00c27100,121,FUN_00c27100,between CMapAccess and MapAnalysisImpCSolver,unclassified,,,
00c27180,113,FUN_00c27180,between CMapAccess and MapAnalysisImpCSolver,unclassified,,,
00c27200,107,Dtor_00c27200,between CMapAccess and MapAnalysisImpCSolver,destructor,,,
00c272d0,7,SetVtable_00da6268_00c272d0,between CMapAccess and MapAnalysisImpCSolver,vtable setter,,,
00c27300,21,FUN_00c27300,between CMapAccess and MapAnalysisImpCSolver,unclassified,,,
00c27340,27,ScalarDeletingDtor_00c27340,between CMapAccess and MapAnalysisImpCSolver,scalar deleting destructor,,,
00c27360,27,ScalarDeletingDtor_00c27360,between CMapAccess and MapAnalysisImpCSolver,scalar deleting destructor,,,
00c273a0,303,FUN_00c273a0,between CMapAccess and MapAnalysisImpCSolver,unclassified,,,
00c274e0,98,FUN_00c274e0,between CMapAccess and MapAnalysisImpCSolver,unclassified,,,
00c27550,106,FUN_00c27550,between CMapAccess and MapAnalysisImpCSolver,unclassified,,,
00c275d0,79,FUN_00c275d0,between CMapAccess and MapAnalysisImpCSolver,unclassified,,,
00c27620,721,MapAnalysisImpCSolver_ProcessAll,MapAnalysisImpCSolver,named,,,
00c27920,37,FUN_00c27920,MapAnalysisImpCSolver,unclassified,,,
00c27950,76,FUN_00c27950,MapAnalysisImpCSolver,unclassified,,,
00c279a0,76,FUN_00c279a0,MapAnalysisImpCSolver,unclassified,,,
00c279f0,37,FUN_00c279f0,MapAnalysisImpCSolver,unclassified,,,
00c27a20,16,FUN_00c27a20,MapAnalysisImpCSolver,unclassified,,,
00c27a30,363,FUN_00c27a30,MapAnalysisImpCSolver,has assertion,,,
00c27ba0,94,FUN_00c27ba0,MapAnalysisImpCSolver,unclassified,,,
00c27c00,164,Dtor_00c27c00,MapAnalysisImpCSolver,destructor,,,
00c27fe0,472,FUN_00c27fe0,MapAnalysisImpCSolver,has assertion,,,
00c281c0,648,FUN_00c281c0,MapAnalysisImpCSolver,has assertion,,,
00c28450,105,FUN_00c28450,between MapAnalysisImpCSolver and PKAllocatorsCPresizedMemory,unclassified,,,
00c284c0,164,Ctor_vt00da649c_00c284c0,between MapAnalysisImpCSolver and PKAllocatorsCPresizedMemory,constructor,,,
00c28570,151,FUN_00c28570,between MapAnalysisImpCSolver and PKAllocatorsCPresizedMemory,unclassified,,,
00c28610,86,FUN_00c28610,between MapAnalysisImpCSolver and PKAllocatorsCPresizedMemory,unclassified,,,
00c28670,12,FUN_00c28670,between MapAnalysisImpCSolver and PKAllocatorsCPresizedMemory,unclassified,,,
00c28690,12,FUN_00c28690,between MapAnalysisImpCSolver and PKAllocatorsCPresizedMemory,unclassified,,,
00c286b0,12,FUN_00c286b0,between MapAnalysisImpCSolver and PKAllocatorsCPresizedMemory,unclassified,,,
00c286d0,12,FUN_00c286d0,between MapAnalysisImpCSolver and PKAllocatorsCPresizedMemory,unclassified,,,
00c28bd0,14,Dtor_00c28bd0,between MapAnalysisImpCSolver and PKAllocatorsCPresizedMemory,destructor,,,
00c28cc0,14,Dtor_00c28cc0,between MapAnalysisImpCSolver and PKAllocatorsCPresizedMemory,destructor,,,
00c28dd0,14,Dtor_00c28dd0,between MapAnalysisImpCSolver and PKAllocatorsCPresizedMemory,destructor,,,
00c28eb0,14,Dtor_00c28eb0,between MapAnalysisImpCSolver and PKAllocatorsCPresizedMemory,destructor,,,
00c29000,21,Ctor_vt00da6320_00c29000,between MapAnalysisImpCSolver and PKAllocatorsCPresizedMemory,constructor,,,
00c29020,21,Ctor_vt00da6348_00c29020,between MapAnalysisImpCSolver and PKAllocatorsCPresizedMemory,constructor,,,
00c29040,21,Ctor_vt00da6370_00c29040,between MapAnalysisImpCSolver and PKAllocatorsCPresizedMemory,constructor,,,
00c29060,21,Ctor_vt00da6398_00c29060,between MapAnalysisImpCSolver and PKAllocatorsCPresizedMemory,constructor,,,
00c29080,27,ScalarDeletingDtor_00c29080,between MapAnalysisImpCSolver and PKAllocatorsCPresizedMemory,scalar deleting destructor,,,
00c290a0,27,ScalarDeletingDtor_00c290a0,between MapAnalysisImpCSolver and PKAllocatorsCPresizedMemory,scalar deleting destructor,,,
00c290c0,27,ScalarDeletingDtor_00c290c0,between MapAnalysisImpCSolver and PKAllocatorsCPresizedMemory,scalar deleting destructor,,,
00c290e0,27,ScalarDeletingDtor_00c290e0,between MapAnalysisImpCSolver and PKAllocatorsCPresizedMemory,scalar deleting destructor,,,
00c29120,14,Dtor_00c29120,between MapAnalysisImpCSolver and PKAllocatorsCPresizedMemory,destructor,,,
00c29150,14,Dtor_00c29150,between MapAnalysisImpCSolver and PKAllocatorsCPresizedMemory,destructor,,,
00c29180,14,Dtor_00c29180,between MapAnalysisImpCSolver and PKAllocatorsCPresizedMemory,destructor,,,
00c291b0,14,Dtor_00c291b0,between MapAnalysisImpCSolver and PKAllocatorsCPresizedMemory,destructor,,,
00c291e0,27,Ctor_vt00da63fc_00c291e0,between MapAnalysisImpCSolver and PKAllocatorsCPresizedMemory,constructor,,,
00c29200,27,Ctor_vt00da6424_00c29200,between MapAnalysisImpCSolver and PKAllocatorsCPresizedMemory,constructor,,,
00c29220,27,Ctor_vt00da644c_00c29220,between MapAnalysisImpCSolver and PKAllocatorsCPresizedMemory,constructor,,,
00c29240,27,Ctor_vt00da6474_00c29240,between MapAnalysisImpCSolver and PKAllocatorsCPresizedMemory,constructor,,,
00c29260,27,ScalarDeletingDtor_00c29260,between MapAnalysisImpCSolver and PKAllocatorsCPresizedMemory,scalar deleting destructor,,,
00c29280,27,ScalarDeletingDtor_00c29280,between MapAnalysisImpCSolver and PKAllocatorsCPresizedMemory,scalar deleting destructor,,,
00c292a0,27,ScalarDeletingDtor_00c292a0,between MapAnalysisImpCSolver and PKAllocatorsCPresizedMemory,scalar deleting destructor,,,
00c292c0,27,ScalarDeletingDtor_00c292c0,between MapAnalysisImpCSolver and PKAllocatorsCPresizedMemory,scalar deleting destructor,,,
00c292e0,27,ScalarDeletingDtor_00c292e0,between MapAnalysisImpCSolver and PKAllocatorsCPresizedMemory,scalar deleting destructor,,,
00c29320,82,FUN_00c29320,between MapAnalysisImpCSolver and PKAllocatorsCPresizedMemory,unclassified,,,
00c29390,39,FUN_00c29390,between MapAnalysisImpCSolver and PKAllocatorsCPresizedMemory,unclassified,,,
00c29420,68,FUN_00c29420,between MapAnalysisImpCSolver and PKAllocatorsCPresizedMemory,has assertion,,,
00c29590,195,FUN_00c29590,between MapAnalysisImpCSolver and PKAllocatorsCPresizedMemory,unclassified,Fastcall_CreatureOpinionApplyModifier,body,0.67
00c29660,18,FUN_00c29660,between MapAnalysisImpCSolver and PKAllocatorsCPresizedMemory,unclassified,,,
00c29680,49,FUN_00c29680,between MapAnalysisImpCSolver and PKAllocatorsCPresizedMemory,unclassified,,,
00c296c0,175,FUN_00c296c0,between MapAnalysisImpCSolver and PKAllocatorsCPresizedMemory,unclassified,,,
00c29770,249,Dtor_00c29770,between MapAnalysisImpCSolver and PKAllocatorsCPresizedMemory,destructor,,,
00c29870,97,FUN_00c29870,between MapAnalysisImpCSolver and PKAllocatorsCPresizedMemory,unclassified,,,
00c298e0,396,Ctor_vt00da6588_00c298e0,between MapAnalysisImpCSolver and PKAllocatorsCPresizedMemory,constructor,,,
00c29a80,12,FUN_00c29a80,between MapAnalysisImpCSolver and PKAllocatorsCPresizedMemory,unclassified,,,
00c29b00,7,SetVtable_00d9f9dc_00c29b00,between MapAnalysisImpCSolver and PKAllocatorsCPresizedMemory,vtable setter,,,
00c29b90,7,SetVtable_00da64c4_00c29b90,between MapAnalysisImpCSolver and PKAllocatorsCPresizedMemory,vtable setter,,,
00c29ba0,27,ScalarDeletingDtor_00c29ba0,between MapAnalysisImpCSolver and PKAllocatorsCPresizedMemory,scalar deleting destructor,,,
00c29be0,7,SetVtable_00da17dc_00c29be0,between MapAnalysisImpCSolver and PKAllocatorsCPresizedMemory,vtable setter,,,
00c29bf0,27,ScalarDeletingDtor_00c29bf0,between MapAnalysisImpCSolver and PKAllocatorsCPresizedMemory,scalar deleting destructor,,,
00c29c20,14,Dtor_00c29c20,between MapAnalysisImpCSolver and PKAllocatorsCPresizedMemory,destructor,,,
00c29d70,27,ScalarDeletingDtor_00c29d70,between MapAnalysisImpCSolver and PKAllocatorsCPresizedMemory,scalar deleting destructor,,,
00c29d90,21,Ctor_vt00da652c_00c29d90,between MapAnalysisImpCSolver and PKAllocatorsCPresizedMemory,constructor,,,
00c29db0,27,ScalarDeletingDtor_00c29db0,between MapAnalysisImpCSolver and PKAllocatorsCPresizedMemory,scalar deleting destructor,,,
00c29dd0,14,Dtor_00c29dd0,between MapAnalysisImpCSolver and PKAllocatorsCPresizedMemory,destructor,,,
00c29e00,73,FUN_00c29e00,between MapAnalysisImpCSolver and PKAllocatorsCPresizedMemory,unclassified,,,
00c29e50,27,Ctor_vt00da655c_00c29e50,between MapAnalysisImpCSolver and PKAllocatorsCPresizedMemory,constructor,,,
00c29e70,27,ScalarDeletingDtor_00c29e70,between MapAnalysisImpCSolver and PKAllocatorsCPresizedMemory,scalar deleting destructor,,,
00c29ec0,27,ScalarDeletingDtor_00c29ec0,between MapAnalysisImpCSolver and PKAllocatorsCPresizedMemory,scalar deleting destructor,,,
00c29ee0,7,SetVtable_00da6600_00c29ee0,between MapAnalysisImpCSolver and PKAllocatorsCPresizedMemory,vtable setter,,,
00c29f40,7,SetVtable_00da6610_00c29f40,between MapAnalysisImpCSolver and PKAllocatorsCPresizedMemory,vtable setter,,,
00c29f50,8,FUN_00c29f50,between MapAnalysisImpCSolver and PKAllocatorsCPresizedMemory,unclassified,,,
00c29f70,91,FUN_00c29f70,between MapAnalysisImpCSolver and PKAllocatorsCPresizedMemory,unclassified,,,
00c2a000,50,FUN_00c2a000,between MapAnalysisImpCSolver and PKAllocatorsCPresizedMemory,unclassified,,,
00c2a040,34,FUN_00c2a040,between MapAnalysisImpCSolver and PKAllocatorsCPresizedMemory,unclassified,,,
00c2a070,104,FUN_00c2a070,between MapAnalysisImpCSolver and PKAllocatorsCPresizedMemory,unclassified,,,
00c2a0e0,182,Ctor_vt00da661c_00c2a0e0,between MapAnalysisImpCSolver and PKAllocatorsCPresizedMemory,constructor,,,
00c2a1a0,133,Dtor_00c2a1a0,between MapAnalysisImpCSolver and PKAllocatorsCPresizedMemory,destructor,,,
00c2a300,27,ScalarDeletingDtor_00c2a300,between MapAnalysisImpCSolver and PKAllocatorsCPresizedMemory,scalar deleting destructor,,,
00c2a320,13,FUN_00c2a320,between MapAnalysisImpCSolver and PKAllocatorsCPresizedMemory,unclassified,,,
00c2a340,1,FUN_00c2a340,between MapAnalysisImpCSolver and PKAllocatorsCPresizedMemory,unclassified,,,
00c2a350,26,FUN_00c2a350,between MapAnalysisImpCSolver and PKAllocatorsCPresizedMemory,unclassified,,,
00c2a370,53,Wrap_rand_00c2a370,between MapAnalysisImpCSolver and PKAllocatorsCPresizedMemory,Win32/CRT wrapper,,,
00c2a3b0,40,FUN_00c2a3b0,between MapAnalysisImpCSolver and PKAllocatorsCPresizedMemory,unclassified,,,
00c2a3e0,93,FUN_00c2a3e0,between MapAnalysisImpCSolver and PKAllocatorsCPresizedMemory,unclassified,,,
00c2a440,43,FUN_00c2a440,between MapAnalysisImpCSolver and PKAllocatorsCPresizedMemory,unclassified,,,
00c2a470,78,FUN_00c2a470,between MapAnalysisImpCSolver and PKAllocatorsCPresizedMemory,unclassified,,,
00c2a4c0,280,FUN_00c2a4c0,between MapAnalysisImpCSolver and PKAllocatorsCPresizedMemory,unclassified,,,
00c2a6c0,222,FUN_00c2a6c0,between MapAnalysisImpCSolver and PKAllocatorsCPresizedMemory,unclassified,,,
00c2a820,24,FUN_00c2a820,between MapAnalysisImpCSolver and PKAllocatorsCPresizedMemory,unclassified,,,
00c2a850,20,FUN_00c2a850,between MapAnalysisImpCSolver and PKAllocatorsCPresizedMemory,unclassified,,,
00c2a870,287,PKAllocatorsCPresizedMemory_Ctor,PKAllocatorsCPresizedMemory,named,,,
00c2a990,285,PKAllocatorsCPresizedMemory_Allocate,PKAllocatorsCPresizedMemory,named,,,
00c2aab0,220,PKAllocatorsCPresizedMemory_Free,PKAllocatorsCPresizedMemory,named,,,
00c2ac30,34,FUN_00c2ac30,between PKAllocatorsCPresizedMemory and CInstance,unclassified,,,
00c2ac70,65,FUN_00c2ac70,between PKAllocatorsCPresizedMemory and CInstance,unclassified,,,
00c2acc0,81,FUN_00c2acc0,between PKAllocatorsCPresizedMemory and CInstance,unclassified,,,
00c2ad20,41,FUN_00c2ad20,between PKAllocatorsCPresizedMemory and CInstance,unclassified,,,
00c2ad50,74,FUN_00c2ad50,between PKAllocatorsCPresizedMemory and CInstance,unclassified,,,
00c2ada0,113,FUN_00c2ada0,between PKAllocatorsCPresizedMemory and CInstance,unclassified,,,
00c2ae20,47,FUN_00c2ae20,between PKAllocatorsCPresizedMemory and CInstance,unclassified,,,
00c2ae50,82,FUN_00c2ae50,between PKAllocatorsCPresizedMemory and CInstance,unclassified,,,
00c2aef0,210,FUN_00c2aef0,between PKAllocatorsCPresizedMemory and CInstance,unclassified,,,
00c2afd0,17,FUN_00c2afd0,between PKAllocatorsCPresizedMemory and CInstance,unclassified,,,
00c2b010,77,FUN_00c2b010,between PKAllocatorsCPresizedMemory and CInstance,unclassified,,,
00c2b060,71,FUN_00c2b060,between PKAllocatorsCPresizedMemory and CInstance,unclassified,,,
00c2b0b0,64,FUN_00c2b0b0,between PKAllocatorsCPresizedMemory and CInstance,unclassified,,,
00c2b150,21,FUN_00c2b150,between PKAllocatorsCPresizedMemory and CInstance,unclassified,,,
00c2b190,32,FUN_00c2b190,between PKAllocatorsCPresizedMemory and CInstance,unclassified,,,
00c2b1b0,32,FUN_00c2b1b0,between PKAllocatorsCPresizedMemory and CInstance,unclassified,,,
00c2b1d0,310,FUN_00c2b1d0,between PKAllocatorsCPresizedMemory and CInstance,unclassified,,,
00c2b350,129,FUN_00c2b350,between PKAllocatorsCPresizedMemory and CInstance,unclassified,,,
00c2b3e0,38,FUN_00c2b3e0,between PKAllocatorsCPresizedMemory and CInstance,unclassified,,,
00c2b410,75,FUN_00c2b410,between PKAllocatorsCPresizedMemory and CInstance,unclassified,,,
00c2b460,82,FUN_00c2b460,between PKAllocatorsCPresizedMemory and CInstance,unclassified,,,
00c2b4c0,231,FUN_00c2b4c0,between PKAllocatorsCPresizedMemory and CInstance,unclassified,,,
00c2b5b0,128,FUN_00c2b5b0,between PKAllocatorsCPresizedMemory and CInstance,unclassified,,,
00c2b640,173,Ctor_vt00da6664_00c2b640,between PKAllocatorsCPresizedMemory and CInstance,constructor,,,
00c2b6f0,519,FUN_00c2b6f0,between PKAllocatorsCPresizedMemory and CInstance,unclassified,,,
00c2b900,91,FUN_00c2b900,between PKAllocatorsCPresizedMemory and CInstance,unclassified,,,
00c2b960,147,FUN_00c2b960,between PKAllocatorsCPresizedMemory and CInstance,unclassified,,,
00c2ba00,219,FUN_00c2ba00,between PKAllocatorsCPresizedMemory and CInstance,unclassified,CHandleBasedMemoryPool_Allocate,body,0.64
00c2bca0,31,FUN_00c2bca0,between PKAllocatorsCPresizedMemory and CInstance,unclassified,,,
00c2bcc0,31,FUN_00c2bcc0,between PKAllocatorsCPresizedMemory and CInstance,unclassified,,,
00c2bf50,35,FUN_00c2bf50,between PKAllocatorsCPresizedMemory and CInstance,unclassified,,,
00c2bf90,32,FUN_00c2bf90,between PKAllocatorsCPresizedMemory and CInstance,unclassified,,,
00c2c030,38,FUN_00c2c030,between PKAllocatorsCPresizedMemory and CInstance,unclassified,,,
00c2c0d0,42,FUN_00c2c0d0,between PKAllocatorsCPresizedMemory and CInstance,unclassified,,,
00c2c100,34,FUN_00c2c100,between PKAllocatorsCPresizedMemory and CInstance,unclassified,,,
00c2c180,39,FUN_00c2c180,between PKAllocatorsCPresizedMemory and CInstance,unclassified,,,
00c2c1b0,42,FUN_00c2c1b0,between PKAllocatorsCPresizedMemory and CInstance,unclassified,,,
00c2c250,39,FUN_00c2c250,between PKAllocatorsCPresizedMemory and CInstance,unclassified,,,
00c2c280,38,FUN_00c2c280,between PKAllocatorsCPresizedMemory and CInstance,unclassified,,,
00c2c2c0,39,FUN_00c2c2c0,between PKAllocatorsCPresizedMemory and CInstance,unclassified,,,
00c2c2f0,39,FUN_00c2c2f0,between PKAllocatorsCPresizedMemory and CInstance,unclassified,,,
00c2c320,39,FUN_00c2c320,between PKAllocatorsCPresizedMemory and CInstance,unclassified,,,
00c2c350,39,FUN_00c2c350,between PKAllocatorsCPresizedMemory and CInstance,unclassified,,,
00c2c3a0,105,FUN_00c2c3a0,between PKAllocatorsCPresizedMemory and CInstance,unclassified,,,
00c2c410,105,FUN_00c2c410,between PKAllocatorsCPresizedMemory and CInstance,unclassified,,,
00c2c4d0,518,FUN_00c2c4d0,between PKAllocatorsCPresizedMemory and CInstance,unclassified,,,
00c2c740,476,FUN_00c2c740,between PKAllocatorsCPresizedMemory and CInstance,unclassified,,,
00c2c9f0,98,FUN_00c2c9f0,between PKAllocatorsCPresizedMemory and CInstance,unclassified,,,
00c2ca70,77,FUN_00c2ca70,between PKAllocatorsCPresizedMemory and CInstance,unclassified,,,
00c2cbe0,84,FUN_00c2cbe0,between PKAllocatorsCPresizedMemory and CInstance,unclassified,,,
00c2cc40,20,FUN_00c2cc40,between PKAllocatorsCPresizedMemory and CInstance,unclassified,,,
00c2cc90,131,FUN_00c2cc90,between PKAllocatorsCPresizedMemory and CInstance,unclassified,,,
00c2cd30,15,FUN_00c2cd30,between PKAllocatorsCPresizedMemory and CInstance,unclassified,,,
00c2cd40,14,FUN_00c2cd40,between PKAllocatorsCPresizedMemory and CInstance,unclassified,,,
00c2cd50,27,FUN_00c2cd50,between PKAllocatorsCPresizedMemory and CInstance,unclassified,,,
00c2cd70,28,FUN_00c2cd70,between PKAllocatorsCPresizedMemory and CInstance,unclassified,,,
00c2cd90,20,FUN_00c2cd90,between PKAllocatorsCPresizedMemory and CInstance,unclassified,,,
00c2cdb0,211,FUN_00c2cdb0,between PKAllocatorsCPresizedMemory and CInstance,unclassified,,,
00c2ce90,36,FUN_00c2ce90,between PKAllocatorsCPresizedMemory and CInstance,unclassified,,,
00c2cec0,11,FUN_00c2cec0,between PKAllocatorsCPresizedMemory and CInstance,unclassified,,,
00c2cee0,7,GetField_0x1c0_00c2cee0,between PKAllocatorsCPresizedMemory and CInstance,field getter,,,
00c2cef0,7,GetField_0x1bc_00c2cef0,between PKAllocatorsCPresizedMemory and CInstance,field getter,,,
00c2cf00,7,GetField_0x1b8_00c2cf00,between PKAllocatorsCPresizedMemory and CInstance,field getter,,,
00c2cf10,62,FUN_00c2cf10,between PKAllocatorsCPresizedMemory and CInstance,unclassified,,,
00c2cf50,431,CInstance_ServiceFrameStreamer,CInstance,named,,,
00c2d100,323,Ctor_vt00da6774_00c2d100,CInstance,constructor,,,
00c2d250,126,FUN_00c2d250,CInstance,unclassified,,,
00c2d2d0,66,FUN_00c2d2d0,CInstance,unclassified,,,
00c2d320,18,FUN_00c2d320,CInstance,unclassified,,,
00c2d340,12,FUN_00c2d340,CInstance,unclassified,,,
00c2d350,482,FUN_00c2d350,CInstance,unclassified,,,
00c2d540,1194,CInstance_UpdateState,CInstance,named,,,
00c2da20,7,SetVtable_00da6670_00c2da20,between CInstance and C16BitSamplePtr,vtable setter,,,
00c2da30,7,SetVtable_00da6680_00c2da30,between CInstance and C16BitSamplePtr,vtable setter,,,
00c2da40,7,SetVtable_00da6690_00c2da40,between CInstance and C16BitSamplePtr,vtable setter,,,
00c2da50,7,SetVtable_00da66a0_00c2da50,between CInstance and C16BitSamplePtr,vtable setter,,,
00c2da60,7,SetVtable_00da66b0_00c2da60,between CInstance and C16BitSamplePtr,vtable setter,,,
00c2da70,7,SetVtable_00da66c0_00c2da70,between CInstance and C16BitSamplePtr,vtable setter,,,
00c2dc00,90,Ctor_vt00da66d0_00c2dc00,between CInstance and C16BitSamplePtr,constructor,,,
00c2dc60,64,FUN_00c2dc60,between CInstance and C16BitSamplePtr,unclassified,,,
00c2dca0,86,Dtor_00c2dca0,between CInstance and C16BitSamplePtr,destructor,,,
00c2dd00,45,FUN_00c2dd00,between CInstance and C16BitSamplePtr,unclassified,,,
00c2dd30,150,FUN_00c2dd30,between CInstance and C16BitSamplePtr,unclassified,,,
00c2ddd0,62,FUN_00c2ddd0,between CInstance and C16BitSamplePtr,unclassified,,,
00c2de10,90,Ctor_vt00da66e4_00c2de10,between CInstance and C16BitSamplePtr,constructor,,,
00c2de70,64,FUN_00c2de70,between CInstance and C16BitSamplePtr,unclassified,,,
00c2deb0,86,Dtor_00c2deb0,between CInstance and C16BitSamplePtr,destructor,,,
00c2df10,45,FUN_00c2df10,between CInstance and C16BitSamplePtr,unclassified,,,
00c2df40,168,FUN_00c2df40,between CInstance and C16BitSamplePtr,unclassified,,,
00c2dff0,78,FUN_00c2dff0,between CInstance and C16BitSamplePtr,unclassified,,,
00c2e040,90,Ctor_vt00da66f8_00c2e040,between CInstance and C16BitSamplePtr,constructor,,,
00c2e0a0,64,FUN_00c2e0a0,between CInstance and C16BitSamplePtr,unclassified,,,
00c2e0e0,86,Dtor_00c2e0e0,between CInstance and C16BitSamplePtr,destructor,,,
00c2e140,45,FUN_00c2e140,between CInstance and C16BitSamplePtr,unclassified,,,
00c2e170,174,FUN_00c2e170,between CInstance and C16BitSamplePtr,unclassified,,,
00c2e220,84,FUN_00c2e220,between CInstance and C16BitSamplePtr,unclassified,,,
00c2e280,90,Ctor_vt00da670c_00c2e280,between CInstance and C16BitSamplePtr,constructor,,,
00c2e2e0,64,FUN_00c2e2e0,between CInstance and C16BitSamplePtr,unclassified,,,
00c2e320,86,Dtor_00c2e320,between CInstance and C16BitSamplePtr,destructor,,,
00c2e380,45,FUN_00c2e380,between CInstance and C16BitSamplePtr,unclassified,,,
00c2e3b0,174,FUN_00c2e3b0,between CInstance and C16BitSamplePtr,unclassified,,,
00c2e460,84,FUN_00c2e460,between CInstance and C16BitSamplePtr,unclassified,,,
00c2e4c0,90,Ctor_vt00da6720_00c2e4c0,between CInstance and C16BitSamplePtr,constructor,,,
00c2e520,64,FUN_00c2e520,between CInstance and C16BitSamplePtr,unclassified,,,
00c2e560,86,Dtor_00c2e560,between CInstance and C16BitSamplePtr,destructor,,,
00c2e5c0,45,FUN_00c2e5c0,between CInstance and C16BitSamplePtr,unclassified,,,
00c2e5f0,150,FUN_00c2e5f0,between CInstance and C16BitSamplePtr,unclassified,,,
00c2e690,62,FUN_00c2e690,between CInstance and C16BitSamplePtr,unclassified,,,
00c2e6d0,90,Ctor_vt00da6734_00c2e6d0,between CInstance and C16BitSamplePtr,constructor,,,
00c2e730,64,FUN_00c2e730,between CInstance and C16BitSamplePtr,unclassified,,,
00c2e770,86,Dtor_00c2e770,between CInstance and C16BitSamplePtr,destructor,,,
00c2e7d0,45,FUN_00c2e7d0,between CInstance and C16BitSamplePtr,unclassified,,,
00c2e800,150,FUN_00c2e800,between CInstance and C16BitSamplePtr,unclassified,,,
00c2e8a0,62,FUN_00c2e8a0,between CInstance and C16BitSamplePtr,unclassified,,,
00c2e8e0,27,ScalarDeletingDtor_00c2e8e0,between CInstance and C16BitSamplePtr,scalar deleting destructor,,,
00c2e900,27,ScalarDeletingDtor_00c2e900,between CInstance and C16BitSamplePtr,scalar deleting destructor,,,
00c2e920,27,ScalarDeletingDtor_00c2e920,between CInstance and C16BitSamplePtr,scalar deleting destructor,,,
00c2e940,27,ScalarDeletingDtor_00c2e940,between CInstance and C16BitSamplePtr,scalar deleting destructor,,,
00c2e960,27,ScalarDeletingDtor_00c2e960,between CInstance and C16BitSamplePtr,scalar deleting destructor,,,
00c2e980,27,ScalarDeletingDtor_00c2e980,between CInstance and C16BitSamplePtr,scalar deleting destructor,,,
00c2e9a0,18,Ctor_vt00da6774_00c2e9a0,between CInstance and C16BitSamplePtr,constructor,,,
00c2e9c0,5,Dtor_00c2e9c0,between CInstance and C16BitSamplePtr,destructor,,,
00c2e9d0,18,Ctor_vt00da6788_00c2e9d0,between CInstance and C16BitSamplePtr,constructor,,,
00c2e9f0,5,Dtor_00c2e9f0,between CInstance and C16BitSamplePtr,destructor,,,
00c2ea00,18,Ctor_vt00da679c_00c2ea00,between CInstance and C16BitSamplePtr,constructor,,,
00c2ea20,5,Dtor_00c2ea20,between CInstance and C16BitSamplePtr,destructor,,,
00c2ea30,18,Ctor_vt00da67b0_00c2ea30,between CInstance and C16BitSamplePtr,constructor,,,
00c2ea50,5,Dtor_00c2ea50,between CInstance and C16BitSamplePtr,destructor,,,
00c2ea60,18,Ctor_vt00da67c4_00c2ea60,between CInstance and C16BitSamplePtr,constructor,,,
00c2ea80,5,Dtor_00c2ea80,between CInstance and C16BitSamplePtr,destructor,,,
00c2ea90,18,Ctor_vt00da67d8_00c2ea90,between CInstance and C16BitSamplePtr,constructor,,,
00c2eab0,5,Dtor_00c2eab0,between CInstance and C16BitSamplePtr,destructor,,,
00c2eac0,27,ScalarDeletingDtor_00c2eac0,between CInstance and C16BitSamplePtr,scalar deleting destructor,"_Dest_val<std::allocator<CIVCountedPointer<N3DPrimitive::CTriangleList>_>,CIVCountedPointer<N3DPrimitive::CTriangleList>_>",size-run,
00c2eae0,27,ScalarDeletingDtor_00c2eae0,between CInstance and C16BitSamplePtr,scalar deleting destructor,"_Dest_val<std::allocator<CIVCountedPointer<N3DPrimitive::CTriangleList>_>,CIVCountedPointer<N3DPrimitive::CTriangleList>_>",size-run,
00c2eb00,27,ScalarDeletingDtor_00c2eb00,between CInstance and C16BitSamplePtr,scalar deleting destructor,"_Dest_val<std::allocator<CIVCountedPointer<N3DPrimitive::CTriangleList>_>,CIVCountedPointer<N3DPrimitive::CTriangleList>_>",size-run,
00c2eb20,27,ScalarDeletingDtor_00c2eb20,between CInstance and C16BitSamplePtr,scalar deleting destructor,"_Dest_val<std::allocator<CIVCountedPointer<N3DPrimitive::CTriangleList>_>,CIVCountedPointer<N3DPrimitive::CTriangleList>_>",size-run,
00c2eb40,27,ScalarDeletingDtor_00c2eb40,between CInstance and C16BitSamplePtr,scalar deleting destructor,"_Dest_val<std::allocator<CIVCountedPointer<N3DPrimitive::CTriangleList>_>,CIVCountedPointer<N3DPrimitive::CTriangleList>_>",size-run,
00c2eb60,27,ScalarDeletingDtor_00c2eb60,between CInstance and C16BitSamplePtr,scalar deleting destructor,"_Dest_val<std::allocator<CIVCountedPointer<N3DPrimitive::CTriangleList>_>,CIVCountedPointer<N3DPrimitive::CTriangleList>_>",size-run,
00c2eb80,255,FUN_00c2eb80,between CInstance and C16BitSamplePtr,has assertion,"_Dest_val<std::allocator<CIVCountedPointer<N3DPrimitive::CTriangleList>_>,CIVCountedPointer<N3DPrimitive::CTriangleList>_>",size-run,
00c2ec80,235,FUN_00c2ec80,between CInstance and C16BitSamplePtr,has assertion,,,
00c2ed70,242,FUN_00c2ed70,between CInstance and C16BitSamplePtr,has assertion,,,
00c2ee70,242,FUN_00c2ee70,between CInstance and C16BitSamplePtr,has assertion,,,
00c2ef70,255,FUN_00c2ef70,between CInstance and C16BitSamplePtr,has assertion,,,
00c2f070,255,FUN_00c2f070,between CInstance and C16BitSamplePtr,has assertion,,,
00c2f170,1,FUN_00c2f170,between CInstance and C16BitSamplePtr,unclassified,,,
00c2f1b0,306,FUN_00c2f1b0,between CInstance and C16BitSamplePtr,unclassified,,,
00c2f2f0,143,FUN_00c2f2f0,between CInstance and C16BitSamplePtr,unclassified,,,
00c2f380,90,FUN_00c2f380,between CInstance and C16BitSamplePtr,unclassified,AnimationCurve_CheckBoundaryTransition,body,0.63
00c2f3e0,20,FUN_00c2f3e0,between CInstance and C16BitSamplePtr,unclassified,,,
00c2f400,23,FUN_00c2f400,between CInstance and C16BitSamplePtr,unclassified,,,
00c2f420,305,FUN_00c2f420,between CInstance and C16BitSamplePtr,has assertion,,,
00c2f560,53,FUN_00c2f560,between CInstance and C16BitSamplePtr,unclassified,,,
00c2f5a0,1,FUN_00c2f5a0,between CInstance and C16BitSamplePtr,unclassified,,,
00c2f5b0,19,FUN_00c2f5b0,between CInstance and C16BitSamplePtr,unclassified,,,
00c2f5e0,372,C16BitSamplePtr_Ctor,C16BitSamplePtr,named,,,
00c2f760,28,Ctor_vt00da68fc_00c2f760,between C16BitSamplePtr and LLACodaCChannel,constructor,RemoveFromInventory,size-run,
00c2f780,14,Dtor_00c2f780,between C16BitSamplePtr and LLACodaCChannel,destructor,AddExclusiveObserver,size-run,
00c2f790,27,ScalarDeletingDtor_00c2f790,between C16BitSamplePtr and LLACodaCChannel,scalar deleting destructor,OnPredicateFail,size-run,
00c2f7b0,24,vorbis_ilog2,between C16BitSamplePtr and LLACodaCChannel,named,GetBoughtPrice,size-run,
00c2f7d0,35,vorbis__v_writestring,between C16BitSamplePtr and LLACodaCChannel,named,GetInventoryOwner,size-run,
00c2f800,37,vorbis__v_readstring,between C16BitSamplePtr and LLACodaCChannel,named,OnDie,size-run,
00c2f830,14,vorbis_comment_init,between C16BitSamplePtr and LLACodaCChannel,named,,,
00c2f840,143,vorbis_comment_add,between C16BitSamplePtr and LLACodaCChannel,named,RTC_AllocateDebugBuffer,body,0.75
00c2f8e0,156,vorbis_comment_add_tag,between C16BitSamplePtr and LLACodaCChannel,named,,,
00c2f980,79,vorbis_tagcompare,between C16BitSamplePtr and LLACodaCChannel,named,,,
00c2f9d0,185,vorbis_comment_query,between C16BitSamplePtr and LLACodaCChannel,named,CCharString_FindOccurrence,body,0.81
00c2fa90,156,vorbis_comment_query_count,between C16BitSamplePtr and LLACodaCChannel,named,,,
00c2fb30,94,vorbis_comment_clear,between C16BitSamplePtr and LLACodaCChannel,named,Array_FreeAllElements,body,0.91
00c2fba0,15,vorbis_info_blocksize,between C16BitSamplePtr and LLACodaCChannel,named,,,
00c2fbb0,48,vorbis_info_init,between C16BitSamplePtr and LLACodaCChannel,named,,,
00c2fbe0,350,vorbis_info_clear,between C16BitSamplePtr and LLACodaCChannel,named,C3DGenerator_Destructor,body,0.63
00c2fd50,220,vorbis__vorbis_unpack_info,between C16BitSamplePtr and LLACodaCChannel,named,C3DGenerator_ReadGeometry,body,0.68
00c2fe30,214,vorbis__vorbis_unpack_comment,between C16BitSamplePtr and LLACodaCChannel,named,,,
00c2ff10,645,vorbis__vorbis_unpack_books,between C16BitSamplePtr and LLACodaCChannel,named,C3DGenerator_ReadComplexMesh,body,0.68
00c301a0,283,vorbis_synthesis_headerin,between C16BitSamplePtr and LLACodaCChannel,named,,,
00c302c0,175,vorbis__vorbis_pack_info,between C16BitSamplePtr and LLACodaCChannel,named,,,
00c30370,214,vorbis__vorbis_pack_comment,between C16BitSamplePtr and LLACodaCChannel,named,,,
00c30450,483,vorbis__vorbis_pack_books,between C16BitSamplePtr and LLACodaCChannel,named,,,
00c30640,126,vorbis_commentheader_out,between C16BitSamplePtr and LLACodaCChannel,named,Audio_CreateAlignedBuffer,body,0.77
00c306c0,616,vorbis_analysis_headerout,between C16BitSamplePtr and LLACodaCChannel,named,,,
00c30970,24,FUN_00c30970,between C16BitSamplePtr and LLACodaCChannel,unclassified,,,
00c30990,67,FUN_00c30990,between C16BitSamplePtr and LLACodaCChannel,unclassified,,,
00c309e0,102,FUN_00c309e0,between C16BitSamplePtr and LLACodaCChannel,unclassified,MemAllocator_Allocate,body,0.91
00c30a50,79,FUN_00c30a50,between C16BitSamplePtr and LLACodaCChannel,unclassified,,,
00c30ac0,67,FUN_00c30ac0,between C16BitSamplePtr and LLACodaCChannel,unclassified,,,
00c30b10,921,FUN_00c30b10,between C16BitSamplePtr and LLACodaCChannel,unclassified,,,
00c30ec0,82,FUN_00c30ec0,between C16BitSamplePtr and LLACodaCChannel,unclassified,AudioSystem_InitializeAudio,body,0.69
00c30f20,445,FUN_00c30f20,between C16BitSamplePtr and LLACodaCChannel,unclassified,,,
00c31140,185,FUN_00c31140,between C16BitSamplePtr and LLACodaCChannel,unclassified,Buffer_Reallocate,body,0.81
00c31210,246,FUN_00c31210,between C16BitSamplePtr and LLACodaCChannel,unclassified,Audio_ConvolutionStep,size-run,0.67
00c31310,307,FUN_00c31310,between C16BitSamplePtr and LLACodaCChannel,unclassified,Audio_ProcessConvolutionBuffer,size-run,0.70
00c31450,764,FUN_00c31450,between C16BitSamplePtr and LLACodaCChannel,unclassified,Audio_FlushBuffer,size-run,0.90
00c31750,96,FUN_00c31750,between C16BitSamplePtr and LLACodaCChannel,unclassified,AudioFormat_GetChannelMask,size-run,1.00
00c317b0,33,FUN_00c317b0,between C16BitSamplePtr and LLACodaCChannel,unclassified,Audio_InitializeIfAttached,size-run,0.62
00c317e0,2458,FUN_00c317e0,between C16BitSamplePtr and LLACodaCChannel,unclassified,AudioDSP_Process,size-run,0.86
00c32190,80,FUN_00c32190,between C16BitSamplePtr and LLACodaCChannel,unclassified,VertexBuffer_GetRange,size-run,1.00
00c321e0,30,FUN_00c321e0,between C16BitSamplePtr and LLACodaCChannel,unclassified,VertexBuffer_CommitData,size-run,1.00
00c32200,804,FUN_00c32200,between C16BitSamplePtr and LLACodaCChannel,unclassified,Buffer_SwapElements,size-run,1.00
00c32530,36,FUN_00c32530,between C16BitSamplePtr and LLACodaCChannel,unclassified,GetEntryDataSize,size-run,
00c32560,7,ogg_page_version,between C16BitSamplePtr and LLACodaCChannel,named,ConsoleDisplayCSTimecode,size-run,
00c32570,10,ogg_page_continued,between C16BitSamplePtr and LLACodaCChannel,named,ConsoleDisplayCSTimecode,size-run,
00c32580,10,ogg_page_bos,between C16BitSamplePtr and LLACodaCChannel,named,ConsoleDisplayCSTimecode,size-run,
00c32590,10,ogg_page_eos,between C16BitSamplePtr and LLACodaCChannel,named,ConsoleDisplayCSTimecode,size-run,
00c325a0,132,ogg_page_granulepos,between C16BitSamplePtr and LLACodaCChannel,named,Timecode_UnpackBytes,size-run,1.00
00c32630,29,ogg_page_serialno,between C16BitSamplePtr and LLACodaCChannel,named,SetDebugBoxColour1,size-run,
00c32650,29,ogg_page_pageno,between C16BitSamplePtr and LLACodaCChannel,named,SetDebugBoxColour1,size-run,
00c32690,97,ogg_stream_init,between C16BitSamplePtr and LLACodaCChannel,named,CreatureHitNotification_Buffer_Initialize,body,0.88
00c32700,58,ogg_stream_clear,between C16BitSamplePtr and LLACodaCChannel,named,EntityData_FreeResources,body,0.91
00c32750,22,ogg_stream_destroy,between C16BitSamplePtr and LLACodaCChannel,named,,,
00c32770,37,ogg__os_body_expand,between C16BitSamplePtr and LLACodaCChannel,named,,,
00c327a0,58,ogg__os_lacing_expand,between C16BitSamplePtr and LLACodaCChannel,named,WeatherRenderer_ReallocateBuffer,body,0.65
00c327e0,156,ogg_page_checksum_set,between C16BitSamplePtr and LLACodaCChannel,named,CRC32_ComputeBuffer,body,1.00
00c32890,341,ogg_stream_packetin,between C16BitSamplePtr and LLACodaCChannel,named,,,
00c329f0,554,ogg_stream_flush,between C16BitSamplePtr and LLACodaCChannel,named,OggVorbis_EncodePacket,body,0.81
00c32c20,62,ogg_stream_pageout,between C16BitSamplePtr and LLACodaCChannel,named,,,
00c32c70,27,ogg_sync_init,between C16BitSamplePtr and LLACodaCChannel,named,construct,size-run,
00c32c90,30,ogg_sync_clear,between C16BitSamplePtr and LLACodaCChannel,named,StdVector_Destroy,size-run,0.15
00c32cc0,22,ogg_sync_destroy,between C16BitSamplePtr and LLACodaCChannel,named,OnDie,size-run,
00c32ce0,118,ogg_sync_buffer,between C16BitSamplePtr and LLACodaCChannel,named,MemoryStream_CompactAndRealloc,size-run,0.54
00c32d60,20,ogg_sync_wrote,between C16BitSamplePtr and LLACodaCChannel,named,GetSelectedCategory,size-run,
00c32d80,305,ogg_sync_pageseek,between C16BitSamplePtr and LLACodaCChannel,named,SearchValue_ValidateCRC,size-run,0.89
00c32f00,702,ogg_stream_pagein,between C16BitSamplePtr and LLACodaCChannel,named,WeatherRenderer_ProcessStream,size-run,0.80
00c331c0,18,ogg_sync_reset,between C16BitSamplePtr and LLACodaCChannel,named,Close,size-run,
00c331e0,70,ogg_stream_reset,between C16BitSamplePtr and LLACodaCChannel,named,CRegionMinimap,size-run,
00c33230,14,ogg_stream_reset_serialno,between C16BitSamplePtr and LLACodaCChannel,named,CRegionMinimap_CRegionMinimap,size-run,0.56
00c33240,311,ogg__packetout,between C16BitSamplePtr and LLACodaCChannel,named,Notification_ProcessState,size-run,0.66
00c33380,12,ogg_stream_packetout,between C16BitSamplePtr and LLACodaCChannel,named,"_Dest_val<std::allocator<NCreatureHitNotification::CFlash>,NCreatureHitNotification::CFlash>",size-run,
00c33390,12,ogg_stream_packetpeek,between C16BitSamplePtr and LLACodaCChannel,named,"_Dest_val<std::allocator<NCreatureHitNotification::CFlash>,NCreatureHitNotification::CFlash>",size-run,
00c333a0,11,FUN_00c333a0,between C16BitSamplePtr and LLACodaCChannel,unclassified,,,
00c333d0,18,FUN_00c333d0,between C16BitSamplePtr and LLACodaCChannel,unclassified,,,
00c333f0,24,FUN_00c333f0,between C16BitSamplePtr and LLACodaCChannel,unclassified,,,
00c33410,211,FUN_00c33410,between C16BitSamplePtr and LLACodaCChannel,unclassified,Float_ConvertToInteger,body,0.80
00c334f0,178,FUN_00c334f0,between C16BitSamplePtr and LLACodaCChannel,unclassified,Array_LinearSearch,body,1.00
00c335b0,498,FUN_00c335b0,between C16BitSamplePtr and LLACodaCChannel,unclassified,CVsyncCallbackTimerInfo::Initialize,body,0.63
00c337b0,182,FUN_00c337b0,between C16BitSamplePtr and LLACodaCChannel,unclassified,AnimationEventMap_Destructor,body,0.61
00c33880,17,FUN_00c33880,between C16BitSamplePtr and LLACodaCChannel,unclassified,,,
00c338a0,2691,FUN_00c338a0,between C16BitSamplePtr and LLACodaCChannel,unclassified,CLandscapeBackgroundDynamicBuildTemplate::UpdateTerrainGrid,body,0.75
00c34330,184,FUN_00c34330,between C16BitSamplePtr and LLACodaCChannel,unclassified,,,
00c343f0,29,FUN_00c343f0,between C16BitSamplePtr and LLACodaCChannel,unclassified,,,
00c34410,130,FUN_00c34410,between C16BitSamplePtr and LLACodaCChannel,unclassified,,,
00c344a0,328,FUN_00c344a0,between C16BitSamplePtr and LLACodaCChannel,unclassified,,,
00c34620,40,FUN_00c34620,between C16BitSamplePtr and LLACodaCChannel,unclassified,,,
00c34650,350,FUN_00c34650,between C16BitSamplePtr and LLACodaCChannel,unclassified,,,
00c347b0,344,FUN_00c347b0,between C16BitSamplePtr and LLACodaCChannel,unclassified,,,
00c34910,500,FUN_00c34910,between C16BitSamplePtr and LLACodaCChannel,unclassified,,,
00c34b10,173,FUN_00c34b10,between C16BitSamplePtr and LLACodaCChannel,unclassified,,,
00c34bc0,365,FUN_00c34bc0,between C16BitSamplePtr and LLACodaCChannel,unclassified,,,
00c34d30,345,FUN_00c34d30,between C16BitSamplePtr and LLACodaCChannel,unclassified,,,
00c34e90,66,FUN_00c34e90,between C16BitSamplePtr and LLACodaCChannel,unclassified,,,
00c34ee0,464,FUN_00c34ee0,between C16BitSamplePtr and LLACodaCChannel,unclassified,,,
00c350c0,29,FUN_00c350c0,between C16BitSamplePtr and LLACodaCChannel,unclassified,,,
00c350e0,43,FUN_00c350e0,between C16BitSamplePtr and LLACodaCChannel,unclassified,,,
00c35110,36,FUN_00c35110,between C16BitSamplePtr and LLACodaCChannel,unclassified,,,
00c35140,832,FUN_00c35140,between C16BitSamplePtr and LLACodaCChannel,unclassified,,,
00c35490,328,FUN_00c35490,between C16BitSamplePtr and LLACodaCChannel,unclassified,,,
00c355e0,77,FUN_00c355e0,between C16BitSamplePtr and LLACodaCChannel,unclassified,,,
00c35630,378,FUN_00c35630,between C16BitSamplePtr and LLACodaCChannel,unclassified,,,
00c357b0,1287,FUN_00c357b0,between C16BitSamplePtr and LLACodaCChannel,unclassified,,,
00c35cc0,332,FUN_00c35cc0,between C16BitSamplePtr and LLACodaCChannel,unclassified,,,
00c35e10,104,FUN_00c35e10,between C16BitSamplePtr and LLACodaCChannel,unclassified,,,
00c35ec0,271,FUN_00c35ec0,between C16BitSamplePtr and LLACodaCChannel,unclassified,,,
00c36010,724,FUN_00c36010,between C16BitSamplePtr and LLACodaCChannel,unclassified,,,
00c36330,29,Ctor_vt00da6a10_00c36330,between C16BitSamplePtr and LLACodaCChannel,constructor,,,
00c36350,11,Dtor_00c36350,between C16BitSamplePtr and LLACodaCChannel,destructor,,,
00c36370,29,FUN_00c36370,between C16BitSamplePtr and LLACodaCChannel,unclassified,,,
00c36390,39,FUN_00c36390,between C16BitSamplePtr and LLACodaCChannel,unclassified,,,
00c363e0,53,FUN_00c363e0,between C16BitSamplePtr and LLACodaCChannel,unclassified,,,
00c36420,27,ScalarDeletingDtor_00c36420,between C16BitSamplePtr and LLACodaCChannel,scalar deleting destructor,,,
00c364d0,60,FUN_00c364d0,between C16BitSamplePtr and LLACodaCChannel,has assertion,,,
00c36520,24,FUN_00c36520,between C16BitSamplePtr and LLACodaCChannel,unclassified,,,
00c36550,33,Ctor_vt00da6a48_00c36550,between C16BitSamplePtr and LLACodaCChannel,constructor,,,
00c36580,167,Dtor_00c36580,between C16BitSamplePtr and LLACodaCChannel,destructor,,,
00c36640,118,FUN_00c36640,between C16BitSamplePtr and LLACodaCChannel,unclassified,,,
00c366c0,63,FUN_00c366c0,between C16BitSamplePtr and LLACodaCChannel,unclassified,,,
00c367c0,63,LH_Array_SetAt_00c367c0,between C16BitSamplePtr and LLACodaCChannel,array helper,,,
00c36800,43,LH_Array_SetFilledSize_00c36800,between C16BitSamplePtr and LLACodaCChannel,array helper,,,
00c36830,13,FUN_00c36830,between C16BitSamplePtr and LLACodaCChannel,unclassified,,,
00c36840,73,LH_Array_FreeBuffer_00c36840,between C16BitSamplePtr and LLACodaCChannel,array helper,,,
00c368f0,27,ScalarDeletingDtor_00c368f0,between C16BitSamplePtr and LLACodaCChannel,scalar deleting destructor,,,
00c36910,55,FUN_00c36910,between C16BitSamplePtr and LLACodaCChannel,unclassified,,,
00c36950,41,FUN_00c36950,between C16BitSamplePtr and LLACodaCChannel,unclassified,,,
00c36980,27,ScalarDeletingDtor_00c36980,between C16BitSamplePtr and LLACodaCChannel,scalar deleting destructor,,,
00c369a0,32,Ctor_vt00da6a68_00c369a0,between C16BitSamplePtr and LLACodaCChannel,constructor,,,
00c369c0,18,Dtor_00c369c0,between C16BitSamplePtr and LLACodaCChannel,destructor,,,
00c36a00,78,FUN_00c36a00,between C16BitSamplePtr and LLACodaCChannel,unclassified,,,
00c36a80,27,ScalarDeletingDtor_00c36a80,between C16BitSamplePtr and LLACodaCChannel,scalar deleting destructor,,,
00c36ab0,33,Ctor_vt00da6a88_00c36ab0,between C16BitSamplePtr and LLACodaCChannel,constructor,,,
00c36ae0,100,Dtor_00c36ae0,between C16BitSamplePtr and LLACodaCChannel,destructor,,,
00c36ba0,41,FUN_00c36ba0,between C16BitSamplePtr and LLACodaCChannel,unclassified,,,
00c36c50,27,ScalarDeletingDtor_00c36c50,between C16BitSamplePtr and LLACodaCChannel,scalar deleting destructor,,,
00c36c70,84,FUN_00c36c70,between C16BitSamplePtr and LLACodaCChannel,unclassified,,,
00c36d40,29,FUN_00c36d40,between C16BitSamplePtr and LLACodaCChannel,unclassified,,,
00c36d60,32,FUN_00c36d60,between C16BitSamplePtr and LLACodaCChannel,unclassified,,,
00c36db0,44,FUN_00c36db0,between C16BitSamplePtr and LLACodaCChannel,unclassified,,,
00c36de0,8,FUN_00c36de0,between C16BitSamplePtr and LLACodaCChannel,unclassified,,,
00c36df0,150,FUN_00c36df0,between C16BitSamplePtr and LLACodaCChannel,unclassified,,,
00c36e90,25,Ctor_vt00da6aa8_00c36e90,between C16BitSamplePtr and LLACodaCChannel,constructor,,,
00c36eb0,11,Dtor_00c36eb0,between C16BitSamplePtr and LLACodaCChannel,destructor,,,
00c36f30,27,ScalarDeletingDtor_00c36f30,between C16BitSamplePtr and LLACodaCChannel,scalar deleting destructor,,,
00c36fc0,91,FUN_00c36fc0,between C16BitSamplePtr and LLACodaCChannel,unclassified,,,
00c37020,8,FUN_00c37020,between C16BitSamplePtr and LLACodaCChannel,unclassified,,,
00c37030,384,FUN_00c37030,between C16BitSamplePtr and LLACodaCChannel,unclassified,,,
00c371f0,20,FUN_00c371f0,between C16BitSamplePtr and LLACodaCChannel,unclassified,,,
00c37210,102,Dtor_00c37210,between C16BitSamplePtr and LLACodaCChannel,destructor,,,
00c37290,242,FUN_00c37290,between C16BitSamplePtr and LLACodaCChannel,unclassified,,,
00c37390,42,FUN_00c37390,between C16BitSamplePtr and LLACodaCChannel,unclassified,,,
00c373c0,38,FUN_00c373c0,between C16BitSamplePtr and LLACodaCChannel,unclassified,,,
00c373f0,126,FUN_00c373f0,between C16BitSamplePtr and LLACodaCChannel,unclassified,,,
00c37470,9,FUN_00c37470,between C16BitSamplePtr and LLACodaCChannel,unclassified,,,
00c37480,80,FUN_00c37480,between C16BitSamplePtr and LLACodaCChannel,unclassified,,,
00c374d0,25,Ctor_vt00da6ac8_00c374d0,between C16BitSamplePtr and LLACodaCChannel,constructor,,,
00c37500,11,Dtor_00c37500,between C16BitSamplePtr and LLACodaCChannel,destructor,,,
00c37510,30,FUN_00c37510,between C16BitSamplePtr and LLACodaCChannel,unclassified,,,
00c37530,12,FUN_00c37530,between C16BitSamplePtr and LLACodaCChannel,unclassified,,,
00c37540,30,ScalarDeletingDtor_00c37540,between C16BitSamplePtr and LLACodaCChannel,scalar deleting destructor,,,
00c375a0,74,Ctor_vt00da326c_00c375a0,between C16BitSamplePtr and LLACodaCChannel,constructor,,,
00c375f0,97,FUN_00c375f0,between C16BitSamplePtr and LLACodaCChannel,unclassified,,,
00c37660,45,FUN_00c37660,between C16BitSamplePtr and LLACodaCChannel,unclassified,CScriptDefinitionManager::CleanupAudioAndRender,body,0.65
00c37690,69,FUN_00c37690,between C16BitSamplePtr and LLACodaCChannel,unclassified,,,
00c376e0,109,FUN_00c376e0,between C16BitSamplePtr and LLACodaCChannel,unclassified,,,
00c37750,30,ScalarDeletingDtor_00c37750,between C16BitSamplePtr and LLACodaCChannel,scalar deleting destructor,,,
00c37770,122,Dtor_00c37770,between C16BitSamplePtr and LLACodaCChannel,destructor,,,
00c377f0,30,ScalarDeletingDtor_00c377f0,between C16BitSamplePtr and LLACodaCChannel,scalar deleting destructor,,,
00c37940,222,FUN_00c37940,between C16BitSamplePtr and LLACodaCChannel,unclassified,,,
00c37a20,59,FUN_00c37a20,between C16BitSamplePtr and LLACodaCChannel,unclassified,,,
00c37a90,25,Ctor_vt00da6ce0_00c37a90,between C16BitSamplePtr and LLACodaCChannel,constructor,,,
00c37ae0,25,Ctor_vt00da6ce4_00c37ae0,between C16BitSamplePtr and LLACodaCChannel,constructor,,,
00c37b00,79,FUN_00c37b00,between C16BitSamplePtr and LLACodaCChannel,unclassified,,,
00c37b80,92,Dtor_00c37b80,between C16BitSamplePtr and LLACodaCChannel,destructor,,,
00c37c10,30,ScalarDeletingDtor_00c37c10,between C16BitSamplePtr and LLACodaCChannel,scalar deleting destructor,,,
00c37c30,46,FUN_00c37c30,between C16BitSamplePtr and LLACodaCChannel,unclassified,GetElapsedPerformanceTime,body,0.76
00c37ce0,35,FUN_00c37ce0,between C16BitSamplePtr and LLACodaCChannel,unclassified,,,
00c37db0,289,FUN_00c37db0,between C16BitSamplePtr and LLACodaCChannel,unclassified,,,
00c37ee0,60,FUN_00c37ee0,between C16BitSamplePtr and LLACodaCChannel,unclassified,,,
00c37f20,27,FUN_00c37f20,between C16BitSamplePtr and LLACodaCChannel,unclassified,,,
00c37f60,69,FUN_00c37f60,between C16BitSamplePtr and LLACodaCChannel,unclassified,,,
00c38030,42,FUN_00c38030,between C16BitSamplePtr and LLACodaCChannel,unclassified,,,
00c380b0,11,FUN_00c380b0,between C16BitSamplePtr and LLACodaCChannel,unclassified,,,
00c380c0,402,FUN_00c380c0,between C16BitSamplePtr and LLACodaCChannel,unclassified,,,
00c38260,75,FUN_00c38260,between C16BitSamplePtr and LLACodaCChannel,unclassified,,,
00c382b0,62,FUN_00c382b0,between C16BitSamplePtr and LLACodaCChannel,unclassified,,,
00c382f0,66,FUN_00c382f0,between C16BitSamplePtr and LLACodaCChannel,unclassified,,,
00c38400,18,FUN_00c38400,between C16BitSamplePtr and LLACodaCChannel,unclassified,,,
00c38420,212,Ctor_vt00da6ad0_00c38420,between C16BitSamplePtr and LLACodaCChannel,constructor,,,
00c385c0,18,Ctor_vt00da6d10_00c385c0,between C16BitSamplePtr and LLACodaCChannel,constructor,,,
00c386b0,282,FUN_00c386b0,between C16BitSamplePtr and LLACodaCChannel,unclassified,,,
00c387d0,335,FUN_00c387d0,between C16BitSamplePtr and LLACodaCChannel,unclassified,,,
00c38920,260,FUN_00c38920,between C16BitSamplePtr and LLACodaCChannel,unclassified,,,
00c38a30,291,FUN_00c38a30,between C16BitSamplePtr and LLACodaCChannel,unclassified,,,
00c38b60,188,FUN_00c38b60,between C16BitSamplePtr and LLACodaCChannel,unclassified,,,
00c38c20,642,FUN_00c38c20,between C16BitSamplePtr and LLACodaCChannel,unclassified,,,
00c38fb0,138,FUN_00c38fb0,between C16BitSamplePtr and LLACodaCChannel,unclassified,Vector3_Normalize,body,0.70
00c39040,57,FUN_00c39040,between C16BitSamplePtr and LLACodaCChannel,unclassified,,,
00c390a0,62,FUN_00c390a0,between C16BitSamplePtr and LLACodaCChannel,unclassified,,,
00c390e0,75,FUN_00c390e0,between C16BitSamplePtr and LLACodaCChannel,unclassified,,,
00c39130,75,FUN_00c39130,between C16BitSamplePtr and LLACodaCChannel,unclassified,,,
00c39180,147,FUN_00c39180,between C16BitSamplePtr and LLACodaCChannel,unclassified,CRightHandedSet::SetOrientationVectors,body,0.68
00c39220,192,FUN_00c39220,between C16BitSamplePtr and LLACodaCChannel,unclassified,CRightHandedSet::NormalizeOrientationFrame,body,0.65
00c39400,21,Dtor_00c39400,between C16BitSamplePtr and LLACodaCChannel,destructor,,,
00c39470,31,FUN_00c39470,between C16BitSamplePtr and LLACodaCChannel,unclassified,,,
00c394b0,40,FUN_00c394b0,between C16BitSamplePtr and LLACodaCChannel,unclassified,,,
00c394e0,51,FUN_00c394e0,between C16BitSamplePtr and LLACodaCChannel,unclassified,,,
00c39520,122,Ctor_vt00da6d84_00c39520,between C16BitSamplePtr and LLACodaCChannel,constructor,,,
00c396c0,453,LLACodaCChannel_CreateSource,LLACodaCChannel,named,,,
00c39890,214,LLACodaCChannel_DestroySource,LLACodaCChannel,named,,,
00c39970,114,FUN_00c39970,between LLACodaCChannel and LLACodaCOneShot,unclassified,,,
00c399f0,56,FUN_00c399f0,between LLACodaCChannel and LLACodaCOneShot,unclassified,,,
00c39a30,7,SetVtable_00da6d38_00c39a30,between LLACodaCChannel and LLACodaCOneShot,vtable setter,,,
00c39ac0,7,SetVtable_00da6d7c_00c39ac0,between LLACodaCChannel and LLACodaCOneShot,vtable setter,,,
00c39ad0,7,SetVtable_00da6d74_00c39ad0,between LLACodaCChannel and LLACodaCOneShot,vtable setter,,,
00c39b00,27,ScalarDeletingDtor_00c39b00,between LLACodaCChannel and LLACodaCOneShot,scalar deleting destructor,,,
00c39b30,7,SetVtable_00da6e68_00c39b30,between LLACodaCChannel and LLACodaCOneShot,vtable setter,,,
00c39b40,20,FUN_00c39b40,between LLACodaCChannel and LLACodaCOneShot,unclassified,,,
00c39b60,89,FUN_00c39b60,between LLACodaCChannel and LLACodaCOneShot,unclassified,,,
00c39bc0,15,FUN_00c39bc0,between LLACodaCChannel and LLACodaCOneShot,unclassified,,,
00c39bd0,29,FUN_00c39bd0,between LLACodaCChannel and LLACodaCOneShot,unclassified,,,
00c39bf0,39,FUN_00c39bf0,between LLACodaCChannel and LLACodaCOneShot,unclassified,,,
00c39c20,154,FUN_00c39c20,between LLACodaCChannel and LLACodaCOneShot,unclassified,,,
00c39cc0,29,FUN_00c39cc0,between LLACodaCChannel and LLACodaCOneShot,unclassified,,,
00c39ce0,40,FUN_00c39ce0,between LLACodaCChannel and LLACodaCOneShot,unclassified,,,
00c39d10,1513,LLACodaCOneShot_Create,LLACodaCOneShot,named,,,
00c3a4a0,27,ScalarDeletingDtor_00c3a4a0,between LLACodaCOneShot and LLACodaCStreamed,scalar deleting destructor,,,
00c3a4d0,14,FUN_00c3a4d0,between LLACodaCOneShot and LLACodaCStreamed,unclassified,,,
00c3a4e0,33,FUN_00c3a4e0,between LLACodaCOneShot and LLACodaCStreamed,unclassified,,,
00c3a510,8,FUN_00c3a510,between LLACodaCOneShot and LLACodaCStreamed,unclassified,,,
00c3a540,72,Ctor_vt00da6fd8_00c3a540,between LLACodaCOneShot and LLACodaCStreamed,constructor,,,
00c3a590,73,Dtor_00c3a590,between LLACodaCOneShot and LLACodaCStreamed,destructor,,,
00c3a5e0,22,FUN_00c3a5e0,between LLACodaCOneShot and LLACodaCStreamed,unclassified,,,
00c3a620,1163,LLACodaCStreamed_SubmitFrame,LLACodaCStreamed,named,,,
00c3abc0,232,LLACodaCStreamed_SetCallback,LLACodaCStreamed,named,,,
00c3acb0,7,SetVtable_00da6fc8_00c3acb0,between LLACodaCStreamed and PKDataReadAccessTypesCAccessWindow,vtable setter,,,
00c3acf0,98,FUN_00c3acf0,between LLACodaCStreamed and PKDataReadAccessTypesCAccessWindow,unclassified,,,
00c3ad60,12,FUN_00c3ad60,between LLACodaCStreamed and PKDataReadAccessTypesCAccessWindow,unclassified,,,
00c3ad80,107,FUN_00c3ad80,between LLACodaCStreamed and PKDataReadAccessTypesCAccessWindow,unclassified,,,
00c3adf0,35,FUN_00c3adf0,between LLACodaCStreamed and PKDataReadAccessTypesCAccessWindow,unclassified,,,
00c3ae20,45,FUN_00c3ae20,between LLACodaCStreamed and PKDataReadAccessTypesCAccessWindow,unclassified,,,
00c3ae50,144,FUN_00c3ae50,between LLACodaCStreamed and PKDataReadAccessTypesCAccessWindow,unclassified,,,
00c3aee0,27,ScalarDeletingDtor_00c3aee0,between LLACodaCStreamed and PKDataReadAccessTypesCAccessWindow,scalar deleting destructor,,,
00c3afc0,18,Ctor_vt00da70a8_00c3afc0,between LLACodaCStreamed and PKDataReadAccessTypesCAccessWindow,constructor,C3DAnimationUtil,size-run,
00c3afe0,11,Dtor_00c3afe0,between LLACodaCStreamed and PKDataReadAccessTypesCAccessWindow,destructor,~CChunkedFileChunk,size-run,
00c3b000,27,ScalarDeletingDtor_00c3b000,between LLACodaCStreamed and PKDataReadAccessTypesCAccessWindow,scalar deleting destructor,`vector_deleting_destructor',size-run,
00c3b080,18,Ctor_vt00da70ac_00c3b080,between LLACodaCStreamed and PKDataReadAccessTypesCAccessWindow,constructor,C3DAnimationUtil,size-run,
00c3b0a0,11,Dtor_00c3b0a0,between LLACodaCStreamed and PKDataReadAccessTypesCAccessWindow,destructor,~CChunkedFileChunk,size-run,
00c3b0e0,27,ScalarDeletingDtor_00c3b0e0,between LLACodaCStreamed and PKDataReadAccessTypesCAccessWindow,scalar deleting destructor,`vector_deleting_destructor',size-run,
00c3b100,18,Ctor_vt00da70b0_00c3b100,between LLACodaCStreamed and PKDataReadAccessTypesCAccessWindow,constructor,C3DAnimationUtil,size-run,
00c3b120,11,Dtor_00c3b120,between LLACodaCStreamed and PKDataReadAccessTypesCAccessWindow,destructor,~CChunkedFileChunk,size-run,
00c3b160,27,ScalarDeletingDtor_00c3b160,between LLACodaCStreamed and PKDataReadAccessTypesCAccessWindow,scalar deleting destructor,`vector_deleting_destructor',size-run,
00c3b1d0,7,SetVtable_00da34b0_00c3b1d0,between LLACodaCStreamed and PKDataReadAccessTypesCAccessWindow,vtable setter,CBase,size-run,
00c3b1e0,18,Ctor_vt00da70b8_00c3b1e0,between LLACodaCStreamed and PKDataReadAccessTypesCAccessWindow,constructor,,,
00c3b210,27,ScalarDeletingDtor_00c3b210,between LLACodaCStreamed and PKDataReadAccessTypesCAccessWindow,scalar deleting destructor,,,
00c3b230,84,Ctor_vt00da70bc_00c3b230,between LLACodaCStreamed and PKDataReadAccessTypesCAccessWindow,constructor,,,
00c3b290,82,Dtor_00c3b290,between LLACodaCStreamed and PKDataReadAccessTypesCAccessWindow,destructor,,,
00c3b2f0,82,Dtor_00c3b2f0,between LLACodaCStreamed and PKDataReadAccessTypesCAccessWindow,destructor,,,
00c3b350,27,ScalarDeletingDtor_00c3b350,between LLACodaCStreamed and PKDataReadAccessTypesCAccessWindow,scalar deleting destructor,,,
00c3b370,27,ScalarDeletingDtor_00c3b370,between LLACodaCStreamed and PKDataReadAccessTypesCAccessWindow,scalar deleting destructor,,,
00c3b3d0,236,FUN_00c3b3d0,between LLACodaCStreamed and PKDataReadAccessTypesCAccessWindow,unclassified,NScript::CQ_GuildTrainingSkillScript::AllocateMemory,body,0.82
00c3b4c0,245,FUN_00c3b4c0,between LLACodaCStreamed and PKDataReadAccessTypesCAccessWindow,unclassified,CTCNpcInteractable_Reset,body,0.80
00c3b5c0,837,FUN_00c3b5c0,between LLACodaCStreamed and PKDataReadAccessTypesCAccessWindow,unclassified,,,
00c3b910,197,FUN_00c3b910,between LLACodaCStreamed and PKDataReadAccessTypesCAccessWindow,unclassified,,,
00c3b9e0,252,FUN_00c3b9e0,between LLACodaCStreamed and PKDataReadAccessTypesCAccessWindow,unclassified,,,
00c3bae0,128,FUN_00c3bae0,between LLACodaCStreamed and PKDataReadAccessTypesCAccessWindow,unclassified,,,
00c3bb60,128,FUN_00c3bb60,between LLACodaCStreamed and PKDataReadAccessTypesCAccessWindow,unclassified,,,
00c3bbe0,89,Ctor_vt00da70c0_00c3bbe0,between LLACodaCStreamed and PKDataReadAccessTypesCAccessWindow,constructor,,,
00c3bc40,86,Dtor_00c3bc40,between LLACodaCStreamed and PKDataReadAccessTypesCAccessWindow,destructor,,,
00c3bca0,109,Dtor_00c3bca0,between LLACodaCStreamed and PKDataReadAccessTypesCAccessWindow,destructor,,,
00c3bd10,27,ScalarDeletingDtor_00c3bd10,between LLACodaCStreamed and PKDataReadAccessTypesCAccessWindow,scalar deleting destructor,,,
00c3bd30,58,FUN_00c3bd30,between LLACodaCStreamed and PKDataReadAccessTypesCAccessWindow,unclassified,,,
00c3bdc0,364,FUN_00c3bdc0,between LLACodaCStreamed and PKDataReadAccessTypesCAccessWindow,unclassified,,,
00c3bf30,125,FUN_00c3bf30,between LLACodaCStreamed and PKDataReadAccessTypesCAccessWindow,unclassified,,,
00c3bfb0,304,Ctor_vt00da70c4_00c3bfb0,between LLACodaCStreamed and PKDataReadAccessTypesCAccessWindow,constructor,,,
00c3c0e0,294,Dtor_00c3c0e0,between LLACodaCStreamed and PKDataReadAccessTypesCAccessWindow,destructor,,,
00c3c210,308,FUN_00c3c210,between LLACodaCStreamed and PKDataReadAccessTypesCAccessWindow,unclassified,NScript::CQ_GuildTrainingSkillScript::BeginScript,body,0.61
00c3c350,27,ScalarDeletingDtor_00c3c350,between LLACodaCStreamed and PKDataReadAccessTypesCAccessWindow,scalar deleting destructor,,,
00c3c370,149,FUN_00c3c370,between LLACodaCStreamed and PKDataReadAccessTypesCAccessWindow,unclassified,,,
00c3c420,187,FUN_00c3c420,between LLACodaCStreamed and PKDataReadAccessTypesCAccessWindow,unclassified,,,
00c3c540,7,SetVtable_00d9fbe8_00c3c540,between LLACodaCStreamed and PKDataReadAccessTypesCAccessWindow,vtable setter,,,
00c3c550,30,ScalarDeletingDtor_00c3c550,between LLACodaCStreamed and PKDataReadAccessTypesCAccessWindow,scalar deleting destructor,,,
00c3c570,7,SetVtable_00d9fbe8_00c3c570,between LLACodaCStreamed and PKDataReadAccessTypesCAccessWindow,vtable setter,,,
00c3c580,38,FUN_00c3c580,between LLACodaCStreamed and PKDataReadAccessTypesCAccessWindow,unclassified,,,
00c3c5b0,37,FUN_00c3c5b0,between LLACodaCStreamed and PKDataReadAccessTypesCAccessWindow,unclassified,,,
00c3c5e0,74,FUN_00c3c5e0,between LLACodaCStreamed and PKDataReadAccessTypesCAccessWindow,unclassified,,,
00c3c630,88,FUN_00c3c630,between LLACodaCStreamed and PKDataReadAccessTypesCAccessWindow,unclassified,,,
00c3c690,21,FUN_00c3c690,between LLACodaCStreamed and PKDataReadAccessTypesCAccessWindow,unclassified,,,
00c3c6b0,30,ScalarDeletingDtor_00c3c6b0,between LLACodaCStreamed and PKDataReadAccessTypesCAccessWindow,scalar deleting destructor,,,
00c3c6d0,173,FUN_00c3c6d0,between LLACodaCStreamed and PKDataReadAccessTypesCAccessWindow,unclassified,,,
00c3c7b0,90,FUN_00c3c7b0,between LLACodaCStreamed and PKDataReadAccessTypesCAccessWindow,unclassified,,,
00c3c810,105,FUN_00c3c810,between LLACodaCStreamed and PKDataReadAccessTypesCAccessWindow,unclassified,,,
00c3c880,98,FUN_00c3c880,between LLACodaCStreamed and PKDataReadAccessTypesCAccessWindow,unclassified,CTCHeroStats::UpdateEventProgress,body,0.74
00c3c8f0,143,FUN_00c3c8f0,between LLACodaCStreamed and PKDataReadAccessTypesCAccessWindow,unclassified,,,
00c3c980,477,FUN_00c3c980,between LLACodaCStreamed and PKDataReadAccessTypesCAccessWindow,unclassified,,,
00c3cb70,13,FUN_00c3cb70,between LLACodaCStreamed and PKDataReadAccessTypesCAccessWindow,unclassified,,,
00c3cb90,308,FUN_00c3cb90,between LLACodaCStreamed and PKDataReadAccessTypesCAccessWindow,unclassified,FloatToLongConvert_Vectorized,body,0.87
00c3ccd0,228,FUN_00c3ccd0,between LLACodaCStreamed and PKDataReadAccessTypesCAccessWindow,unclassified,LongToFloatConvert_Vectorized,body,0.97
00c3cdc0,289,FUN_00c3cdc0,between LLACodaCStreamed and PKDataReadAccessTypesCAccessWindow,unclassified,FloatArrayRound_CPU,body,0.90
00c3cf00,200,FUN_00c3cf00,between LLACodaCStreamed and PKDataReadAccessTypesCAccessWindow,unclassified,Math_ConvertFloatsToIntegers,body,0.96
00c3d050,37,FUN_00c3d050,between LLACodaCStreamed and PKDataReadAccessTypesCAccessWindow,unclassified,,,
00c3d0f0,249,FUN_00c3d0f0,between LLACodaCStreamed and PKDataReadAccessTypesCAccessWindow,unclassified,,,
00c3d1f0,219,FUN_00c3d1f0,between LLACodaCStreamed and PKDataReadAccessTypesCAccessWindow,unclassified,,,
00c3d2d0,37,FUN_00c3d2d0,between LLACodaCStreamed and PKDataReadAccessTypesCAccessWindow,unclassified,,,
00c3d300,266,FUN_00c3d300,between LLACodaCStreamed and PKDataReadAccessTypesCAccessWindow,unclassified,,,
00c3d410,229,FUN_00c3d410,between LLACodaCStreamed and PKDataReadAccessTypesCAccessWindow,unclassified,,,
00c3d500,161,FUN_00c3d500,between LLACodaCStreamed and PKDataReadAccessTypesCAccessWindow,unclassified,,,
00c3d5b0,113,FUN_00c3d5b0,between LLACodaCStreamed and PKDataReadAccessTypesCAccessWindow,unclassified,,,
00c3d630,155,FUN_00c3d630,between LLACodaCStreamed and PKDataReadAccessTypesCAccessWindow,unclassified,,,
00c3d6f0,146,FUN_00c3d6f0,between LLACodaCStreamed and PKDataReadAccessTypesCAccessWindow,unclassified,,,
00c3d790,226,FUN_00c3d790,between LLACodaCStreamed and PKDataReadAccessTypesCAccessWindow,unclassified,Audio_ComputeFrequencyResponse,body,0.64
00c3d880,75,FUN_00c3d880,between LLACodaCStreamed and PKDataReadAccessTypesCAccessWindow,unclassified,MathUtils_Pow2_v2,size-run,0.96
00c3d910,16,FUN_00c3d910,between LLACodaCStreamed and PKDataReadAccessTypesCAccessWindow,unclassified,CBaseIntelligentPointer,size-run,
00c3d920,240,FUN_00c3d920,between LLACodaCStreamed and PKDataReadAccessTypesCAccessWindow,unclassified,Audio_ComputeDecibelsToLinear,size-run,0.59
00c3da10,1075,FUN_00c3da10,between LLACodaCStreamed and PKDataReadAccessTypesCAccessWindow,unclassified,Audio_ApplyIIRFilter,size-run,0.68
00c3de50,1123,FUN_00c3de50,between LLACodaCStreamed and PKDataReadAccessTypesCAccessWindow,unclassified,Audio_ApplyGainFilter_SIMD,size-run,0.72
00c3e340,150,Ctor_vt00dac8ac_00c3e340,between LLACodaCStreamed and PKDataReadAccessTypesCAccessWindow,constructor,CEnvironmentSpellEffectInterface,size-run,
00c3e3e0,11,Dtor_00c3e3e0,between LLACodaCStreamed and PKDataReadAccessTypesCAccessWindow,destructor,~CChunkedFileChunk,size-run,
00c3e410,139,FUN_00c3e410,between LLACodaCStreamed and PKDataReadAccessTypesCAccessWindow,unclassified,Audio_ResampleAndAccumulate,size-run,0.98
00c3e4a0,143,FUN_00c3e4a0,between LLACodaCStreamed and PKDataReadAccessTypesCAccessWindow,unclassified,Audio_ResampleDecayAndAccumulate,size-run,0.98
00c3e530,73,FUN_00c3e530,between LLACodaCStreamed and PKDataReadAccessTypesCAccessWindow,unclassified,Audio_ApplyGain,size-run,0.97
00c3e810,66,FUN_00c3e810,between LLACodaCStreamed and PKDataReadAccessTypesCAccessWindow,unclassified,Audio_SetFilterCoefficients,size-run,0.76
00c3e860,472,FUN_00c3e860,between LLACodaCStreamed and PKDataReadAccessTypesCAccessWindow,unclassified,Audio_SetFilterCoefficients,size-run,0.63
00c3ec70,30,ScalarDeletingDtor_00c3ec70,between LLACodaCStreamed and PKDataReadAccessTypesCAccessWindow,scalar deleting destructor,`vector_deleting_destructor',size-run,
00c3ec90,132,FUN_00c3ec90,between LLACodaCStreamed and PKDataReadAccessTypesCAccessWindow,unclassified,,,
00c3ed20,208,FUN_00c3ed20,between LLACodaCStreamed and PKDataReadAccessTypesCAccessWindow,unclassified,,,
00c3f2c0,94,Ctor_vt00dac8c0_00c3f2c0,between LLACodaCStreamed and PKDataReadAccessTypesCAccessWindow,constructor,CResourceBank,size-run,
00c3f320,11,Dtor_00c3f320,between LLACodaCStreamed and PKDataReadAccessTypesCAccessWindow,destructor,~CChunkedFileChunk,size-run,
00c3f330,139,FUN_00c3f330,between LLACodaCStreamed and PKDataReadAccessTypesCAccessWindow,unclassified,FixedPoint_AccumulateShort,size-run,0.98
00c3f3c0,139,FUN_00c3f3c0,between LLACodaCStreamed and PKDataReadAccessTypesCAccessWindow,unclassified,FixedPoint_AccumulateUshortDelta,size-run,0.98
00c3f750,59,FUN_00c3f750,between LLACodaCStreamed and PKDataReadAccessTypesCAccessWindow,unclassified,Audio_ConvertFloatToS15,size-run,0.66
00c3f790,369,FUN_00c3f790,between LLACodaCStreamed and PKDataReadAccessTypesCAccessWindow,unclassified,Audio_SetOutputVolume,size-run,0.65
00c3fac0,30,ScalarDeletingDtor_00c3fac0,between LLACodaCStreamed and PKDataReadAccessTypesCAccessWindow,scalar deleting destructor,`vector_deleting_destructor',size-run,
00c3fae0,132,FUN_00c3fae0,between LLACodaCStreamed and PKDataReadAccessTypesCAccessWindow,unclassified,,,
00c3fb70,208,FUN_00c3fb70,between LLACodaCStreamed and PKDataReadAccessTypesCAccessWindow,unclassified,,,
00c3fee0,34,Dtor_00c3fee0,between LLACodaCStreamed and PKDataReadAccessTypesCAccessWindow,destructor,CConsoleCommandParameters,size-run,
00c3ff10,45,FUN_00c3ff10,between LLACodaCStreamed and PKDataReadAccessTypesCAccessWindow,unclassified,WriteCBYTE,size-run,
00c3ff50,38,Ctor_vt00dac8d4_00c3ff50,between LLACodaCStreamed and PKDataReadAccessTypesCAccessWindow,constructor,CConsoleCommandParameters,size-run,
00c3ff80,30,ScalarDeletingDtor_00c3ff80,between LLACodaCStreamed and PKDataReadAccessTypesCAccessWindow,scalar deleting destructor,`vector_deleting_destructor',size-run,
00c40010,30,Ctor_vt00dac8e8_00c40010,between LLACodaCStreamed and PKDataReadAccessTypesCAccessWindow,constructor,CConsoleCommandParameters_Constructor,size-run,0.06
00c40030,11,Dtor_00c40030,between LLACodaCStreamed and PKDataReadAccessTypesCAccessWindow,destructor,~CChunkedFileChunk,size-run,
00c40040,139,FUN_00c40040,between LLACodaCStreamed and PKDataReadAccessTypesCAccessWindow,unclassified,DSP_AccumulateModulatedWaveform,size-run,0.98
00c400d0,139,FUN_00c400d0,between LLACodaCStreamed and PKDataReadAccessTypesCAccessWindow,unclassified,DSP_AccumulateUnsignedModulatedWaveform,size-run,0.98
00c40450,62,FUN_00c40450,between LLACodaCStreamed and PKDataReadAccessTypesCAccessWindow,unclassified,AudioGainLookup_GetValues,size-run,0.69
00c40490,106,FUN_00c40490,between LLACodaCStreamed and PKDataReadAccessTypesCAccessWindow,unclassified,Audio_SetVolume_Channel,size-run,0.64
00c40560,30,ScalarDeletingDtor_00c40560,between LLACodaCStreamed and PKDataReadAccessTypesCAccessWindow,scalar deleting destructor,`vector_deleting_destructor',size-run,
00c40580,132,FUN_00c40580,between LLACodaCStreamed and PKDataReadAccessTypesCAccessWindow,unclassified,SSE_MatrixMultiplyShort_NoVaryingScale,body,0.60
00c40610,208,FUN_00c40610,between LLACodaCStreamed and PKDataReadAccessTypesCAccessWindow,unclassified,SSE_MatrixMultiplyShort,body,0.65
00c40960,149,FUN_00c40960,between LLACodaCStreamed and PKDataReadAccessTypesCAccessWindow,unclassified,,,
00c40a00,187,FUN_00c40a00,between LLACodaCStreamed and PKDataReadAccessTypesCAccessWindow,unclassified,,,
00c40f50,149,FUN_00c40f50,between LLACodaCStreamed and PKDataReadAccessTypesCAccessWindow,unclassified,,,
00c41000,187,FUN_00c41000,between LLACodaCStreamed and PKDataReadAccessTypesCAccessWindow,unclassified,,,
00c41370,149,FUN_00c41370,between LLACodaCStreamed and PKDataReadAccessTypesCAccessWindow,unclassified,,,
00c41420,187,FUN_00c41420,between LLACodaCStreamed and PKDataReadAccessTypesCAccessWindow,unclassified,SSE_MatrixMultiplyLonglong,body,0.98
00c41780,141,FUN_00c41780,between LLACodaCStreamed and PKDataReadAccessTypesCAccessWindow,unclassified,Set,size-run,
00c41860,167,Ctor_vt00dac8fc_00c41860,between LLACodaCStreamed and PKDataReadAccessTypesCAccessWindow,constructor,Resize,size-run,
00c41910,11,Dtor_00c41910,between LLACodaCStreamed and PKDataReadAccessTypesCAccessWindow,destructor,~CChunkedFileChunk,size-run,
00c41980,160,FUN_00c41980,between LLACodaCStreamed and PKDataReadAccessTypesCAccessWindow,unclassified,Graphics_RenderSprite_32x32_Base,size-run,0.80
00c41a20,163,FUN_00c41a20,between LLACodaCStreamed and PKDataReadAccessTypesCAccessWindow,unclassified,Graphics_RenderSprite_32x32_Alt,size-run,0.74
00c41ad0,228,FUN_00c41ad0,between LLACodaCStreamed and PKDataReadAccessTypesCAccessWindow,unclassified,Graphics_RenderText_Conditional,size-run,0.81
00c41cf0,415,FUN_00c41cf0,between LLACodaCStreamed and PKDataReadAccessTypesCAccessWindow,unclassified,Audio_ProcessChannelVolume,size-run,0.83
00c41e90,225,FUN_00c41e90,between LLACodaCStreamed and PKDataReadAccessTypesCAccessWindow,unclassified,Audio_SetChannelOutputMode,size-run,0.60
00c42170,30,ScalarDeletingDtor_00c42170,between LLACodaCStreamed and PKDataReadAccessTypesCAccessWindow,scalar deleting destructor,`vector_deleting_destructor',size-run,
00c421a0,91,FUN_00c421a0,between LLACodaCStreamed and PKDataReadAccessTypesCAccessWindow,unclassified,Set,size-run,
00c42240,167,Ctor_vt00dac914_00c42240,between LLACodaCStreamed and PKDataReadAccessTypesCAccessWindow,constructor,Resize,size-run,
00c422f0,11,Dtor_00c422f0,between LLACodaCStreamed and PKDataReadAccessTypesCAccessWindow,destructor,~CChunkedFileChunk,size-run,
00c42350,160,FUN_00c42350,between LLACodaCStreamed and PKDataReadAccessTypesCAccessWindow,unclassified,Graphics_RenderSprite_16x16,size-run,0.76
00c423f0,163,FUN_00c423f0,between LLACodaCStreamed and PKDataReadAccessTypesCAccessWindow,unclassified,Graphics_RenderSprite_16x16_Alt,size-run,0.70
00c424a0,228,FUN_00c424a0,between LLACodaCStreamed and PKDataReadAccessTypesCAccessWindow,unclassified,Graphics_RenderText_Conditional2,size-run,0.73
00c426c0,415,FUN_00c426c0,between LLACodaCStreamed and PKDataReadAccessTypesCAccessWindow,unclassified,Audio_ProcessChannelVolume_Alt,size-run,0.83
00c42860,225,FUN_00c42860,between LLACodaCStreamed and PKDataReadAccessTypesCAccessWindow,unclassified,Audio_SetChannelOutputMode_Alt,size-run,0.60
00c42b40,30,ScalarDeletingDtor_00c42b40,between LLACodaCStreamed and PKDataReadAccessTypesCAccessWindow,scalar deleting destructor,`vector_deleting_destructor',size-run,
00c42b60,16,FUN_00c42b60,between LLACodaCStreamed and PKDataReadAccessTypesCAccessWindow,unclassified,CNavigationLayer,size-run,
00c42b70,364,FUN_00c42b70,between LLACodaCStreamed and PKDataReadAccessTypesCAccessWindow,unclassified,CAudioMixer::EnumerateAndOpenDevice,body,0.66
00c42ce0,105,FUN_00c42ce0,between LLACodaCStreamed and PKDataReadAccessTypesCAccessWindow,unclassified,CAudioMixer::CloseAndCleanup,size-run,0.94
00c42d50,122,FUN_00c42d50,between LLACodaCStreamed and PKDataReadAccessTypesCAccessWindow,unclassified,"make_pair<CSkeletalMorphs::CEntry,float&>",size-run,
00c42dd0,5,FUN_00c42dd0,between LLACodaCStreamed and PKDataReadAccessTypesCAccessWindow,unclassified,Audio_MixerHandle_Close,size-run,0.94
00c42e20,18,Ctor_vt00dac928_00c42e20,between LLACodaCStreamed and PKDataReadAccessTypesCAccessWindow,constructor,C3DAnimationUtil,size-run,
00c42e60,203,FUN_00c42e60,between LLACodaCStreamed and PKDataReadAccessTypesCAccessWindow,unclassified,AudioBuffer_ClampAndConvert16bit,size-run,0.87
00c433e0,30,ScalarDeletingDtor_00c433e0,between LLACodaCStreamed and PKDataReadAccessTypesCAccessWindow,scalar deleting destructor,`vector_deleting_destructor',size-run,
00c43400,138,Dtor_00c43400,between LLACodaCStreamed and PKDataReadAccessTypesCAccessWindow,destructor,,,
00c43640,109,FUN_00c43640,between LLACodaCStreamed and PKDataReadAccessTypesCAccessWindow,unclassified,Audio_InitSource_Properties,size-run,0.62
00c436b0,311,FUN_00c436b0,between LLACodaCStreamed and PKDataReadAccessTypesCAccessWindow,unclassified,CAudioSource::ComputePitchScale,size-run,0.75
00c437f0,111,FUN_00c437f0,between LLACodaCStreamed and PKDataReadAccessTypesCAccessWindow,unclassified,Math_ConvertToPowerOfTwo_or_ComputeScale,size-run,0.44
00c43860,116,FUN_00c43860,between LLACodaCStreamed and PKDataReadAccessTypesCAccessWindow,unclassified,Audio_SetSource_Gain,size-run,0.52
00c43930,680,FUN_00c43930,between LLACodaCStreamed and PKDataReadAccessTypesCAccessWindow,unclassified,CAudioSource::UpdateGainState,size-run,0.40
00c43c40,70,OpenALContext_alSourcef_00c43c40,between LLACodaCStreamed and PKDataReadAccessTypesCAccessWindow,OpenAL wrapper,CAudioSource_LazyLoadAlSourcef,size-run,0.70
00c43c90,75,OpenALContext_alSourcePause_00c43c90,between LLACodaCStreamed and PKDataReadAccessTypesCAccessWindow,OpenAL wrapper,CAudioSource::PausePlayback,size-run,0.70
00c43ce0,69,OpenALContext_alSourceRewind_00c43ce0,between LLACodaCStreamed and PKDataReadAccessTypesCAccessWindow,OpenAL wrapper,CAudioSource_LazyLoadAlSourceRewind,size-run,0.67
00c43d30,18,Ctor_vt00dac978_00c43d30,between LLACodaCStreamed and PKDataReadAccessTypesCAccessWindow,constructor,C3DAnimationUtil,size-run,
00c44040,85,OpenALContext_alGetError_00c44040,between LLACodaCStreamed and PKDataReadAccessTypesCAccessWindow,OpenAL wrapper,CAudioDriver_GetErrorCode,body,0.80
00c440a0,30,ScalarDeletingDtor_00c440a0,between LLACodaCStreamed and PKDataReadAccessTypesCAccessWindow,scalar deleting destructor,,,
00c441d0,170,FUN_00c441d0,between LLACodaCStreamed and PKDataReadAccessTypesCAccessWindow,unclassified,,,
00c44280,336,FUN_00c44280,between LLACodaCStreamed and PKDataReadAccessTypesCAccessWindow,unclassified,CAudioSource::InitializeProperties,body,0.80
00c443d0,186,FUN_00c443d0,between LLACodaCStreamed and PKDataReadAccessTypesCAccessWindow,unclassified,,,
00c44590,475,FUN_00c44590,between LLACodaCStreamed and PKDataReadAccessTypesCAccessWindow,unclassified,,,
00c447e0,672,FUN_00c447e0,between LLACodaCStreamed and PKDataReadAccessTypesCAccessWindow,unclassified,,,
00c44a80,57,FUN_00c44a80,between LLACodaCStreamed and PKDataReadAccessTypesCAccessWindow,unclassified,,,
00c44ad0,62,FUN_00c44ad0,between LLACodaCStreamed and PKDataReadAccessTypesCAccessWindow,unclassified,CAudioSoundBuffer_GetPosition,body,0.88
00c44b10,67,FUN_00c44b10,between LLACodaCStreamed and PKDataReadAccessTypesCAccessWindow,unclassified,,,
00c44b60,607,FUN_00c44b60,between LLACodaCStreamed and PKDataReadAccessTypesCAccessWindow,unclassified,Audio_ApplyEffectProperties,body,0.73
00c44df0,41,FUN_00c44df0,between LLACodaCStreamed and PKDataReadAccessTypesCAccessWindow,unclassified,CIndexBuffer,size-run,
00c44e20,31,FUN_00c44e20,between LLACodaCStreamed and PKDataReadAccessTypesCAccessWindow,unclassified,OnResize,size-run,
00c44e40,91,FUN_00c44e40,between LLACodaCStreamed and PKDataReadAccessTypesCAccessWindow,unclassified,Alloc,size-run,
00c44ed0,51,FUN_00c44ed0,between LLACodaCStreamed and PKDataReadAccessTypesCAccessWindow,unclassified,ScriptEvent_DispatchIfActive,size-run,0.75
00c44f10,875,FUN_00c44f10,between LLACodaCStreamed and PKDataReadAccessTypesCAccessWindow,unclassified,CShaderRenderManager_SetupProjection,size-run,0.47
00c45580,1182,FUN_00c45580,between LLACodaCStreamed and PKDataReadAccessTypesCAccessWindow,unclassified,CTCLook_ProcessHeadTurn,size-run,0.72
00c45d50,30,ScalarDeletingDtor_00c45d50,between LLACodaCStreamed and PKDataReadAccessTypesCAccessWindow,scalar deleting destructor,`vector_deleting_destructor',size-run,
00c45d70,91,Dtor_00c45d70,between LLACodaCStreamed and PKDataReadAccessTypesCAccessWindow,destructor,SetBankUpdateProgress,size-run,
00c46150,6596,FUN_00c46150,between LLACodaCStreamed and PKDataReadAccessTypesCAccessWindow,unclassified,PropertySerializer_GetPropertyTypeCode,size-run,1.00
00c48570,967,FUN_00c48570,between LLACodaCStreamed and PKDataReadAccessTypesCAccessWindow,unclassified,PropertySerializer_WriteProperty,size-run,0.51
00c48a50,76,FUN_00c48a50,between LLACodaCStreamed and PKDataReadAccessTypesCAccessWindow,unclassified,Model_WritePropertyIfValid,size-run,0.40
00c48aa0,113,FUN_00c48aa0,between LLACodaCStreamed and PKDataReadAccessTypesCAccessWindow,unclassified,CDrawGuildSeal_SetProperty,size-run,0.62
00c49390,311,FUN_00c49390,between LLACodaCStreamed and PKDataReadAccessTypesCAccessWindow,unclassified,Resize,size-run,
00c494d0,134,FUN_00c494d0,between LLACodaCStreamed and PKDataReadAccessTypesCAccessWindow,unclassified,,,
00c49620,75,FUN_00c49620,between LLACodaCStreamed and PKDataReadAccessTypesCAccessWindow,unclassified,,,
00c49740,98,Ctor_vt00da6ce8_00c49740,between LLACodaCStreamed and PKDataReadAccessTypesCAccessWindow,constructor,CIcicleData,size-run,
00c497b0,373,FUN_00c497b0,between LLACodaCStreamed and PKDataReadAccessTypesCAccessWindow,unclassified,CTCHeroStats_InitializeShadowRenderer,size-run,0.46
00c49930,96,FUN_00c49930,between LLACodaCStreamed and PKDataReadAccessTypesCAccessWindow,unclassified,Audio_SetDecibels,size-run,0.25
00c499c0,30,FUN_00c499c0,between LLACodaCStreamed and PKDataReadAccessTypesCAccessWindow,unclassified,Enable2DSceneRendering,size-run,
00c499e0,218,FUN_00c499e0,between LLACodaCStreamed and PKDataReadAccessTypesCAccessWindow,unclassified,Audio_SetFilterParams,size-run,0.80
00c49cd0,53,FUN_00c49cd0,between LLACodaCStreamed and PKDataReadAccessTypesCAccessWindow,unclassified,OnDelete,size-run,
00c49d50,21,FUN_00c49d50,between LLACodaCStreamed and PKDataReadAccessTypesCAccessWindow,unclassified,IsNewDestinationGoingToResetNavigation,size-run,
00c49d70,144,FUN_00c49d70,between LLACodaCStreamed and PKDataReadAccessTypesCAccessWindow,unclassified,NCreatureMode_EvaluateAnimState,size-run,0.62
00c49e00,116,FUN_00c49e00,between LLACodaCStreamed and PKDataReadAccessTypesCAccessWindow,unclassified,CMusicManager::SetLoopPoints,size-run,0.86
00c49e80,143,FUN_00c49e80,between LLACodaCStreamed and PKDataReadAccessTypesCAccessWindow,unclassified,CMusicManager::SetVolumeParams,size-run,0.87
00c49f10,61,FUN_00c49f10,between LLACodaCStreamed and PKDataReadAccessTypesCAccessWindow,unclassified,GetDrawableStateFlags,size-run,1.00
00c49f50,220,FUN_00c49f50,between LLACodaCStreamed and PKDataReadAccessTypesCAccessWindow,unclassified,CCombatRenderState_SetStateValue,size-run,0.70
00c4a0a0,160,FUN_00c4a0a0,between LLACodaCStreamed and PKDataReadAccessTypesCAccessWindow,unclassified,Thing_Cleanup,size-run,0.88
00c4a160,21,FUN_00c4a160,between LLACodaCStreamed and PKDataReadAccessTypesCAccessWindow,unclassified,CMusicManager_SetLoop,size-run,0.15
00c4a180,21,FUN_00c4a180,between LLACodaCStreamed and PKDataReadAccessTypesCAccessWindow,unclassified,CMusicManager_SetVolume,size-run,0.15
00c4a1a0,69,FUN_00c4a1a0,between LLACodaCStreamed and PKDataReadAccessTypesCAccessWindow,unclassified,DestroyDevice,size-run,
00c4a1f0,76,FUN_00c4a1f0,between LLACodaCStreamed and PKDataReadAccessTypesCAccessWindow,unclassified,~CExclusiveAssert,size-run,
00c4a2d0,29,FUN_00c4a2d0,between LLACodaCStreamed and PKDataReadAccessTypesCAccessWindow,unclassified,SetBankUpdateStatus,size-run,
00c4a2f0,110,FUN_00c4a2f0,between LLACodaCStreamed and PKDataReadAccessTypesCAccessWindow,unclassified,GetDrawableShadowParameters,size-run,0.89
00c4a360,130,FUN_00c4a360,between LLACodaCStreamed and PKDataReadAccessTypesCAccessWindow,unclassified,CCombatRenderState_OnActionComplete,size-run,0.71
00c4a3f0,274,FUN_00c4a3f0,between LLACodaCStreamed and PKDataReadAccessTypesCAccessWindow,unclassified,CDisplayManager_ProcessStateChange,size-run,0.72
00c4a510,505,FUN_00c4a510,between LLACodaCStreamed and PKDataReadAccessTypesCAccessWindow,unclassified,CShaderConstantRange_ValidateAndLoad,size-run,0.60
00c4a710,176,FUN_00c4a710,between LLACodaCStreamed and PKDataReadAccessTypesCAccessWindow,unclassified,CShaderConstantRange_ShouldClearPrimitives,size-run,0.34
00c4a7c0,55,FUN_00c4a7c0,between LLACodaCStreamed and PKDataReadAccessTypesCAccessWindow,unclassified,DrawAutoPickups_SelectAndDrawPrimitive,size-run,1.00
00c4a800,153,FUN_00c4a800,between LLACodaCStreamed and PKDataReadAccessTypesCAccessWindow,unclassified,CExclusiveAssert_UpdateSelectedWeapon,size-run,0.29
00c4a8a0,179,FUN_00c4a8a0,between LLACodaCStreamed and PKDataReadAccessTypesCAccessWindow,unclassified,CExclusiveAssert::OnQuestItemUsed,size-run,0.34
00c4a960,71,FUN_00c4a960,between LLACodaCStreamed and PKDataReadAccessTypesCAccessWindow,unclassified,Weapon_ProcessAnimFrameIfReady,size-run,0.39
00c4a9b0,181,FUN_00c4a9b0,between LLACodaCStreamed and PKDataReadAccessTypesCAccessWindow,unclassified,CDrawAutoPickups::OnVisibilityChange,size-run,0.77
00c4ab50,187,FUN_00c4ab50,between LLACodaCStreamed and PKDataReadAccessTypesCAccessWindow,unclassified,,,
00c4ac10,31,FUN_00c4ac10,between LLACodaCStreamed and PKDataReadAccessTypesCAccessWindow,unclassified,,,
00c4ac30,73,FUN_00c4ac30,between LLACodaCStreamed and PKDataReadAccessTypesCAccessWindow,unclassified,,,
00c4ac80,12,FUN_00c4ac80,between LLACodaCStreamed and PKDataReadAccessTypesCAccessWindow,unclassified,,,
00c4ac90,17,FUN_00c4ac90,between LLACodaCStreamed and PKDataReadAccessTypesCAccessWindow,unclassified,,,
00c4acb0,35,FUN_00c4acb0,between LLACodaCStreamed and PKDataReadAccessTypesCAccessWindow,unclassified,,,
00c4ace0,50,FUN_00c4ace0,between LLACodaCStreamed and PKDataReadAccessTypesCAccessWindow,unclassified,CircularQueue_DequeueNext,body,0.93
00c4ad20,100,FUN_00c4ad20,between LLACodaCStreamed and PKDataReadAccessTypesCAccessWindow,unclassified,,,
00c4ad90,83,FUN_00c4ad90,between LLACodaCStreamed and PKDataReadAccessTypesCAccessWindow,unclassified,CTCInventory::ClearMarkedItems,body,0.81
00c4adf0,39,FUN_00c4adf0,between LLACodaCStreamed and PKDataReadAccessTypesCAccessWindow,unclassified,,,
00c4ae20,228,FUN_00c4ae20,between LLACodaCStreamed and PKDataReadAccessTypesCAccessWindow,unclassified,,,
00c4af10,48,FUN_00c4af10,between LLACodaCStreamed and PKDataReadAccessTypesCAccessWindow,unclassified,,,
00c4af70,331,FUN_00c4af70,between LLACodaCStreamed and PKDataReadAccessTypesCAccessWindow,unclassified,Sys_DetectOSVersion,body,0.73
00c4b0c0,21,FUN_00c4b0c0,between LLACodaCStreamed and PKDataReadAccessTypesCAccessWindow,unclassified,SetDefaultString,size-run,
00c4b0e0,16,FUN_00c4b0e0,between LLACodaCStreamed and PKDataReadAccessTypesCAccessWindow,unclassified,CBaseIntelligentPointer,size-run,
00c4b120,46,Wrap_RegCreateKeyExA_00c4b120,between LLACodaCStreamed and PKDataReadAccessTypesCAccessWindow,Win32/CRT wrapper,AudioDriver_LoadRegistry_Key,size-run,0.39
00c4b150,26,Wrap_RegCloseKey_00c4b150,between LLACodaCStreamed and PKDataReadAccessTypesCAccessWindow,Win32/CRT wrapper,ClearTextures,size-run,
00c4b170,10,FUN_00c4b170,between LLACodaCStreamed and PKDataReadAccessTypesCAccessWindow,unclassified,AddExclusiveObserver,size-run,
00c4b180,72,Wrap_RegQueryValueExA_00c4b180,between LLACodaCStreamed and PKDataReadAccessTypesCAccessWindow,Win32/CRT wrapper,Registry_QueryDWord,size-run,0.63
00c4b2f0,32,Wrap_RegCloseKey_00c4b2f0,between LLACodaCStreamed and PKDataReadAccessTypesCAccessWindow,Win32/CRT wrapper,ClearTextures,size-run,
00c4b310,49,ScalarDeletingDtor_00c4b310,between LLACodaCStreamed and PKDataReadAccessTypesCAccessWindow,scalar deleting destructor,,,
00c4b490,241,PKDataReadAccessTypesCAccessWindow_Reset,PKDataReadAccessTypesCAccessWindow,named,,,
00c4b5a0,481,PKDataReadAccessTypesCAccessWindow_Init,PKDataReadAccessTypesCAccessWindow,named,,,
00c4b790,83,FUN_00c4b790,between PKDataReadAccessTypesCAccessWindow and OggVorbisLibWrapper,unclassified,,,
00c4b7f0,74,Ctor_vt00dacb84_00c4b7f0,between PKDataReadAccessTypesCAccessWindow and OggVorbisLibWrapper,constructor,,,
00c4b840,81,Ctor_vt00dacb84_00c4b840,between PKDataReadAccessTypesCAccessWindow and OggVorbisLibWrapper,constructor,,,
00c4b8a0,91,Ctor_vt00dacb84_00c4b8a0,between PKDataReadAccessTypesCAccessWindow and OggVorbisLibWrapper,constructor,,,
00c4b900,44,FUN_00c4b900,between PKDataReadAccessTypesCAccessWindow and OggVorbisLibWrapper,unclassified,,,
00c4b930,79,Dtor_00c4b930,between PKDataReadAccessTypesCAccessWindow and OggVorbisLibWrapper,destructor,,,
00c4b990,27,ScalarDeletingDtor_00c4b990,between PKDataReadAccessTypesCAccessWindow and OggVorbisLibWrapper,scalar deleting destructor,,,
00c4b9c0,72,FUN_00c4b9c0,between PKDataReadAccessTypesCAccessWindow and OggVorbisLibWrapper,unclassified,,,
00c4ba10,37,FUN_00c4ba10,between PKDataReadAccessTypesCAccessWindow and OggVorbisLibWrapper,unclassified,,,
00c4ba40,4,GetField_0x28_00c4ba40,between PKDataReadAccessTypesCAccessWindow and OggVorbisLibWrapper,field getter,,,
00c4ba50,4,GetField_0x2c_00c4ba50,between PKDataReadAccessTypesCAccessWindow and OggVorbisLibWrapper,field getter,,,
00c4ba60,82,FUN_00c4ba60,between PKDataReadAccessTypesCAccessWindow and OggVorbisLibWrapper,unclassified,,,
00c4bac0,25,FUN_00c4bac0,between PKDataReadAccessTypesCAccessWindow and OggVorbisLibWrapper,unclassified,,,
00c4bae0,176,FUN_00c4bae0,between PKDataReadAccessTypesCAccessWindow and OggVorbisLibWrapper,unclassified,,,
00c4bb90,67,Ctor_vt00dacbac_00c4bb90,between PKDataReadAccessTypesCAccessWindow and OggVorbisLibWrapper,constructor,,,
00c4bbe0,130,Dtor_00c4bbe0,between PKDataReadAccessTypesCAccessWindow and OggVorbisLibWrapper,destructor,,,
00c4bc70,401,FUN_00c4bc70,between PKDataReadAccessTypesCAccessWindow and OggVorbisLibWrapper,unclassified,,,
00c4be10,495,FUN_00c4be10,between PKDataReadAccessTypesCAccessWindow and OggVorbisLibWrapper,unclassified,,,
00c4c000,27,ScalarDeletingDtor_00c4c000,between PKDataReadAccessTypesCAccessWindow and OggVorbisLibWrapper,scalar deleting destructor,,,
00c4c030,15,FUN_00c4c030,between PKDataReadAccessTypesCAccessWindow and OggVorbisLibWrapper,unclassified,,,
00c4c060,109,FUN_00c4c060,between PKDataReadAccessTypesCAccessWindow and OggVorbisLibWrapper,unclassified,,,
00c4c0d0,30,FUN_00c4c0d0,between PKDataReadAccessTypesCAccessWindow and OggVorbisLibWrapper,unclassified,,,
00c4c0f0,186,FUN_00c4c0f0,between PKDataReadAccessTypesCAccessWindow and OggVorbisLibWrapper,unclassified,,,
00c4c240,18,FUN_00c4c240,between PKDataReadAccessTypesCAccessWindow and OggVorbisLibWrapper,unclassified,,,
00c4c270,4,GetField_4_00c4c270,between PKDataReadAccessTypesCAccessWindow and OggVorbisLibWrapper,field getter,,,
00c4c280,102,FUN_00c4c280,between PKDataReadAccessTypesCAccessWindow and OggVorbisLibWrapper,unclassified,,,
00c4c3a0,98,FUN_00c4c3a0,between PKDataReadAccessTypesCAccessWindow and OggVorbisLibWrapper,unclassified,GetSampleRecursive,body,0.94
00c4c410,128,FUN_00c4c410,between PKDataReadAccessTypesCAccessWindow and OggVorbisLibWrapper,unclassified,GetNormalizedSample,body,0.80
00c4c4b0,22,FUN_00c4c4b0,between PKDataReadAccessTypesCAccessWindow and OggVorbisLibWrapper,unclassified,,,
00c4c4d0,212,FUN_00c4c4d0,between PKDataReadAccessTypesCAccessWindow and OggVorbisLibWrapper,unclassified,Audio_GetCurrentSamplePosition,body,0.84
00c4c5b0,43,FUN_00c4c5b0,between PKDataReadAccessTypesCAccessWindow and OggVorbisLibWrapper,unclassified,Indexed_GetElementOffsetSafe,body,1.00
00c4c5e0,43,FUN_00c4c5e0,between PKDataReadAccessTypesCAccessWindow and OggVorbisLibWrapper,unclassified,Script_GetEntryPointer,body,1.00
00c4c610,3,FUN_00c4c610,between PKDataReadAccessTypesCAccessWindow and OggVorbisLibWrapper,unclassified,,,
00c4c620,568,FUN_00c4c620,between PKDataReadAccessTypesCAccessWindow and OggVorbisLibWrapper,unclassified,Audio_ConvolveChannels,body,0.95
00c4c860,380,FUN_00c4c860,between PKDataReadAccessTypesCAccessWindow and OggVorbisLibWrapper,unclassified,Audio_GetSamplePosition,body,0.71
00c4c9e0,416,OggVorbisLibWrapper_GetData,OggVorbisLibWrapper,named,,,
00c4cb80,242,OggVorbisLibWrapper_Seek,OggVorbisLibWrapper,named,,,
00c4cc80,187,FUN_00c4cc80,between OggVorbisLibWrapper and MapAnalysisImpCRange,unclassified,SearchValue_WithBorrow,body,0.93
00c4cd40,269,FUN_00c4cd40,between OggVorbisLibWrapper and MapAnalysisImpCRange,unclassified,,,
00c4ce50,533,FUN_00c4ce50,between OggVorbisLibWrapper and MapAnalysisImpCRange,unclassified,BankFile_BinarySearch,body,0.64
00c4d070,295,FUN_00c4d070,between OggVorbisLibWrapper and MapAnalysisImpCRange,unclassified,,,
00c4d1a0,728,FUN_00c4d1a0,between OggVorbisLibWrapper and MapAnalysisImpCRange,unclassified,,,
00c4d480,670,FUN_00c4d480,between OggVorbisLibWrapper and MapAnalysisImpCRange,unclassified,CreatureHitNotification_StateProcess,body,0.60
00c4d720,233,FUN_00c4d720,between OggVorbisLibWrapper and MapAnalysisImpCRange,unclassified,,,
00c4d840,753,FUN_00c4d840,between OggVorbisLibWrapper and MapAnalysisImpCRange,unclassified,,,
00c4db40,1524,FUN_00c4db40,between OggVorbisLibWrapper and MapAnalysisImpCRange,unclassified,,,
00c4e140,736,FUN_00c4e140,between OggVorbisLibWrapper and MapAnalysisImpCRange,unclassified,,,
00c4e420,257,FUN_00c4e420,between OggVorbisLibWrapper and MapAnalysisImpCRange,unclassified,,,
00c4e530,257,FUN_00c4e530,between OggVorbisLibWrapper and MapAnalysisImpCRange,unclassified,,,
00c4e640,941,FUN_00c4e640,between OggVorbisLibWrapper and MapAnalysisImpCRange,unclassified,Primitive_ProcessVertexBuffer,body,0.66
00c4eab0,37,FUN_00c4eab0,between OggVorbisLibWrapper and MapAnalysisImpCRange,unclassified,CreatureHitNotification_WaitForCompletion,body,0.82
00c4eae0,54,FUN_00c4eae0,between OggVorbisLibWrapper and MapAnalysisImpCRange,unclassified,VertexBuffer_WaitAndAllocate,body,0.70
00c4eb20,398,FUN_00c4eb20,between OggVorbisLibWrapper and MapAnalysisImpCRange,unclassified,VertexBuffer_FillData,body,0.84
00c4ecc0,416,FUN_00c4ecc0,between OggVorbisLibWrapper and MapAnalysisImpCRange,unclassified,,,
00c4ee60,325,FUN_00c4ee60,between OggVorbisLibWrapper and MapAnalysisImpCRange,unclassified,,,
00c4f010,326,FUN_00c4f010,between OggVorbisLibWrapper and MapAnalysisImpCRange,unclassified,,,
00c4f1a0,217,FUN_00c4f1a0,between OggVorbisLibWrapper and MapAnalysisImpCRange,unclassified,,,
00c4f280,71,FUN_00c4f280,between OggVorbisLibWrapper and MapAnalysisImpCRange,unclassified,CreatureHitNotification_Shutdown,body,0.86
00c4f2d0,33,FUN_00c4f2d0,between OggVorbisLibWrapper and MapAnalysisImpCRange,unclassified,,,
00c4f330,37,FUN_00c4f330,between OggVorbisLibWrapper and MapAnalysisImpCRange,unclassified,,,
00c4f360,22,FUN_00c4f360,between OggVorbisLibWrapper and MapAnalysisImpCRange,unclassified,,,
00c4f380,22,FUN_00c4f380,between OggVorbisLibWrapper and MapAnalysisImpCRange,unclassified,,,
00c4f3a0,22,FUN_00c4f3a0,between OggVorbisLibWrapper and MapAnalysisImpCRange,unclassified,,,
00c4f3c0,76,FUN_00c4f3c0,between OggVorbisLibWrapper and MapAnalysisImpCRange,unclassified,,,
00c4f420,1,FUN_00c4f420,between OggVorbisLibWrapper and MapAnalysisImpCRange,unclassified,,,
00c4f430,68,FUN_00c4f430,between OggVorbisLibWrapper and MapAnalysisImpCRange,unclassified,,,
00c4f490,17,FUN_00c4f490,between OggVorbisLibWrapper and MapAnalysisImpCRange,unclassified,,,
00c4f4b0,1,FUN_00c4f4b0,between OggVorbisLibWrapper and MapAnalysisImpCRange,unclassified,,,
00c4f4c0,32,FUN_00c4f4c0,between OggVorbisLibWrapper and MapAnalysisImpCRange,unclassified,,,
00c4f4e0,110,FUN_00c4f4e0,between OggVorbisLibWrapper and MapAnalysisImpCRange,unclassified,,,
00c4f550,35,FUN_00c4f550,between OggVorbisLibWrapper and MapAnalysisImpCRange,unclassified,,,
00c4f580,103,FUN_00c4f580,between OggVorbisLibWrapper and MapAnalysisImpCRange,unclassified,,,
00c4f5f0,72,FUN_00c4f5f0,between OggVorbisLibWrapper and MapAnalysisImpCRange,unclassified,,,
00c4f640,12,FUN_00c4f640,between OggVorbisLibWrapper and MapAnalysisImpCRange,unclassified,,,
00c4f690,237,MapAnalysisImpCRange_DetachFromProcessor,MapAnalysisImpCRange,named,,,
00c4f780,147,Dtor_00c4f780,between MapAnalysisImpCRange and MapAnalysisImpCModel,destructor,,,
00c4f820,39,FUN_00c4f820,between MapAnalysisImpCRange and MapAnalysisImpCModel,unclassified,,,
00c4f850,109,FUN_00c4f850,between MapAnalysisImpCRange and MapAnalysisImpCModel,unclassified,,,
00c4f910,14,Dtor_00c4f910,between MapAnalysisImpCRange and MapAnalysisImpCModel,destructor,,,
00c4f9b0,21,Ctor_vt00dacc20_00c4f9b0,between MapAnalysisImpCRange and MapAnalysisImpCModel,constructor,,,
00c4f9d0,27,ScalarDeletingDtor_00c4f9d0,between MapAnalysisImpCRange and MapAnalysisImpCModel,scalar deleting destructor,,,
00c4f9f0,14,Dtor_00c4f9f0,between MapAnalysisImpCRange and MapAnalysisImpCModel,destructor,,,
00c4fa00,27,Ctor_vt00dacc74_00c4fa00,between MapAnalysisImpCRange and MapAnalysisImpCModel,constructor,,,
00c4fa20,27,ScalarDeletingDtor_00c4fa20,between MapAnalysisImpCRange and MapAnalysisImpCModel,scalar deleting destructor,,,
00c4fa40,7,SetVtable_00dacc9c_00c4fa40,between MapAnalysisImpCRange and MapAnalysisImpCModel,vtable setter,,,
00c4fad0,119,Ctor_vt00daccb4_00c4fad0,between MapAnalysisImpCRange and MapAnalysisImpCModel,constructor,,,
00c4fb50,31,FUN_00c4fb50,between MapAnalysisImpCRange and MapAnalysisImpCModel,unclassified,,,
00c4fbb0,57,FUN_00c4fbb0,between MapAnalysisImpCRange and MapAnalysisImpCModel,has assertion,,,
00c4fbf0,237,MapAnalysisImpCModel_DetachFromRange,MapAnalysisImpCModel,named,,,
00c4fce0,237,MapAnalysisImpCModel_DetachFromGroupModel,MapAnalysisImpCModel,named,,,
00c4fdd0,39,FUN_00c4fdd0,between MapAnalysisImpCModel and MapAnalysisImpCGroup,unclassified,,,
00c4fe00,144,Dtor_00c4fe00,between MapAnalysisImpCModel and MapAnalysisImpCGroup,destructor,,,
00c4fe90,39,FUN_00c4fe90,between MapAnalysisImpCModel and MapAnalysisImpCGroup,unclassified,,,
00c4fec0,39,FUN_00c4fec0,between MapAnalysisImpCModel and MapAnalysisImpCGroup,unclassified,,,
00c50030,27,ScalarDeletingDtor_00c50030,between MapAnalysisImpCModel and MapAnalysisImpCGroup,scalar deleting destructor,,,
00c50050,7,SetVtable_00dacd0c_00c50050,between MapAnalysisImpCModel and MapAnalysisImpCGroup,vtable setter,,,
00c501c0,237,MapAnalysisImpCGroup_DetachFromProcessor,MapAnalysisImpCGroup,named,,,
00c502b0,340,MapAnalysisImpCGroup_GetOrCreateGroupModel,MapAnalysisImpCGroup,named,,,
00c50410,148,Dtor_00c50410,between MapAnalysisImpCGroup and MapAnalysisImpCProcessor,destructor,,,
00c504b0,39,FUN_00c504b0,between MapAnalysisImpCGroup and MapAnalysisImpCProcessor,unclassified,,,
00c504e0,110,Ctor_vt00dacdb4_00c504e0,between MapAnalysisImpCGroup and MapAnalysisImpCProcessor,constructor,,,
00c50560,12,FUN_00c50560,between MapAnalysisImpCGroup and MapAnalysisImpCProcessor,unclassified,,,
00c50620,14,Dtor_00c50620,between MapAnalysisImpCGroup and MapAnalysisImpCProcessor,destructor,,,
00c506e0,21,Ctor_vt00dacd48_00c506e0,between MapAnalysisImpCGroup and MapAnalysisImpCProcessor,constructor,,,
00c50700,27,ScalarDeletingDtor_00c50700,between MapAnalysisImpCGroup and MapAnalysisImpCProcessor,scalar deleting destructor,,,
00c50720,14,Dtor_00c50720,between MapAnalysisImpCGroup and MapAnalysisImpCProcessor,destructor,,,
00c50750,27,Ctor_vt00dacd8c_00c50750,between MapAnalysisImpCGroup and MapAnalysisImpCProcessor,constructor,,,
00c50770,27,ScalarDeletingDtor_00c50770,between MapAnalysisImpCGroup and MapAnalysisImpCProcessor,scalar deleting destructor,,,
00c50790,27,ScalarDeletingDtor_00c50790,between MapAnalysisImpCGroup and MapAnalysisImpCProcessor,scalar deleting destructor,,,
00c507b0,7,SetVtable_00dacdcc_00c507b0,between MapAnalysisImpCGroup and MapAnalysisImpCProcessor,vtable setter,,,
00c507f0,12,FUN_00c507f0,between MapAnalysisImpCGroup and MapAnalysisImpCProcessor,unclassified,,,
00c50820,43,FUN_00c50820,between MapAnalysisImpCGroup and MapAnalysisImpCProcessor,unclassified,,,
00c50960,237,MapAnalysisImpCProcessor_DetachFromSolver,MapAnalysisImpCProcessor,named,,,
00c50a50,204,Dtor_00c50a50,MapAnalysisImpCProcessor,destructor,,,
00c50b20,325,MapAnalysisImpCProcessor_GetOrCreateGroup,MapAnalysisImpCProcessor,named,,,
00c50c70,39,FUN_00c50c70,between MapAnalysisImpCProcessor and CASyncDecoder,unclassified,,,
00c50ca0,135,Ctor_vt00dacf00_00c50ca0,between MapAnalysisImpCProcessor and CASyncDecoder,constructor,,,
00c50d30,12,FUN_00c50d30,between MapAnalysisImpCProcessor and CASyncDecoder,unclassified,,,
00c50e40,14,Dtor_00c50e40,between MapAnalysisImpCProcessor and CASyncDecoder,destructor,,,
00c50f10,14,Dtor_00c50f10,between MapAnalysisImpCProcessor and CASyncDecoder,destructor,,,
00c50fe0,21,Ctor_vt00dace34_00c50fe0,between MapAnalysisImpCProcessor and CASyncDecoder,constructor,,,
00c51000,21,Ctor_vt00dace5c_00c51000,between MapAnalysisImpCProcessor and CASyncDecoder,constructor,,,
00c51020,27,ScalarDeletingDtor_00c51020,between MapAnalysisImpCProcessor and CASyncDecoder,scalar deleting destructor,,,
00c51040,27,ScalarDeletingDtor_00c51040,between MapAnalysisImpCProcessor and CASyncDecoder,scalar deleting destructor,,,
00c51060,14,Dtor_00c51060,between MapAnalysisImpCProcessor and CASyncDecoder,destructor,,,
00c51070,14,Dtor_00c51070,between MapAnalysisImpCProcessor and CASyncDecoder,destructor,,,
00c510a0,27,Ctor_vt00daceb0_00c510a0,between MapAnalysisImpCProcessor and CASyncDecoder,constructor,,,
00c510c0,27,Ctor_vt00daced8_00c510c0,between MapAnalysisImpCProcessor and CASyncDecoder,constructor,,,
00c510e0,27,ScalarDeletingDtor_00c510e0,between MapAnalysisImpCProcessor and CASyncDecoder,scalar deleting destructor,,,
00c51100,27,ScalarDeletingDtor_00c51100,between MapAnalysisImpCProcessor and CASyncDecoder,scalar deleting destructor,,,
00c51150,27,ScalarDeletingDtor_00c51150,between MapAnalysisImpCProcessor and CASyncDecoder,scalar deleting destructor,,,
00c51170,7,SetVtable_00dacf20_00c51170,between MapAnalysisImpCProcessor and CASyncDecoder,vtable setter,,,
00c51220,57,FUN_00c51220,between MapAnalysisImpCProcessor and CASyncDecoder,has assertion,,,
00c51260,148,Dtor_00c51260,between MapAnalysisImpCProcessor and CASyncDecoder,destructor,,,
00c51300,39,FUN_00c51300,between MapAnalysisImpCProcessor and CASyncDecoder,unclassified,,,
00c51330,110,Ctor_vt00dacfb8_00c51330,between MapAnalysisImpCProcessor and CASyncDecoder,constructor,,,
00c513b0,12,FUN_00c513b0,between MapAnalysisImpCProcessor and CASyncDecoder,unclassified,,,
00c51460,14,Dtor_00c51460,between MapAnalysisImpCProcessor and CASyncDecoder,destructor,,,
00c51500,21,Ctor_vt00dacf58_00c51500,between MapAnalysisImpCProcessor and CASyncDecoder,constructor,,,
00c51520,27,ScalarDeletingDtor_00c51520,between MapAnalysisImpCProcessor and CASyncDecoder,scalar deleting destructor,,,
00c51540,14,Dtor_00c51540,between MapAnalysisImpCProcessor and CASyncDecoder,destructor,,,
00c51550,27,Ctor_vt00dacf90_00c51550,between MapAnalysisImpCProcessor and CASyncDecoder,constructor,,,
00c51570,27,ScalarDeletingDtor_00c51570,between MapAnalysisImpCProcessor and CASyncDecoder,scalar deleting destructor,,,
00c51590,27,ScalarDeletingDtor_00c51590,between MapAnalysisImpCProcessor and CASyncDecoder,scalar deleting destructor,,,
00c515c0,40,FUN_00c515c0,between MapAnalysisImpCProcessor and CASyncDecoder,unclassified,,,
00c515f0,80,FUN_00c515f0,between MapAnalysisImpCProcessor and CASyncDecoder,unclassified,,,
00c51640,414,FUN_00c51640,between MapAnalysisImpCProcessor and CASyncDecoder,unclassified,,,
00c517e0,567,FUN_00c517e0,between MapAnalysisImpCProcessor and CASyncDecoder,unclassified,,,
00c51a20,139,FUN_00c51a20,between MapAnalysisImpCProcessor and CASyncDecoder,unclassified,,,
00c51ab0,94,FUN_00c51ab0,between MapAnalysisImpCProcessor and CASyncDecoder,unclassified,,,
00c51b30,152,Dtor_00c51b30,between MapAnalysisImpCProcessor and CASyncDecoder,destructor,,,
00c51bd0,16,FUN_00c51bd0,between MapAnalysisImpCProcessor and CASyncDecoder,unclassified,,,
00c51be0,144,FUN_00c51be0,between MapAnalysisImpCProcessor and CASyncDecoder,unclassified,,,
00c51c70,192,Ctor_vt00dad040_00c51c70,between MapAnalysisImpCProcessor and CASyncDecoder,constructor,,,
00c51d30,27,ScalarDeletingDtor_00c51d30,between MapAnalysisImpCProcessor and CASyncDecoder,scalar deleting destructor,,,
00c51d50,12,FUN_00c51d50,between MapAnalysisImpCProcessor and CASyncDecoder,unclassified,,,
00c51ea0,14,Dtor_00c51ea0,between MapAnalysisImpCProcessor and CASyncDecoder,destructor,,,
00c51f50,21,Ctor_vt00dacff0_00c51f50,between MapAnalysisImpCProcessor and CASyncDecoder,constructor,,,
00c51f70,27,ScalarDeletingDtor_00c51f70,between MapAnalysisImpCProcessor and CASyncDecoder,scalar deleting destructor,C3DAnimationUtil,size-run,
00c51f90,14,Dtor_00c51f90,between MapAnalysisImpCProcessor and CASyncDecoder,destructor,?GetAnimationTransitionInTime@CCombatAction_GenericStrikeResponseBase@@UBEJXZ,size-run,
00c51fa0,27,Ctor_vt00dad018_00c51fa0,between MapAnalysisImpCProcessor and CASyncDecoder,constructor,?SetHitDirection@CCombatAction_GenericStrikeResponseBase@@UAEXVC3DVector@@@Z,size-run,
00c51fc0,27,ScalarDeletingDtor_00c51fc0,between MapAnalysisImpCProcessor and CASyncDecoder,scalar deleting destructor,?SetHitPosition@CCombatAction_GenericStrikeResponseBase@@UAEXVC3DVector@@@Z,size-run,
00c51fe0,27,ScalarDeletingDtor_00c51fe0,between MapAnalysisImpCProcessor and CASyncDecoder,scalar deleting destructor,?IsUsingAnimationMovement@CCombatAction_GenericStrikeResponseBase@@MBE_NXZ,size-run,
00c52000,105,FUN_00c52000,between MapAnalysisImpCProcessor and CASyncDecoder,unclassified,?SetHitter@CCombatAction_GenericStrikeResponseBase@@UAEXABVCThing@@@Z,size-run,
00c52070,105,FUN_00c52070,between MapAnalysisImpCProcessor and CASyncDecoder,unclassified,,,
00c520e0,45,FUN_00c520e0,between MapAnalysisImpCProcessor and CASyncDecoder,unclassified,,,
00c52110,23,FUN_00c52110,between MapAnalysisImpCProcessor and CASyncDecoder,unclassified,,,
00c52140,27,ScalarDeletingDtor_00c52140,between MapAnalysisImpCProcessor and CASyncDecoder,scalar deleting destructor,,,
00c52170,96,FUN_00c52170,between MapAnalysisImpCProcessor and CASyncDecoder,unclassified,,,
00c521d0,12,FUN_00c521d0,between MapAnalysisImpCProcessor and CASyncDecoder,unclassified,,,
00c521e0,4,FUN_00c521e0,between MapAnalysisImpCProcessor and CASyncDecoder,unclassified,,,
00c521f0,4,FUN_00c521f0,between MapAnalysisImpCProcessor and CASyncDecoder,unclassified,,,
00c52200,4,FUN_00c52200,between MapAnalysisImpCProcessor and CASyncDecoder,unclassified,,,
00c52210,4,FUN_00c52210,between MapAnalysisImpCProcessor and CASyncDecoder,unclassified,,,
00c52220,4,FUN_00c52220,between MapAnalysisImpCProcessor and CASyncDecoder,unclassified,,,
00c52230,4,FUN_00c52230,between MapAnalysisImpCProcessor and CASyncDecoder,unclassified,,,
00c52240,4,FUN_00c52240,between MapAnalysisImpCProcessor and CASyncDecoder,unclassified,,,
00c52250,9,FUN_00c52250,between MapAnalysisImpCProcessor and CASyncDecoder,unclassified,,,
00c52270,218,FUN_00c52270,between MapAnalysisImpCProcessor and CASyncDecoder,unclassified,,,
00c52350,202,FUN_00c52350,between MapAnalysisImpCProcessor and CASyncDecoder,unclassified,,,
00c52420,202,FUN_00c52420,between MapAnalysisImpCProcessor and CASyncDecoder,unclassified,,,
00c524f0,182,FUN_00c524f0,between MapAnalysisImpCProcessor and CASyncDecoder,unclassified,,,
00c525b0,172,FUN_00c525b0,between MapAnalysisImpCProcessor and CASyncDecoder,unclassified,,,
00c52660,321,FUN_00c52660,between MapAnalysisImpCProcessor and CASyncDecoder,unclassified,,,
00c527b0,172,FUN_00c527b0,between MapAnalysisImpCProcessor and CASyncDecoder,unclassified,,,
00c52860,152,FUN_00c52860,between MapAnalysisImpCProcessor and CASyncDecoder,unclassified,,,
00c52900,1285,FUN_00c52900,between MapAnalysisImpCProcessor and CASyncDecoder,has assertion,,,
00c52e30,21,Ctor_vt00dad088_00c52e30,between MapAnalysisImpCProcessor and CASyncDecoder,constructor,,,
00c52e50,14,FUN_00c52e50,between MapAnalysisImpCProcessor and CASyncDecoder,unclassified,,,
00c52e60,286,CASyncDecoder_Ctor,CASyncDecoder,named,,,
00c52f80,97,FUN_00c52f80,between CASyncDecoder and CFrame,unclassified,,,
00c52ff0,27,ScalarDeletingDtor_00c52ff0,between CASyncDecoder and CFrame,scalar deleting destructor,,,
00c53010,7,SetVtable_00dad054_00c53010,between CASyncDecoder and CFrame,vtable setter,,,
00c53060,172,FUN_00c53060,between CASyncDecoder and CFrame,unclassified,,,
00c53150,77,FUN_00c53150,between CASyncDecoder and CFrame,unclassified,,,
00c531a0,79,FUN_00c531a0,between CASyncDecoder and CFrame,unclassified,,,
00c531f0,193,FUN_00c531f0,between CASyncDecoder and CFrame,unclassified,,,
00c53300,97,Ctor_vt00dad064_00c53300,between CASyncDecoder and CFrame,constructor,,,
00c53370,64,FUN_00c53370,between CASyncDecoder and CFrame,unclassified,,,
00c533b0,45,FUN_00c533b0,between CASyncDecoder and CFrame,unclassified,,,
00c533e0,128,Dtor_00c533e0,between CASyncDecoder and CFrame,destructor,,,
00c53470,366,FUN_00c53470,between CASyncDecoder and CFrame,has assertion,,,
00c535e0,366,PKCAutoDeleteMe_Set_00c535e0,between CASyncDecoder and CFrame,named,,,
00c53750,27,ScalarDeletingDtor_00c53750,between CASyncDecoder and CFrame,scalar deleting destructor,,,
00c53770,147,FUN_00c53770,between CASyncDecoder and CFrame,unclassified,,,
00c53810,88,FUN_00c53810,between CASyncDecoder and CFrame,unclassified,,,
00c53870,145,FUN_00c53870,between CASyncDecoder and CFrame,unclassified,,,
00c53910,119,FUN_00c53910,between CASyncDecoder and CFrame,unclassified,,,
00c53990,280,FUN_00c53990,between CASyncDecoder and CFrame,unclassified,,,
00c53ab0,102,FUN_00c53ab0,between CASyncDecoder and CFrame,unclassified,,,
00c53b20,60,FUN_00c53b20,between CASyncDecoder and CFrame,unclassified,,,
00c53b60,7,SetVtable_00dad0a0_00c53b60,between CASyncDecoder and CFrame,vtable setter,,,
00c53ba0,41,FUN_00c53ba0,between CASyncDecoder and CFrame,unclassified,,,
00c53bd0,18,FUN_00c53bd0,between CASyncDecoder and CFrame,unclassified,,,
00c53bf0,22,Dtor_00c53bf0,between CASyncDecoder and CFrame,destructor,,,
00c53c20,157,FUN_00c53c20,between CASyncDecoder and CFrame,has assertion,,,
00c53cc0,26,FUN_00c53cc0,between CASyncDecoder and CFrame,unclassified,,,
00c53ce0,564,CFrame_Init,CFrame,named,,,
00c53f20,98,Ctor_vt00dad0bc_00c53f20,between CFrame and CCodaFrameStreamer,constructor,,,
00c53f90,47,FUN_00c53f90,between CFrame and CCodaFrameStreamer,unclassified,,,
00c54020,27,ScalarDeletingDtor_00c54020,between CFrame and CCodaFrameStreamer,scalar deleting destructor,,,
00c54040,7,SetVtable_00dad1a8_00c54040,between CFrame and CCodaFrameStreamer,vtable setter,,,
00c54080,97,FUN_00c54080,between CFrame and CCodaFrameStreamer,unclassified,,,
00c540f0,97,FUN_00c540f0,between CFrame and CCodaFrameStreamer,unclassified,,,
00c54190,20,FUN_00c54190,between CFrame and CCodaFrameStreamer,unclassified,,,
00c54320,725,Ctor_vt00dad260_00c54320,CCodaFrameStreamer,constructor,,,
00c54600,16,FUN_00c54600,CCodaFrameStreamer,unclassified,,,
00c54610,395,Dtor_00c54610,CCodaFrameStreamer,destructor,,,
00c547a0,76,FUN_00c547a0,between CCodaFrameStreamer and LLAChannelCInitParams,unclassified,,,
00c54810,15,FUN_00c54810,between CCodaFrameStreamer and LLAChannelCInitParams,unclassified,,,
00c54850,84,FUN_00c54850,between CCodaFrameStreamer and LLAChannelCInitParams,unclassified,,,
00c548b0,155,FUN_00c548b0,between CCodaFrameStreamer and LLAChannelCInitParams,unclassified,,,
00c54950,90,FUN_00c54950,between CCodaFrameStreamer and LLAChannelCInitParams,unclassified,,,
00c549d0,45,Ctor_vt00dad1cc_00c549d0,between CCodaFrameStreamer and LLAChannelCInitParams,constructor,,,
00c54be0,12,FUN_00c54be0,between CCodaFrameStreamer and LLAChannelCInitParams,unclassified,,,
00c54bf0,276,PKCMailbox_Receive_00c54bf0,between CCodaFrameStreamer and LLAChannelCInitParams,named,,,
00c54d10,27,ScalarDeletingDtor_00c54d10,between CCodaFrameStreamer and LLAChannelCInitParams,scalar deleting destructor,,,
00c54d30,50,oggpack_writeinit,between CCodaFrameStreamer and LLAChannelCInitParams,named,CVsyncCallbackTimerInfo,size-run,
00c54de0,242,oggpack_write,between CCodaFrameStreamer and LLAChannelCInitParams,named,CBitstream::WriteBits,size-run,0.93
00c54ee0,239,oggpackB_write,between CCodaFrameStreamer and LLAChannelCInitParams,named,Bitstream_WriteBits,size-run,0.93
00c54fd0,24,oggpack_writealign,between CCodaFrameStreamer and LLAChannelCInitParams,named,RemoveMap,size-run,
00c55110,23,oggpack_reset,between CCodaFrameStreamer and LLAChannelCInitParams,named,CIndexBuffer,size-run,
00c55140,12,oggpack_writeclear,between CCodaFrameStreamer and LLAChannelCInitParams,named,"_Dest_val<std::allocator<std::pair<unsigned_long,CSmallVector<NAnimationEvents::CEvent,32>_>_>,std::pair<unsigned_long,CSmallVector<NAnimationEvents::CEvent,32>_>_>",size-run,
00c55180,36,oggpack_readinit,between CCodaFrameStreamer and LLAChannelCInitParams,named,OpenMemorySource,size-run,
00c551c0,148,oggpack_look,between CCodaFrameStreamer and LLAChannelCInitParams,named,CBitstream_ReadBitsVariable,size-run,1.00
00c55350,41,oggpack_adv,between CCodaFrameStreamer and LLAChannelCInitParams,named,CBitstream_AdvanceBitPosition,size-run,1.00
00c553c0,188,oggpack_read,between CCodaFrameStreamer and LLAChannelCInitParams,named,CBitstream::ReadBits,size-run,1.00
00c555d0,20,oggpack_bytes,between CCodaFrameStreamer and LLAChannelCInitParams,named,AlignValue_8Byte,size-run,1.00
00c55620,4,GetField_8_00c55620,between CCodaFrameStreamer and LLAChannelCInitParams,field getter,DrawGetEnvironment,size-run,
00c55640,25,FUN_00c55640,between CCodaFrameStreamer and LLAChannelCInitParams,unclassified,,,
00c55660,43,FUN_00c55660,between CCodaFrameStreamer and LLAChannelCInitParams,unclassified,Memory_AllocateSmall,size-run,0.88
00c55690,41,FUN_00c55690,between CCodaFrameStreamer and LLAChannelCInitParams,unclassified,construct,size-run,
00c556e0,25,FUN_00c556e0,between CCodaFrameStreamer and LLAChannelCInitParams,unclassified,"_Cons_val<std::allocator<C3DGeneratorObject>,C3DGeneratorObject,C3DGeneratorObject>",size-run,
00c55700,183,FUN_00c55700,between CCodaFrameStreamer and LLAChannelCInitParams,unclassified,BoundingBox_UpdateMin,size-run,1.00
00c557c0,183,FUN_00c557c0,between CCodaFrameStreamer and LLAChannelCInitParams,unclassified,BoundingBox_AccumulateMax,size-run,1.00
00c55880,97,FUN_00c55880,between CCodaFrameStreamer and LLAChannelCInitParams,unclassified,Vector8f_AddScalar,size-run,1.00
00c558f0,2927,FUN_00c558f0,between CCodaFrameStreamer and LLAChannelCInitParams,unclassified,BoundingBox_ComputeTransform,size-run,0.66
00c56480,1400,FUN_00c56480,between CCodaFrameStreamer and LLAChannelCInitParams,unclassified,AudioSystem_ProcessSources,body,0.68
00c56a10,113,FUN_00c56a10,between CCodaFrameStreamer and LLAChannelCInitParams,unclassified,,,
00c56ae0,376,FUN_00c56ae0,between CCodaFrameStreamer and LLAChannelCInitParams,unclassified,Graphics_ConvertFloatToFixed,size-run,0.90
00c56c60,230,FUN_00c56c60,between CCodaFrameStreamer and LLAChannelCInitParams,unclassified,Graphics_ApplyConversion,size-run,0.87
00c56d50,362,FUN_00c56d50,between CCodaFrameStreamer and LLAChannelCInitParams,unclassified,DSP_ComputeRunningMinEnvelope,size-run,0.95
00c56ec0,320,FUN_00c56ec0,between CCodaFrameStreamer and LLAChannelCInitParams,unclassified,FFT_ComputeWaveformEnvelope,size-run,0.92
00c57010,2383,FUN_00c57010,between CCodaFrameStreamer and LLAChannelCInitParams,unclassified,FFT_ComputeMagnitudes,size-run,0.85
00c57970,254,FUN_00c57970,between CCodaFrameStreamer and LLAChannelCInitParams,unclassified,Audio_ApplyGainTableToBuffer,size-run,1.00
00c57a80,476,FUN_00c57a80,between CCodaFrameStreamer and LLAChannelCInitParams,unclassified,FFT_ProcessBuffer,size-run,0.74
00c57c70,302,FUN_00c57c70,between CCodaFrameStreamer and LLAChannelCInitParams,unclassified,FFT_InitializeWaveform,size-run,0.86
00c57da0,552,FUN_00c57da0,between CCodaFrameStreamer and LLAChannelCInitParams,unclassified,Audio_MixBlockSamples,size-run,1.00
00c57fd0,68,FUN_00c57fd0,between CCodaFrameStreamer and LLAChannelCInitParams,unclassified,Audio_ComputeClampedPosition,size-run,0.84
00c58020,202,FUN_00c58020,between CCodaFrameStreamer and LLAChannelCInitParams,unclassified,Vector_NormalizeCross,size-run,0.79
00c580f0,91,FUN_00c580f0,between CCodaFrameStreamer and LLAChannelCInitParams,unclassified,Audio_ComputeLog2WeightedCoeff,size-run,0.92
00c58150,213,FUN_00c58150,between CCodaFrameStreamer and LLAChannelCInitParams,unclassified,Math_SignedSqrtMagnitude,size-run,0.66
00c58230,146,FUN_00c58230,between CCodaFrameStreamer and LLAChannelCInitParams,unclassified,Math_SignedSqrtMagnitudeAlt,size-run,0.76
00c582d0,276,FUN_00c582d0,between CCodaFrameStreamer and LLAChannelCInitParams,unclassified,Audio_ComputeAnalysisVectors,size-run,0.85
00c583f0,70,FUN_00c583f0,between CCodaFrameStreamer and LLAChannelCInitParams,unclassified,Float_CompareAbsValue,size-run,0.94
00c58440,325,FUN_00c58440,between CCodaFrameStreamer and LLAChannelCInitParams,unclassified,Mesh_ComputeIndexOffsets,size-run,0.79
00c58590,185,FUN_00c58590,between CCodaFrameStreamer and LLAChannelCInitParams,unclassified,Mesh_SortIndicesByOffset,size-run,0.92
00c58650,712,FUN_00c58650,between CCodaFrameStreamer and LLAChannelCInitParams,unclassified,Audio_ComputeSparseBasis,size-run,0.80
00c58920,1022,FUN_00c58920,between CCodaFrameStreamer and LLAChannelCInitParams,unclassified,Audio_ProcessWeightedCoefficients,size-run,0.85
00c58d20,14,vorbis__ilog,between CCodaFrameStreamer and LLAChannelCInitParams,named,Bitcount,size-run,1.00
00c58dd0,51,vorbis__float32_unpack,between CCodaFrameStreamer and LLAChannelCInitParams,named,Float_DecompressCompactRep,size-run,0.88
00c58e10,331,vorbis__make_words,between CCodaFrameStreamer and LLAChannelCInitParams,named,Bitstream_ProcessCodes,body,0.92
00c58f70,102,vorbis__book_maptype1_quantvals,between CCodaFrameStreamer and LLAChannelCInitParams,named,Waveform_FindBestFrequencyFit,body,0.75
00c58fe0,440,vorbis__book_unquantize,between CCodaFrameStreamer and LLAChannelCInitParams,named,Waveform_Synthesize,body,0.90
00c591a0,81,vorbis_staticbook_clear,between CCodaFrameStreamer and LLAChannelCInitParams,named,,,
00c59270,23,vorbis_staticbook_destroy,between CCodaFrameStreamer and LLAChannelCInitParams,named,,,
00c59290,79,vorbis_book_clear,between CCodaFrameStreamer and LLAChannelCInitParams,named,,,
00c592f0,74,vorbis_book_init_encode,between CCodaFrameStreamer and LLAChannelCInitParams,named,,,
00c59340,99,vorbis_bitreverse,between CCodaFrameStreamer and LLAChannelCInitParams,named,,,
00c593b0,31,vorbis_sort32a,between CCodaFrameStreamer and LLAChannelCInitParams,named,Uint_Compare,body,0.91
00c593d0,323,vorbis_book_init_decode,between CCodaFrameStreamer and LLAChannelCInitParams,named,,,
00c59750,253,vorbis__dist,between CCodaFrameStreamer and LLAChannelCInitParams,named,Audio_ComputeL2Norm,size-run,0.95
00c59850,588,vorbis__best,between CCodaFrameStreamer and LLAChannelCInitParams,named,Waveform_FindClosestFrequencyBin,size-run,0.96
00c59ae0,574,vorbis_staticbook_pack,between CCodaFrameStreamer and LLAChannelCInitParams,named,Waveform_WriteEncodedData,size-run,0.48
00c59d20,596,vorbis_staticbook_unpack,between CCodaFrameStreamer and LLAChannelCInitParams,named,Waveform_ReadEncodedData,size-run,0.61
00c59f80,45,vorbis_book_encode,between CCodaFrameStreamer and LLAChannelCInitParams,named,GetLocalEnvironmentThemeIndexFromGlobal,size-run,
00c59fb0,158,vorbis_book_errorv,between CCodaFrameStreamer and LLAChannelCInitParams,named,Matrix_CopyRectTransposed,size-run,0.80
00c5a0f0,99,vorbis_bitreverse_codebook,between CCodaFrameStreamer and LLAChannelCInitParams,named,Util_BitReversalPermutation,size-run,1.00
00c5a160,268,vorbis_decode_packed_entry_number,between CCodaFrameStreamer and LLAChannelCInitParams,named,PropertyDef_LookupByClass,size-run,0.78
00c5a270,22,vorbis_book_decode,between CCodaFrameStreamer and LLAChannelCInitParams,named,GetPDefFromClassIndex,size-run,
00c5a290,367,vorbis_book_decodevs_add,between CCodaFrameStreamer and LLAChannelCInitParams,named,Matrix_MultiplyVectorArray,size-run,0.73
00c5a540,92,vorbis_book_decodev_set,between CCodaFrameStreamer and LLAChannelCInitParams,named,PropertyDef_CopyMatrix,size-run,0.81
00c5a5a0,149,vorbis_book_decodevv_add,between CCodaFrameStreamer and LLAChannelCInitParams,named,PropertyDef_AccumulateMatrixByStride,size-run,0.85
00c5a640,402,vorbis_drfti1,between CCodaFrameStreamer and LLAChannelCInitParams,named,FFT_InitializeTwiddleFactors,size-run,0.93
00c5a7f0,17,vorbis_fdrffti,between CCodaFrameStreamer and LLAChannelCInitParams,named,"_Cons_val<std::allocator<CCharString>,CCharString,char_const_(&)[5]>",size-run,
00c5a810,836,vorbis_dradf2,between CCodaFrameStreamer and LLAChannelCInitParams,named,FFT_Radix4Transform,size-run,1.00
00c5ab60,2260,vorbis_dradf4,between CCodaFrameStreamer and LLAChannelCInitParams,named,FFT_Radix2Stage,size-run,0.99
00c5b440,6201,vorbis_dradfg,between CCodaFrameStreamer and LLAChannelCInitParams,named,FFT_2D_Radix2,size-run,0.87
00c5ccc0,470,vorbis_drftf1,between CCodaFrameStreamer and LLAChannelCInitParams,named,FFT_2D_DispatchByRadix,size-run,0.62
00c5cea0,903,vorbis_dradb2,between CCodaFrameStreamer and LLAChannelCInitParams,named,FFT_Radix4Stage,size-run,1.00
00c5d240,1181,vorbis_dradb3,between CCodaFrameStreamer and LLAChannelCInitParams,named,MDCT_Analysis,size-run,0.97
00c5d6f0,2415,vorbis_dradb4,between CCodaFrameStreamer and LLAChannelCInitParams,named,FFT_MixedRadixDecomposition,size-run,0.99
00c5e070,6041,vorbis_dradbg,between CCodaFrameStreamer and LLAChannelCInitParams,named,Audio_FFT_MixedRadixTransform,size-run,0.98
00c5f830,533,vorbis_drftb1,between CCodaFrameStreamer and LLAChannelCInitParams,named,Audio_TransformFFTCoefficients,size-run,0.67
00c5fa50,30,vorbis_drft_forward,between CCodaFrameStreamer and LLAChannelCInitParams,named,DiscardAsyncData,size-run,
00c5fa90,51,FUN_00c5fa90,between CCodaFrameStreamer and LLAChannelCInitParams,unclassified,CParticleMorphs_CEntry_Constructor,size-run,0.35
00c5fad0,45,FUN_00c5fad0,between CCodaFrameStreamer and LLAChannelCInitParams,unclassified,GFCheckTreeNodes,size-run,
00c5fb10,470,vorbis_mdct_init,between CCodaFrameStreamer and LLAChannelCInitParams,named,FFT_InitializeTwiddles,size-run,0.73
00c5fcf0,125,vorbis_mdct_butterfly_8,between CCodaFrameStreamer and LLAChannelCInitParams,named,Sphere_Initialize,size-run,1.00
00c5fd70,199,vorbis_mdct_butterfly_16,between CCodaFrameStreamer and LLAChannelCInitParams,named,InitialiseFromSphere,size-run,
00c5fe40,475,vorbis_mdct_butterfly_32,between CCodaFrameStreamer and LLAChannelCInitParams,named,C3DBoundingBox::TransformByRotation,size-run,0.77
00c60020,259,vorbis_mdct_butterfly_first,between CCodaFrameStreamer and LLAChannelCInitParams,named,FFT_Radix2MixedStride,size-run,1.00
00c60130,269,vorbis_mdct_butterfly_generic,between CCodaFrameStreamer and LLAChannelCInitParams,named,FFT_Radix2VariableStride,size-run,1.00
00c60240,185,vorbis_mdct_butterflies,between CCodaFrameStreamer and LLAChannelCInitParams,named,Mesh_ProcessLOD,size-run,0.77
00c60300,51,vorbis_mdct_clear,between CCodaFrameStreamer and LLAChannelCInitParams,named,GFCheckTreeNodes,size-run,
00c60340,282,vorbis_mdct_bitreverse,between CCodaFrameStreamer and LLAChannelCInitParams,named,Mesh_TransformVertices,size-run,0.93
00c60460,582,vorbis_mdct_backward,between CCodaFrameStreamer and LLAChannelCInitParams,named,Mesh_ComputeDetailLOD,size-run,0.84
00c606b0,712,vorbis_mdct_forward,between CCodaFrameStreamer and LLAChannelCInitParams,named,Mesh_Process,size-run,0.89
00c60980,29,FUN_00c60980,between CCodaFrameStreamer and LLAChannelCInitParams,unclassified,Hora,size-run,
00c609a0,402,FUN_00c609a0,between CCodaFrameStreamer and LLAChannelCInitParams,unclassified,FFT_InitializeTwiddleTable,body,0.84
00c60b40,29,FUN_00c60b40,between CCodaFrameStreamer and LLAChannelCInitParams,unclassified,,,
00c60ba0,1308,FUN_00c60ba0,between CCodaFrameStreamer and LLAChannelCInitParams,unclassified,Mesh_ComputeNormalMap,size-run,0.86
00c610c0,540,FUN_00c610c0,between CCodaFrameStreamer and LLAChannelCInitParams,unclassified,Mesh_ResizeDetail,size-run,0.90
00c612e0,177,FUN_00c612e0,between CCodaFrameStreamer and LLAChannelCInitParams,unclassified,Audio_CheckBufferRegionActive,size-run,1.00
00c613a0,108,FUN_00c613a0,between CCodaFrameStreamer and LLAChannelCInitParams,unclassified,Memory_MoveData,size-run,0.93
00c61410,783,FUN_00c61410,between CCodaFrameStreamer and LLAChannelCInitParams,unclassified,Matrix_BackSubstitute,size-run,0.88
00c61730,364,FUN_00c61730,between CCodaFrameStreamer and LLAChannelCInitParams,unclassified,Matrix_ForwardSubstitute,size-run,0.97
00c618b0,8,FUN_00c618b0,between CCodaFrameStreamer and LLAChannelCInitParams,unclassified,IsAllocatorFixedSize,size-run,
00c618c0,380,FUN_00c618c0,between CCodaFrameStreamer and LLAChannelCInitParams,unclassified,Mesh_TransformWithInterpolation,size-run,1.00
00c61a40,18,FUN_00c61a40,between CCodaFrameStreamer and LLAChannelCInitParams,unclassified,"_Cons_val<std::allocator<C3DGeneratorObject>,C3DGeneratorObject,C3DGeneratorObject>",size-run,
00c61a60,7,SetVtable_00dad3f8_00c61a60,between CCodaFrameStreamer and LLAChannelCInitParams,vtable setter,,,
00c61a70,27,ScalarDeletingDtor_00c61a70,between CCodaFrameStreamer and LLAChannelCInitParams,scalar deleting destructor,,,
00c61a90,52,FUN_00c61a90,between CCodaFrameStreamer and LLAChannelCInitParams,unclassified,,,
00c61b10,24,FUN_00c61b10,between CCodaFrameStreamer and LLAChannelCInitParams,unclassified,,,
00c61b30,546,FUN_00c61b30,between CCodaFrameStreamer and LLAChannelCInitParams,unclassified,Audio_DeleteBuffers,body,0.88
00c61d60,446,FUN_00c61d60,between CCodaFrameStreamer and LLAChannelCInitParams,unclassified,CAudioBuffer::Create,body,0.63
00c61f20,929,FUN_00c61f20,between CCodaFrameStreamer and LLAChannelCInitParams,unclassified,,,
00c622d0,158,FUN_00c622d0,between CCodaFrameStreamer and LLAChannelCInitParams,unclassified,CAudioSoundBuffer_SetupFromStream,body,0.62
00c62370,173,FUN_00c62370,between CCodaFrameStreamer and LLAChannelCInitParams,unclassified,,,
00c62420,41,FUN_00c62420,between CCodaFrameStreamer and LLAChannelCInitParams,unclassified,,,
00c62450,45,FUN_00c62450,between CCodaFrameStreamer and LLAChannelCInitParams,unclassified,,,
00c62930,272,FUN_00c62930,between CCodaFrameStreamer and LLAChannelCInitParams,unclassified,NormalizeVectorPair,body,0.87
00c62a40,8,FUN_00c62a40,between CCodaFrameStreamer and LLAChannelCInitParams,unclassified,,,
00c62a50,75,FUN_00c62a50,between CCodaFrameStreamer and LLAChannelCInitParams,unclassified,Pow2_Float,size-run,0.96
00c62ad0,109,FUN_00c62ad0,between CCodaFrameStreamer and LLAChannelCInitParams,unclassified,Math_ScaleByLog2,size-run,0.75
00c62b40,64,FUN_00c62b40,between CCodaFrameStreamer and LLAChannelCInitParams,unclassified,Math_ComputeLogValue,size-run,0.20
00c62c50,621,FUN_00c62c50,between CCodaFrameStreamer and LLAChannelCInitParams,unclassified,CTCHeroStats::SetupCharacterStateInitial,size-run,0.19
00c62f10,96,FUN_00c62f10,between CCodaFrameStreamer and LLAChannelCInitParams,unclassified,SetCameraPos,size-run,
00c62f70,96,FUN_00c62f70,between CCodaFrameStreamer and LLAChannelCInitParams,unclassified,SetCameraPos,size-run,
00c62fd0,96,FUN_00c62fd0,between CCodaFrameStreamer and LLAChannelCInitParams,unclassified,SetCameraPos,size-run,
00c63030,42,FUN_00c63030,between CCodaFrameStreamer and LLAChannelCInitParams,unclassified,Enable2DSceneRendering,size-run,
00c63120,31,FUN_00c63120,between CCodaFrameStreamer and LLAChannelCInitParams,unclassified,SetHeadTurnState,size-run,
00c63140,31,FUN_00c63140,between CCodaFrameStreamer and LLAChannelCInitParams,unclassified,SetHeadTurnState,size-run,
00c63190,31,FUN_00c63190,between CCodaFrameStreamer and LLAChannelCInitParams,unclassified,SetHeadTurnState,size-run,
00c631b0,31,FUN_00c631b0,between CCodaFrameStreamer and LLAChannelCInitParams,unclassified,SetHeadTurnState,size-run,
00c63390,40,FUN_00c63390,between CCodaFrameStreamer and LLAChannelCInitParams,unclassified,,,
00c633e0,67,FUN_00c633e0,between CCodaFrameStreamer and LLAChannelCInitParams,unclassified,,,
00c634e0,160,FUN_00c634e0,between CCodaFrameStreamer and LLAChannelCInitParams,unclassified,Math_ComputeVectorMagnitude,size-run,0.63
00c63580,132,FUN_00c63580,between CCodaFrameStreamer and LLAChannelCInitParams,unclassified,CCombatant::ComputeDamageResistance,size-run,0.52
00c63610,80,FUN_00c63610,between CCodaFrameStreamer and LLAChannelCInitParams,unclassified,CCombatant::ComputeLightingAdjustment,size-run,0.75
00c63660,308,FUN_00c63660,between CCodaFrameStreamer and LLAChannelCInitParams,unclassified,CCombatant::ComputeEffectiveRange,size-run,0.80
00c637a0,134,FUN_00c637a0,between CCodaFrameStreamer and LLAChannelCInitParams,unclassified,CCombatant::ComputeSpellPower,size-run,0.52
00c63830,498,FUN_00c63830,between CCodaFrameStreamer and LLAChannelCInitParams,unclassified,CShaderRenderManager_SetCameraAndLights,size-run,0.76
00c63a30,368,FUN_00c63a30,between CCodaFrameStreamer and LLAChannelCInitParams,unclassified,CCombatant::SetCombatParameters,size-run,0.73
00c63ba0,1570,FUN_00c63ba0,between CCodaFrameStreamer and LLAChannelCInitParams,unclassified,CCombatant::ComputeDerivedCombatStats,size-run,0.67
00c641d0,42,Ctor_vt00dad424_00c641d0,between CCodaFrameStreamer and LLAChannelCInitParams,constructor,,,
00c644e0,28,FUN_00c644e0,between CCodaFrameStreamer and LLAChannelCInitParams,unclassified,,,
00c64500,28,FUN_00c64500,between CCodaFrameStreamer and LLAChannelCInitParams,unclassified,,,
00c64550,198,FUN_00c64550,between CCodaFrameStreamer and LLAChannelCInitParams,unclassified,CCreatureAbility_InitializeFlagScales,body,0.89
00c64620,30,ScalarDeletingDtor_00c64620,between CCodaFrameStreamer and LLAChannelCInitParams,scalar deleting destructor,,,
00c64640,178,FUN_00c64640,between CCodaFrameStreamer and LLAChannelCInitParams,unclassified,,,
00c64740,10,FUN_00c64740,between CCodaFrameStreamer and LLAChannelCInitParams,unclassified,,,
00c64750,79,FUN_00c64750,between CCodaFrameStreamer and LLAChannelCInitParams,unclassified,,,
00c647a0,33,FUN_00c647a0,between CCodaFrameStreamer and LLAChannelCInitParams,unclassified,,,
00c647d0,77,FUN_00c647d0,between CCodaFrameStreamer and LLAChannelCInitParams,unclassified,Inventory_OnItemEquipped_ValidateWeaponExtended,body,0.64
00c648b0,17,FUN_00c648b0,between CCodaFrameStreamer and LLAChannelCInitParams,unclassified,,,
00c648d0,17,FUN_00c648d0,between CCodaFrameStreamer and LLAChannelCInitParams,unclassified,,,
00c648f0,17,FUN_00c648f0,between CCodaFrameStreamer and LLAChannelCInitParams,unclassified,,,
00c649f0,31,FUN_00c649f0,between CCodaFrameStreamer and LLAChannelCInitParams,unclassified,,,
00c64a10,60,FUN_00c64a10,between CCodaFrameStreamer and LLAChannelCInitParams,unclassified,,,
00c64a50,15,FUN_00c64a50,between CCodaFrameStreamer and LLAChannelCInitParams,unclassified,,,
00c64a60,21,FUN_00c64a60,between CCodaFrameStreamer and LLAChannelCInitParams,unclassified,,,
00c64a80,40,FUN_00c64a80,between CCodaFrameStreamer and LLAChannelCInitParams,unclassified,,,
00c64b20,39,FUN_00c64b20,between CCodaFrameStreamer and LLAChannelCInitParams,unclassified,,,
00c64ba0,89,FUN_00c64ba0,between CCodaFrameStreamer and LLAChannelCInitParams,unclassified,,,
00c64c00,110,FUN_00c64c00,between CCodaFrameStreamer and LLAChannelCInitParams,unclassified,,,
00c64c80,16,FUN_00c64c80,between CCodaFrameStreamer and LLAChannelCInitParams,unclassified,,,
00c64d80,27,ScalarDeletingDtor_00c64d80,between CCodaFrameStreamer and LLAChannelCInitParams,scalar deleting destructor,,,
00c64db0,16,FUN_00c64db0,between CCodaFrameStreamer and LLAChannelCInitParams,unclassified,,,
00c64ef0,27,ScalarDeletingDtor_00c64ef0,between CCodaFrameStreamer and LLAChannelCInitParams,scalar deleting destructor,,,
00c64fe0,89,FUN_00c64fe0,between CCodaFrameStreamer and LLAChannelCInitParams,unclassified,,,
00c65140,39,FUN_00c65140,between CCodaFrameStreamer and LLAChannelCInitParams,unclassified,,,
00c65170,39,FUN_00c65170,between CCodaFrameStreamer and LLAChannelCInitParams,unclassified,,,
00c651f0,64,FUN_00c651f0,between CCodaFrameStreamer and LLAChannelCInitParams,unclassified,,,
00c65230,64,FUN_00c65230,between CCodaFrameStreamer and LLAChannelCInitParams,unclassified,,,
00c65270,34,FUN_00c65270,between CCodaFrameStreamer and LLAChannelCInitParams,unclassified,,,
00c65360,64,FUN_00c65360,between CCodaFrameStreamer and LLAChannelCInitParams,unclassified,,,
00c653a0,46,FUN_00c653a0,between CCodaFrameStreamer and LLAChannelCInitParams,unclassified,,,
00c65400,34,FUN_00c65400,between CCodaFrameStreamer and LLAChannelCInitParams,unclassified,,,
00c654e0,89,FUN_00c654e0,between CCodaFrameStreamer and LLAChannelCInitParams,unclassified,,,
00c656a0,16,FUN_00c656a0,between CCodaFrameStreamer and LLAChannelCInitParams,unclassified,,,
00c656b0,14,FUN_00c656b0,between CCodaFrameStreamer and LLAChannelCInitParams,unclassified,,,
00c65750,265,LLAChannelCInitParams_GetFormatFieldA,LLAChannelCInitParams,named,,,
00c65860,265,LLAChannelCInitParams_GetFormatFieldB,LLAChannelCInitParams,named,,,
00c65970,14,FUN_00c65970,between LLAChannelCInitParams and MapAnalysisImpCGroupModel,unclassified,,,
00c65990,67,FUN_00c65990,between LLAChannelCInitParams and MapAnalysisImpCGroupModel,unclassified,,,
00c659e0,14,FUN_00c659e0,between LLAChannelCInitParams and MapAnalysisImpCGroupModel,unclassified,,,
00c659f0,18,FUN_00c659f0,between LLAChannelCInitParams and MapAnalysisImpCGroupModel,unclassified,,,
00c65a10,13,FUN_00c65a10,between LLAChannelCInitParams and MapAnalysisImpCGroupModel,unclassified,,,
00c65a20,25,FUN_00c65a20,between LLAChannelCInitParams and MapAnalysisImpCGroupModel,unclassified,,,
00c65e00,138,FUN_00c65e00,between LLAChannelCInitParams and MapAnalysisImpCGroupModel,unclassified,,,
00c65ec0,37,Ctor_vt00dad4fc_00c65ec0,between LLAChannelCInitParams and MapAnalysisImpCGroupModel,constructor,CRefCountedObject_AddRef,body,1.00
00c65ef0,39,FUN_00c65ef0,between LLAChannelCInitParams and MapAnalysisImpCGroupModel,unclassified,,,
00c65f20,60,ScalarDeletingDtor_00c65f20,between LLAChannelCInitParams and MapAnalysisImpCGroupModel,scalar deleting destructor,,,
00c65f70,18,FUN_00c65f70,between LLAChannelCInitParams and MapAnalysisImpCGroupModel,unclassified,Init,size-run,
00c65fa0,828,FUN_00c65fa0,between LLAChannelCInitParams and MapAnalysisImpCGroupModel,unclassified,Audio_IIRFilterProcess,size-run,0.86
00c662e0,593,FUN_00c662e0,between LLAChannelCInitParams and MapAnalysisImpCGroupModel,unclassified,CFilter_Setup,size-run,0.66
00c66540,256,FUN_00c66540,between LLAChannelCInitParams and MapAnalysisImpCGroupModel,unclassified,CAudioChannel_ComputeShelveFilterCoefficients,size-run,0.58
00c66640,293,FUN_00c66640,between LLAChannelCInitParams and MapAnalysisImpCGroupModel,unclassified,CAudioChannel_ComputePeakFilterCoefficients,size-run,0.48
00c66770,73,FUN_00c66770,between LLAChannelCInitParams and MapAnalysisImpCGroupModel,unclassified,DisplayProgress,size-run,
00c667c0,297,FUN_00c667c0,between LLAChannelCInitParams and MapAnalysisImpCGroupModel,unclassified,Animation_InterpolateHelper,size-run,0.63
00c66970,95,FUN_00c66970,between LLAChannelCInitParams and MapAnalysisImpCGroupModel,unclassified,Math_IsPrimeNumber,size-run,0.52
00c669f0,17,FUN_00c669f0,between LLAChannelCInitParams and MapAnalysisImpCGroupModel,unclassified,Ctor_Init_012bf074,size-run,1.00
00c66a90,15,FUN_00c66a90,between LLAChannelCInitParams and MapAnalysisImpCGroupModel,unclassified,Init,size-run,
00c66aa0,58,FUN_00c66aa0,between LLAChannelCInitParams and MapAnalysisImpCGroupModel,unclassified,MemBuffer_ClearDoubleBuffered,size-run,1.00
00c66ae0,232,FUN_00c66ae0,between LLAChannelCInitParams and MapAnalysisImpCGroupModel,unclassified,CQ_GuildTrainingSkillScript_InitializePrimeHashTables,size-run,0.79
00c66bd0,700,FUN_00c66bd0,between LLAChannelCInitParams and MapAnalysisImpCGroupModel,unclassified,FFT_RadixStride_Vectorized,size-run,0.74
00c66e90,15,FUN_00c66e90,between LLAChannelCInitParams and MapAnalysisImpCGroupModel,unclassified,Ctor_Init_012bf074_b,size-run,1.00
00c66ea0,36,Ctor_vt00dad514_00c66ea0,between LLAChannelCInitParams and MapAnalysisImpCGroupModel,constructor,CTCKraken_Construct,size-run,1.00
00c66ed0,39,Dtor_00c66ed0,between LLAChannelCInitParams and MapAnalysisImpCGroupModel,destructor,TransferBinaryIn,size-run,
00c66f30,27,ScalarDeletingDtor_00c66f30,between LLAChannelCInitParams and MapAnalysisImpCGroupModel,scalar deleting destructor,`vector_deleting_destructor',size-run,
00c66fc0,84,Ctor_vt00dad518_00c66fc0,between LLAChannelCInitParams and MapAnalysisImpCGroupModel,constructor,CAIStateGroupBehaviourBase,size-run,
00c67020,27,ScalarDeletingDtor_00c67020,between LLAChannelCInitParams and MapAnalysisImpCGroupModel,scalar deleting destructor,`vector_deleting_destructor',size-run,
00c67040,171,FUN_00c67040,between LLAChannelCInitParams and MapAnalysisImpCGroupModel,unclassified,CQ_GuildTrainingSkillScript_InitializeSkillSlots,size-run,0.55
00c67100,79,FUN_00c67100,between LLAChannelCInitParams and MapAnalysisImpCGroupModel,unclassified,CQ_GuildTrainingSkillScript_ResetAll,size-run,0.67
00c67150,341,FUN_00c67150,between LLAChannelCInitParams and MapAnalysisImpCGroupModel,unclassified,Graphics_LoadTerrainChunk,size-run,0.59
00c672b0,343,FUN_00c672b0,between LLAChannelCInitParams and MapAnalysisImpCGroupModel,unclassified,Animation_InterpolateAndInsert,size-run,0.41
00c67410,127,Ctor_vt00dad51c_00c67410,between LLAChannelCInitParams and MapAnalysisImpCGroupModel,constructor,WaypointData,size-run,
00c67490,27,ScalarDeletingDtor_00c67490,between LLAChannelCInitParams and MapAnalysisImpCGroupModel,scalar deleting destructor,`vector_deleting_destructor',size-run,
00c674b0,126,FUN_00c674b0,between LLAChannelCInitParams and MapAnalysisImpCGroupModel,unclassified,Graphics_LoadTerrainChunksAndStream,size-run,0.49
00c67540,277,FUN_00c67540,between LLAChannelCInitParams and MapAnalysisImpCGroupModel,unclassified,Graphics_ProcessTerrainStreamingChunks,size-run,0.62
00c676c0,106,FUN_00c676c0,between LLAChannelCInitParams and MapAnalysisImpCGroupModel,unclassified,CQ_GuildTrainingSkillScript_InitializeEffectArray,size-run,0.61
00c67730,55,FUN_00c67730,between LLAChannelCInitParams and MapAnalysisImpCGroupModel,unclassified,CQ_GuildTrainingSkillScript_DestroyEffectArray,size-run,0.86
00c67770,432,FUN_00c67770,between LLAChannelCInitParams and MapAnalysisImpCGroupModel,unclassified,Audio_ProcessTriggerActivations,size-run,0.37
00c67920,215,FUN_00c67920,between LLAChannelCInitParams and MapAnalysisImpCGroupModel,unclassified,Audio_ProcessMultipleTriggerEvents,size-run,0.48
00c67a10,111,FUN_00c67a10,between LLAChannelCInitParams and MapAnalysisImpCGroupModel,unclassified,CQ_GuildTrainingSkillScript_AllocateSkillBuffer,size-run,0.83
00c67a80,303,FUN_00c67a80,between LLAChannelCInitParams and MapAnalysisImpCGroupModel,unclassified,Array_InsertWrappedWithCallbacks,size-run,0.64
00c67bb0,641,FUN_00c67bb0,between LLAChannelCInitParams and MapAnalysisImpCGroupModel,unclassified,SignalProcessing_InterpolateAndAccumulate,body,0.67
00c67e70,116,FUN_00c67e70,between LLAChannelCInitParams and MapAnalysisImpCGroupModel,unclassified,CArray_CopyCircular_Wrap,size-run,1.00
00c67ef0,113,FUN_00c67ef0,between LLAChannelCInitParams and MapAnalysisImpCGroupModel,unclassified,Vector_RangeInsert,size-run,1.00
00c67f70,118,FUN_00c67f70,between LLAChannelCInitParams and MapAnalysisImpCGroupModel,unclassified,Array_CopyWrapped,size-run,0.84
00c67ff0,148,FUN_00c67ff0,between LLAChannelCInitParams and MapAnalysisImpCGroupModel,unclassified,StreamWriter_WriteWrapped,size-run,0.85
00c68110,104,FUN_00c68110,between LLAChannelCInitParams and MapAnalysisImpCGroupModel,unclassified,CArrayWrapper_CopyWraparound,size-run,0.84
00c68180,107,FUN_00c68180,between LLAChannelCInitParams and MapAnalysisImpCGroupModel,unclassified,Array_CopyWrapped_Variant,size-run,0.84
00c681f0,118,FUN_00c681f0,between LLAChannelCInitParams and MapAnalysisImpCGroupModel,unclassified,WaveformBuffer_ProcessWrapped,size-run,0.84
00c68270,148,FUN_00c68270,between LLAChannelCInitParams and MapAnalysisImpCGroupModel,unclassified,Partition_Copy_Split,size-run,0.85
00c68310,513,FUN_00c68310,between LLAChannelCInitParams and MapAnalysisImpCGroupModel,unclassified,DSP_TransformWithFilterCoefficients,size-run,0.95
00c68540,175,FUN_00c68540,between LLAChannelCInitParams and MapAnalysisImpCGroupModel,unclassified,CQ_GuildTrainingSkillScript_ActivateSkillByIndex,size-run,0.74
00c685f0,183,FUN_00c685f0,between LLAChannelCInitParams and MapAnalysisImpCGroupModel,unclassified,Array_CopyStrided,size-run,0.66
00c686b0,381,FUN_00c686b0,between LLAChannelCInitParams and MapAnalysisImpCGroupModel,unclassified,Array_PartitionAndInsert,size-run,0.62
00c68860,186,FUN_00c68860,between LLAChannelCInitParams and MapAnalysisImpCGroupModel,unclassified,CQ_GuildTrainingSkillScript_DeactivateSkillByIndex,size-run,0.73
00c68920,537,FUN_00c68920,between LLAChannelCInitParams and MapAnalysisImpCGroupModel,unclassified,FFT_ComputeRealTransform,size-run,0.69
00c68b40,857,FUN_00c68b40,between LLAChannelCInitParams and MapAnalysisImpCGroupModel,unclassified,FFT_ComputeComplexTransform,size-run,0.68
00c68ed0,38,Ctor_vt00dad560_00c68ed0,between LLAChannelCInitParams and MapAnalysisImpCGroupModel,constructor,CGameJoystickManager,size-run,
00c68f00,42,FUN_00c68f00,between LLAChannelCInitParams and MapAnalysisImpCGroupModel,unclassified,ClearTextures,size-run,
00c69030,54,Dtor_00c69030,between LLAChannelCInitParams and MapAnalysisImpCGroupModel,destructor,OnDie,size-run,
00c69070,109,FUN_00c69070,between LLAChannelCInitParams and MapAnalysisImpCGroupModel,unclassified,CTCHeroStats_NotifyObservers,size-run,0.65
00c690e0,27,ScalarDeletingDtor_00c690e0,between LLAChannelCInitParams and MapAnalysisImpCGroupModel,scalar deleting destructor,`vector_deleting_destructor',size-run,
00c69120,75,FUN_00c69120,between LLAChannelCInitParams and MapAnalysisImpCGroupModel,unclassified,Math_Pow2_Fast,size-run,0.96
00c69190,109,FUN_00c69190,between LLAChannelCInitParams and MapAnalysisImpCGroupModel,unclassified,CAudioChannel_GetOutputGain,size-run,0.75
00c69200,10,FUN_00c69200,between LLAChannelCInitParams and MapAnalysisImpCGroupModel,unclassified,Clear,size-run,
00c69210,10,FUN_00c69210,between LLAChannelCInitParams and MapAnalysisImpCGroupModel,unclassified,AddExclusiveObserver,size-run,
00c69290,725,FUN_00c69290,between LLAChannelCInitParams and MapAnalysisImpCGroupModel,unclassified,CAudioChannel_SetupAudioFilter,size-run,0.81
00c69570,72,FUN_00c69570,between LLAChannelCInitParams and MapAnalysisImpCGroupModel,unclassified,CAudioChannel_ApplyCompressorEffect,size-run,0.41
00c695c0,193,FUN_00c695c0,between LLAChannelCInitParams and MapAnalysisImpCGroupModel,unclassified,CAudioChannel_ApplyDistortionEffect,size-run,0.67
00c69690,125,FUN_00c69690,between LLAChannelCInitParams and MapAnalysisImpCGroupModel,unclassified,CAudioChannel_ApplyReverbEffect,size-run,0.59
00c69710,259,FUN_00c69710,between LLAChannelCInitParams and MapAnalysisImpCGroupModel,unclassified,Audio_Channel_ComputePitch_Modulation,size-run,0.72
00c69820,557,FUN_00c69820,between LLAChannelCInitParams and MapAnalysisImpCGroupModel,unclassified,Audio_MixChannels,size-run,0.60
00c69a50,72,FUN_00c69a50,between LLAChannelCInitParams and MapAnalysisImpCGroupModel,unclassified,CAudioChannel_ApplyChorusEffect,size-run,0.68
00c69ad0,116,FUN_00c69ad0,between LLAChannelCInitParams and MapAnalysisImpCGroupModel,unclassified,CAudioChannel_ApplyDelayEffect,size-run,0.69
00c69b50,133,FUN_00c69b50,between LLAChannelCInitParams and MapAnalysisImpCGroupModel,unclassified,Audio_Channel_ComputeEnvelope_Amplitude,size-run,0.84
00c69be0,558,FUN_00c69be0,between LLAChannelCInitParams and MapAnalysisImpCGroupModel,unclassified,CAudioChannel_ApplyEqualizerEffect,size-run,0.73
00c69e40,57,FUN_00c69e40,between LLAChannelCInitParams and MapAnalysisImpCGroupModel,unclassified,ModifyHeroStats,size-run,
00c69e80,405,FUN_00c69e80,between LLAChannelCInitParams and MapAnalysisImpCGroupModel,unclassified,,,
00c6a060,29,FUN_00c6a060,between LLAChannelCInitParams and MapAnalysisImpCGroupModel,unclassified,,,
00c6a080,28,FUN_00c6a080,between LLAChannelCInitParams and MapAnalysisImpCGroupModel,unclassified,Math_ShiftRight_Int64,body,0.65
00c6a0a0,27,FUN_00c6a0a0,between LLAChannelCInitParams and MapAnalysisImpCGroupModel,unclassified,,,
00c6a0c0,31,FUN_00c6a0c0,between LLAChannelCInitParams and MapAnalysisImpCGroupModel,unclassified,,,
00c6a0e0,31,FUN_00c6a0e0,between LLAChannelCInitParams and MapAnalysisImpCGroupModel,unclassified,,,
00c6a130,31,FUN_00c6a130,between LLAChannelCInitParams and MapAnalysisImpCGroupModel,unclassified,,,
00c6a150,31,FUN_00c6a150,between LLAChannelCInitParams and MapAnalysisImpCGroupModel,unclassified,,,
00c6a170,31,FUN_00c6a170,between LLAChannelCInitParams and MapAnalysisImpCGroupModel,unclassified,,,
00c6a190,31,FUN_00c6a190,between LLAChannelCInitParams and MapAnalysisImpCGroupModel,unclassified,,,
00c6a1b0,31,FUN_00c6a1b0,between LLAChannelCInitParams and MapAnalysisImpCGroupModel,unclassified,Simd_PackedAddDwords,body,0.93
00c6a230,156,FUN_00c6a230,between LLAChannelCInitParams and MapAnalysisImpCGroupModel,unclassified,Audio_RenderMultichannelData,body,0.98
00c6a2d0,2531,FUN_00c6a2d0,between LLAChannelCInitParams and MapAnalysisImpCGroupModel,unclassified,Graphics_RenderTextWithConditionalEffects,body,0.99
00c6acd0,2838,FUN_00c6acd0,between LLAChannelCInitParams and MapAnalysisImpCGroupModel,unclassified,Audio_ConvolveFilter_Aligned,body,0.99
00c6b810,2778,FUN_00c6b810,between LLAChannelCInitParams and MapAnalysisImpCGroupModel,unclassified,Audio_ConvolveFilter_WithGain,body,0.99
00c6c320,3260,FUN_00c6c320,between LLAChannelCInitParams and MapAnalysisImpCGroupModel,unclassified,Audio_ConvolveFilter_Complex_Variable,body,0.99
00c6d040,33,FUN_00c6d040,between LLAChannelCInitParams and MapAnalysisImpCGroupModel,unclassified,,,
00c6d070,32,FUN_00c6d070,between LLAChannelCInitParams and MapAnalysisImpCGroupModel,unclassified,,,
00c6d090,31,FUN_00c6d090,between LLAChannelCInitParams and MapAnalysisImpCGroupModel,unclassified,,,
00c6d140,240,FUN_00c6d140,between LLAChannelCInitParams and MapAnalysisImpCGroupModel,unclassified,Audio_RenderMultichannelData_Alt,body,0.98
00c6d230,7019,PolyphaseFIR_Resample8Phase,between LLAChannelCInitParams and MapAnalysisImpCGroupModel,named,,,
00c6edd0,7684,FUN_00c6edd0,between LLAChannelCInitParams and MapAnalysisImpCGroupModel,unclassified,,,
00c70c00,7532,FUN_00c70c00,between LLAChannelCInitParams and MapAnalysisImpCGroupModel,unclassified,,,
00c72990,8246,FUN_00c72990,between LLAChannelCInitParams and MapAnalysisImpCGroupModel,unclassified,Audio_ConvolveFilter_LongVariant,body,0.61
00c74a70,70,OpenALContext_alSourcefv_00c74a70,between LLAChannelCInitParams and MapAnalysisImpCGroupModel,OpenAL wrapper,CAudioSource_LazyLoadAlSourcefv,body,0.70
00c74ac0,1307,FUN_00c74ac0,between LLAChannelCInitParams and MapAnalysisImpCGroupModel,unclassified,Audio_GetProcAddress_Wrapper,body,0.72
00c75000,9,SetVtable_00dad660_00c75000,between LLAChannelCInitParams and MapAnalysisImpCGroupModel,vtable setter,CBase,size-run,
00c75010,78,FUN_00c75010,between LLAChannelCInitParams and MapAnalysisImpCGroupModel,unclassified,CConsoleVariable_Unregister,size-run,0.86
00c75060,908,FUN_00c75060,between LLAChannelCInitParams and MapAnalysisImpCGroupModel,unclassified,CTCHeroStats::AddEventData,size-run,0.82
00c754c0,55,FUN_00c754c0,between LLAChannelCInitParams and MapAnalysisImpCGroupModel,unclassified,ClearMessages,size-run,
00c75500,138,FUN_00c75500,between LLAChannelCInitParams and MapAnalysisImpCGroupModel,unclassified,Float_ClampWithFuzzyComparison,size-run,0.76
00c75590,1090,FUN_00c75590,between LLAChannelCInitParams and MapAnalysisImpCGroupModel,unclassified,CEnvironmentSpellEffectInterface,size-run,
00c759e0,98,Dtor_00c759e0,between LLAChannelCInitParams and MapAnalysisImpCGroupModel,destructor,CDrawGuildSeal_Destructor,size-run,0.45
00c75a50,81,FUN_00c75a50,between LLAChannelCInitParams and MapAnalysisImpCGroupModel,unclassified,CShadowRendererSceneData_OnHeroStatsUpdate,size-run,0.35
00c75ab0,30,ScalarDeletingDtor_00c75ab0,between LLAChannelCInitParams and MapAnalysisImpCGroupModel,scalar deleting destructor,`vector_deleting_destructor',size-run,
00c75ad0,7,SetVtable_00d9fbe8_00c75ad0,between LLAChannelCInitParams and MapAnalysisImpCGroupModel,vtable setter,CBase,size-run,
00c75ae0,154,FUN_00c75ae0,between LLAChannelCInitParams and MapAnalysisImpCGroupModel,unclassified,CShadowRendererSceneData_OnAnimationLoaded,size-run,0.72
00c75b80,30,ScalarDeletingDtor_00c75b80,between LLAChannelCInitParams and MapAnalysisImpCGroupModel,scalar deleting destructor,`vector_deleting_destructor',size-run,
00c75ba0,49,FUN_00c75ba0,between LLAChannelCInitParams and MapAnalysisImpCGroupModel,unclassified,,,
00c75c40,53,FUN_00c75c40,between LLAChannelCInitParams and MapAnalysisImpCGroupModel,unclassified,,,
00c75c80,200,FUN_00c75c80,between LLAChannelCInitParams and MapAnalysisImpCGroupModel,unclassified,Audio_MatchFormatGuid,body,0.65
00c75d50,248,FUN_00c75d50,between LLAChannelCInitParams and MapAnalysisImpCGroupModel,unclassified,CCharacter::SetSkillPropertyEx,size-run,0.74
00c75e60,144,FUN_00c75e60,between LLAChannelCInitParams and MapAnalysisImpCGroupModel,unclassified,CLight::SetLightValue,size-run,0.56
00c75ef0,103,FUN_00c75ef0,between LLAChannelCInitParams and MapAnalysisImpCGroupModel,unclassified,CLight::SetIntegerProperty,size-run,0.62
00c75f60,112,FUN_00c75f60,between LLAChannelCInitParams and MapAnalysisImpCGroupModel,unclassified,CLight::SetIntegerProperty2,size-run,0.66
00c75fd0,112,FUN_00c75fd0,between LLAChannelCInitParams and MapAnalysisImpCGroupModel,unclassified,CLight::SetIntegerProperty3,size-run,0.66
00c76040,183,FUN_00c76040,between LLAChannelCInitParams and MapAnalysisImpCGroupModel,unclassified,HeroAttribute_SetValueWithValidation,size-run,0.53
00c76100,146,FUN_00c76100,between LLAChannelCInitParams and MapAnalysisImpCGroupModel,unclassified,CLight::SetLightValue2,size-run,0.56
00c761a0,146,FUN_00c761a0,between LLAChannelCInitParams and MapAnalysisImpCGroupModel,unclassified,SetAttribute_Float,size-run,0.56
00c76240,198,FUN_00c76240,between LLAChannelCInitParams and MapAnalysisImpCGroupModel,unclassified,HeroAttribute_SetIntValueClamped,size-run,0.63
00c76310,182,FUN_00c76310,between LLAChannelCInitParams and MapAnalysisImpCGroupModel,unclassified,HeroAttribute_SetFloatValueValidated,size-run,0.53
00c763d0,192,FUN_00c763d0,between LLAChannelCInitParams and MapAnalysisImpCGroupModel,unclassified,HeroAttribute_SetVector3,size-run,0.74
00c76490,198,FUN_00c76490,between LLAChannelCInitParams and MapAnalysisImpCGroupModel,unclassified,HeroAttribute_SetInt,size-run,0.63
00c76560,182,FUN_00c76560,between LLAChannelCInitParams and MapAnalysisImpCGroupModel,unclassified,HeroAttribute_SetValue2,size-run,0.53
00c76620,192,FUN_00c76620,between LLAChannelCInitParams and MapAnalysisImpCGroupModel,unclassified,SetAttribute_Vector3_Alt,size-run,0.74
00c766e0,185,FUN_00c766e0,between LLAChannelCInitParams and MapAnalysisImpCGroupModel,unclassified,HeroAttribute_SetValue3,size-run,0.53
00c767a0,146,FUN_00c767a0,between LLAChannelCInitParams and MapAnalysisImpCGroupModel,unclassified,SetAttribute_Float_Validated,size-run,0.56
00c76840,185,FUN_00c76840,between LLAChannelCInitParams and MapAnalysisImpCGroupModel,unclassified,HeroAttribute_SetValue4,size-run,0.53
00c76900,146,FUN_00c76900,between LLAChannelCInitParams and MapAnalysisImpCGroupModel,unclassified,SetAttribute_Float_Validated,size-run,0.56
00c769a0,139,FUN_00c769a0,between LLAChannelCInitParams and MapAnalysisImpCGroupModel,unclassified,SetAttribute_Float_Indexed,size-run,0.59
00c76a30,146,FUN_00c76a30,between LLAChannelCInitParams and MapAnalysisImpCGroupModel,unclassified,SetAttribute_Float_Validated,size-run,0.56
00c76ad0,146,FUN_00c76ad0,between LLAChannelCInitParams and MapAnalysisImpCGroupModel,unclassified,SetAttribute_Float_Validated,size-run,0.56
00c76b70,146,FUN_00c76b70,between LLAChannelCInitParams and MapAnalysisImpCGroupModel,unclassified,SetAttribute_Float_Validated,size-run,0.56
00c76c10,135,FUN_00c76c10,between LLAChannelCInitParams and MapAnalysisImpCGroupModel,unclassified,HeroAttribute_SetBitFlagBit0,size-run,0.75
00c76ca0,137,FUN_00c76ca0,between LLAChannelCInitParams and MapAnalysisImpCGroupModel,unclassified,HeroAttribute_SetBitFlagBit1,size-run,0.75
00c76d30,138,FUN_00c76d30,between LLAChannelCInitParams and MapAnalysisImpCGroupModel,unclassified,HeroAttribute_SetBitFlagBit2,size-run,0.75
00c76dc0,138,FUN_00c76dc0,between LLAChannelCInitParams and MapAnalysisImpCGroupModel,unclassified,HeroAttribute_SetBitFlagBit3,size-run,0.75
00c76e50,138,FUN_00c76e50,between LLAChannelCInitParams and MapAnalysisImpCGroupModel,unclassified,HeroAttribute_SetBitFlagBit4,size-run,0.75
00c76ee0,138,FUN_00c76ee0,between LLAChannelCInitParams and MapAnalysisImpCGroupModel,unclassified,HeroAttribute_SetBitFlagBit5,size-run,0.75
00c76f70,138,FUN_00c76f70,between LLAChannelCInitParams and MapAnalysisImpCGroupModel,unclassified,HeroAttribute_SetBitFlagBit6,size-run,0.75
00c77000,148,FUN_00c77000,between LLAChannelCInitParams and MapAnalysisImpCGroupModel,unclassified,HeroAttribute_SetBitFlagBit7,size-run,0.75
00c770a0,426,FUN_00c770a0,between LLAChannelCInitParams and MapAnalysisImpCGroupModel,unclassified,CCharacter_SetActiveSkill,size-run,0.76
00c77250,96,FUN_00c77250,between LLAChannelCInitParams and MapAnalysisImpCGroupModel,unclassified,HeroAttribute_SetRotationZ,size-run,0.52
00c772b0,169,FUN_00c772b0,between LLAChannelCInitParams and MapAnalysisImpCGroupModel,unclassified,HeroAttribute_SetPositionY,size-run,0.63
00c77360,169,FUN_00c77360,between LLAChannelCInitParams and MapAnalysisImpCGroupModel,unclassified,HeroAttribute_SetPositionZ,size-run,0.63
00c77430,129,FUN_00c77430,between LLAChannelCInitParams and MapAnalysisImpCGroupModel,unclassified,CEntity::SetVectorProperty_XY,size-run,0.67
00c774c0,245,FUN_00c774c0,between LLAChannelCInitParams and MapAnalysisImpCGroupModel,unclassified,CEntity::SetVectorProperty_XYZW,size-run,0.67
00c775c0,115,FUN_00c775c0,between LLAChannelCInitParams and MapAnalysisImpCGroupModel,unclassified,CEntity::SetVectorProperty_XY_Alt,size-run,0.69
00c77640,62,FUN_00c77640,between LLAChannelCInitParams and MapAnalysisImpCGroupModel,unclassified,HeroAttribute_SetBaseLife,size-run,0.69
00c77680,59,FUN_00c77680,between LLAChannelCInitParams and MapAnalysisImpCGroupModel,unclassified,HeroAttribute_SetBaseSpell,size-run,0.69
00c776c0,59,FUN_00c776c0,between LLAChannelCInitParams and MapAnalysisImpCGroupModel,unclassified,SetPitch,size-run,0.71
00c77700,56,FUN_00c77700,between LLAChannelCInitParams and MapAnalysisImpCGroupModel,unclassified,SetGain,size-run,0.71
00c77740,62,FUN_00c77740,between LLAChannelCInitParams and MapAnalysisImpCGroupModel,unclassified,HeroAttribute_SetBaseArmour,size-run,0.69
00c77780,102,FUN_00c77780,between LLAChannelCInitParams and MapAnalysisImpCGroupModel,unclassified,SetIntensity,size-run,0.55
00c777f0,56,FUN_00c777f0,between LLAChannelCInitParams and MapAnalysisImpCGroupModel,unclassified,SetVelocity,size-run,0.71
00c77830,90,FUN_00c77830,between LLAChannelCInitParams and MapAnalysisImpCGroupModel,unclassified,SetFrequency,size-run,0.56
00c77890,90,FUN_00c77890,between LLAChannelCInitParams and MapAnalysisImpCGroupModel,unclassified,SetDelay,size-run,0.56
00c778f0,90,FUN_00c778f0,between LLAChannelCInitParams and MapAnalysisImpCGroupModel,unclassified,SetDecay,size-run,0.56
00c77950,56,FUN_00c77950,between LLAChannelCInitParams and MapAnalysisImpCGroupModel,unclassified,SetPan,size-run,0.71
00c77990,90,FUN_00c77990,between LLAChannelCInitParams and MapAnalysisImpCGroupModel,unclassified,CEntity_SetFloatProperty_0x44,size-run,0.56
00c779f0,62,FUN_00c779f0,between LLAChannelCInitParams and MapAnalysisImpCGroupModel,unclassified,CEntity_SetIntProperty_0x48,size-run,0.69
00c77a30,102,FUN_00c77a30,between LLAChannelCInitParams and MapAnalysisImpCGroupModel,unclassified,CEntity_SetFloatProperty_0x4c,size-run,0.55
00c77aa0,102,FUN_00c77aa0,between LLAChannelCInitParams and MapAnalysisImpCGroupModel,unclassified,CEntity_SetFloatProperty_0x50,size-run,0.55
00c77b10,102,FUN_00c77b10,between LLAChannelCInitParams and MapAnalysisImpCGroupModel,unclassified,CEntity_SetFloatProperty_0x54,size-run,0.55
00c77b80,102,FUN_00c77b80,between LLAChannelCInitParams and MapAnalysisImpCGroupModel,unclassified,CEntity_SetFloatProperty_0x58,size-run,0.55
00c77bf0,58,FUN_00c77bf0,between LLAChannelCInitParams and MapAnalysisImpCGroupModel,unclassified,HeroAttribute_SetUintOffset5C,size-run,0.67
00c77c30,437,FUN_00c77c30,between LLAChannelCInitParams and MapAnalysisImpCGroupModel,unclassified,CEntity::SetMeshComponentsProperty,size-run,0.84
00c77df0,730,FUN_00c77df0,between LLAChannelCInitParams and MapAnalysisImpCGroupModel,unclassified,CEntity::SetLightComponentsProperty,size-run,0.74
00c780d0,575,FUN_00c780d0,between LLAChannelCInitParams and MapAnalysisImpCGroupModel,unclassified,CEntity::SetSoundComponentsProperty,size-run,0.77
00c78310,472,FUN_00c78310,between LLAChannelCInitParams and MapAnalysisImpCGroupModel,unclassified,CEntity::SetVFXComponentsProperty,size-run,0.80
00c784f0,392,FUN_00c784f0,between LLAChannelCInitParams and MapAnalysisImpCGroupModel,unclassified,CEntity::SetPhysicsCollisionProperty,size-run,0.82
00c78680,2349,FUN_00c78680,between LLAChannelCInitParams and MapAnalysisImpCGroupModel,unclassified,HeroStats_UpdateDerivedValues,size-run,0.67
00c79910,51,FUN_00c79910,between LLAChannelCInitParams and MapAnalysisImpCGroupModel,unclassified,ScriptEvent_DispatchByID,size-run,1.00
00c7a0b0,64,FUN_00c7a0b0,between LLAChannelCInitParams and MapAnalysisImpCGroupModel,unclassified,CCharacter_SetSkillAcquired,size-run,0.62
00c7a0f0,63,FUN_00c7a0f0,between LLAChannelCInitParams and MapAnalysisImpCGroupModel,unclassified,CDrawGuildSeal::SetSkillIndexProperty,size-run,0.65
00c7a130,618,FUN_00c7a130,between LLAChannelCInitParams and MapAnalysisImpCGroupModel,unclassified,CCharacter_AddSkill,size-run,0.57
00c7a3a0,146,FUN_00c7a3a0,between LLAChannelCInitParams and MapAnalysisImpCGroupModel,unclassified,CCharacter_SetSkillDamage,size-run,0.74
00c7a440,582,FUN_00c7a440,between LLAChannelCInitParams and MapAnalysisImpCGroupModel,unclassified,HeroAttribute_SetValueWithValidation,size-run,0.41
00c7a690,204,FUN_00c7a690,between LLAChannelCInitParams and MapAnalysisImpCGroupModel,unclassified,HeroAttribute_SetBitFlags,size-run,0.73
00c7a760,288,FUN_00c7a760,between LLAChannelCInitParams and MapAnalysisImpCGroupModel,unclassified,ScriptCommand_SetHeroProperties,size-run,0.65
00c7a880,854,FUN_00c7a880,between LLAChannelCInitParams and MapAnalysisImpCGroupModel,unclassified,ScriptCommand_SetCharacterAttributes,size-run,0.57
00c7abe0,1112,FUN_00c7abe0,between LLAChannelCInitParams and MapAnalysisImpCGroupModel,unclassified,CTCHeroStats_UpdateAttributeEvents,size-run,0.48
00c7b040,55,FUN_00c7b040,between LLAChannelCInitParams and MapAnalysisImpCGroupModel,unclassified,CDrawGuildSeal_ApplyEffect,size-run,0.57
00c7b190,58,FUN_00c7b190,between LLAChannelCInitParams and MapAnalysisImpCGroupModel,unclassified,CDrawGuildSeal_SetProperty,size-run,0.52
00c7b630,146,FUN_00c7b630,between LLAChannelCInitParams and MapAnalysisImpCGroupModel,unclassified,CDrawGuildSeal::SetSkillPropertiesEx,size-run,0.35
00c7b6d0,798,FUN_00c7b6d0,between LLAChannelCInitParams and MapAnalysisImpCGroupModel,unclassified,CDrawGuildSeal_SetLightProperty,size-run,0.45
00c7b9f0,542,FUN_00c7b9f0,between LLAChannelCInitParams and MapAnalysisImpCGroupModel,unclassified,ScriptCommand_SetLightAttributes,size-run,0.38
00c7bc10,438,FUN_00c7bc10,between LLAChannelCInitParams and MapAnalysisImpCGroupModel,unclassified,CDrawGuildSeal_SetPropertyEx,body,0.63
00c7c220,76,FUN_00c7c220,between LLAChannelCInitParams and MapAnalysisImpCGroupModel,unclassified,Math_IsAnyNaN,size-run,0.78
00c7c280,74,Dtor_00c7c280,between LLAChannelCInitParams and MapAnalysisImpCGroupModel,destructor,CConsoleVariable,size-run,
00c7c6d0,13,FUN_00c7c6d0,between LLAChannelCInitParams and MapAnalysisImpCGroupModel,unclassified,OnPostViewportChanged,size-run,
00c7c6e0,1137,FUN_00c7c6e0,between LLAChannelCInitParams and MapAnalysisImpCGroupModel,unclassified,CTCHeroStats_ProcessEventData,size-run,0.67
00c7cd00,1292,Ctor_vt00dad7d0_00c7cd00,between LLAChannelCInitParams and MapAnalysisImpCGroupModel,constructor,CShadowRendererSceneData,size-run,
00c7d210,30,ScalarDeletingDtor_00c7d210,between LLAChannelCInitParams and MapAnalysisImpCGroupModel,scalar deleting destructor,`vector_deleting_destructor',size-run,
00c7d230,70,FUN_00c7d230,between LLAChannelCInitParams and MapAnalysisImpCGroupModel,unclassified,CDrawGuildSeal_Render,size-run,0.52
00c7d280,21,FUN_00c7d280,between LLAChannelCInitParams and MapAnalysisImpCGroupModel,unclassified,,,
00c7d2a0,21,FUN_00c7d2a0,between LLAChannelCInitParams and MapAnalysisImpCGroupModel,unclassified,,,
00c7d2c0,7,SetVtable_00dad7d4_00c7d2c0,between LLAChannelCInitParams and MapAnalysisImpCGroupModel,vtable setter,,,
00c7d350,12,FUN_00c7d350,between LLAChannelCInitParams and MapAnalysisImpCGroupModel,unclassified,,,
00c7d3e0,115,FUN_00c7d3e0,between LLAChannelCInitParams and MapAnalysisImpCGroupModel,unclassified,,,
00c7d460,51,FUN_00c7d460,between LLAChannelCInitParams and MapAnalysisImpCGroupModel,unclassified,,,
00c7d4a0,16,FUN_00c7d4a0,between LLAChannelCInitParams and MapAnalysisImpCGroupModel,unclassified,,,
00c7d530,27,ScalarDeletingDtor_00c7d530,between LLAChannelCInitParams and MapAnalysisImpCGroupModel,scalar deleting destructor,,,
00c7d570,331,FUN_00c7d570,between LLAChannelCInitParams and MapAnalysisImpCGroupModel,unclassified,,,
00c7d6c0,207,FUN_00c7d6c0,between LLAChannelCInitParams and MapAnalysisImpCGroupModel,unclassified,,,
00c7d790,110,FUN_00c7d790,between LLAChannelCInitParams and MapAnalysisImpCGroupModel,unclassified,,,
00c7d820,10,FUN_00c7d820,between LLAChannelCInitParams and MapAnalysisImpCGroupModel,unclassified,,,
00c7d830,7,SetVtable_00dad80c_00c7d830,between LLAChannelCInitParams and MapAnalysisImpCGroupModel,vtable setter,,,
00c7d980,237,MapAnalysisImpCGroupModel_DetachFromGroup,MapAnalysisImpCGroupModel,named,,,
00c7da70,152,Dtor_00c7da70,between MapAnalysisImpCGroupModel and ?,destructor,,,
00c7db10,39,FUN_00c7db10,between MapAnalysisImpCGroupModel and ?,unclassified,,,
00c7db40,114,Ctor_vt00dad8b4_00c7db40,between MapAnalysisImpCGroupModel and ?,constructor,,,
00c7dbd0,12,FUN_00c7dbd0,between MapAnalysisImpCGroupModel and ?,unclassified,,,
00c7dc80,14,Dtor_00c7dc80,between MapAnalysisImpCGroupModel and ?,destructor,,,
00c7dd20,21,Ctor_vt00dad844_00c7dd20,between MapAnalysisImpCGroupModel and ?,constructor,,,
00c7dd40,27,ScalarDeletingDtor_00c7dd40,between MapAnalysisImpCGroupModel and ?,scalar deleting destructor,,,
00c7dd60,14,Dtor_00c7dd60,between MapAnalysisImpCGroupModel and ?,destructor,,,
00c7dd70,27,Ctor_vt00dad88c_00c7dd70,between MapAnalysisImpCGroupModel and ?,constructor,,,
00c7dd90,27,ScalarDeletingDtor_00c7dd90,between MapAnalysisImpCGroupModel and ?,scalar deleting destructor,,,
00c7ddc0,27,ScalarDeletingDtor_00c7ddc0,between MapAnalysisImpCGroupModel and ?,scalar deleting destructor,,,
00c7dde0,30,FUN_00c7dde0,between MapAnalysisImpCGroupModel and ?,unclassified,,,
00c7de00,8,FUN_00c7de00,between MapAnalysisImpCGroupModel and ?,unclassified,,,
00c7de10,25,FUN_00c7de10,between MapAnalysisImpCGroupModel and ?,unclassified,,,
00c7de30,24,FUN_00c7de30,between MapAnalysisImpCGroupModel and ?,unclassified,Util_BitWidth,size-run,1.00
00c7df90,484,FUN_00c7df90,between MapAnalysisImpCGroupModel and ?,unclassified,C3DGeneratorObject_Parse,size-run,0.41
00c7e180,29,FUN_00c7e180,between MapAnalysisImpCGroupModel and ?,unclassified,Float10_NormalizeAbsValue,size-run,0.54
00c7e1a0,2343,FUN_00c7e1a0,between MapAnalysisImpCGroupModel and ?,unclassified,CPlayer::ProcessAudioFrame,size-run,0.44
00c7ead0,1274,FUN_00c7ead0,between MapAnalysisImpCGroupModel and ?,unclassified,Mesh_BlendMorphStreams,size-run,0.85
00c7efe0,25,FUN_00c7efe0,between MapAnalysisImpCGroupModel and ?,unclassified,"_Cons_val<std::allocator<C3DGeneratorObject>,C3DGeneratorObject,C3DGeneratorObject>",size-run,
00c7f000,52,FUN_00c7f000,between MapAnalysisImpCGroupModel and ?,unclassified,C3DGeneratorObject_Destroy,size-run,0.29
00c7f080,14,FUN_00c7f080,between MapAnalysisImpCGroupModel and ?,unclassified,Util_CountHighBits,size-run,1.00
00c7f090,20,FUN_00c7f090,between MapAnalysisImpCGroupModel and ?,unclassified,Util_PopCount,size-run,1.00
00c7f190,332,FUN_00c7f190,between MapAnalysisImpCGroupModel and ?,unclassified,C3DGeneratorObject_ParseAlt,size-run,0.30
00c7f2f0,444,FUN_00c7f2f0,between MapAnalysisImpCGroupModel and ?,unclassified,Math_BuildBasisVectors,size-run,0.69
00c7f4c0,879,FUN_00c7f4c0,between MapAnalysisImpCGroupModel and ?,unclassified,Audio_ComputeTimeFrequencyMap,size-run,0.99
00c7f830,81,FUN_00c7f830,between MapAnalysisImpCGroupModel and ?,unclassified,CEnvironment::LookupLocalThemeIndex,size-run,0.48
00c7f890,522,FUN_00c7f890,between MapAnalysisImpCGroupModel and ?,unclassified,Audio_InterpolateScaledSamples,size-run,0.84
00c7faa0,769,FUN_00c7faa0,between MapAnalysisImpCGroupModel and ?,unclassified,CurveInterpolation_ResampleCurveData,size-run,0.89
00c7fdb0,579,FUN_00c7fdb0,between MapAnalysisImpCGroupModel and ?,unclassified,Environment_GetThemeIndex,size-run,0.87
00c80000,521,FUN_00c80000,between MapAnalysisImpCGroupModel and ?,unclassified,Class_AllocateFromPool,size-run,0.68
00c80270,490,FUN_00c80270,between MapAnalysisImpCGroupModel and ?,unclassified,Environment_AccumulateVertexData,size-run,0.89
00c80520,66,FUN_00c80520,between MapAnalysisImpCGroupModel and ?,unclassified,Geometry_ProcessNonzeroElements,size-run,0.68
00c80570,596,FUN_00c80570,between MapAnalysisImpCGroupModel and ?,unclassified,Environment_TransformVertexArray,size-run,0.93
00c807d0,399,FUN_00c807d0,between MapAnalysisImpCGroupModel and ?,unclassified,CDefinitionManager::ProcessPropertyDefinition,size-run,0.72
00c80960,25,FUN_00c80960,between MapAnalysisImpCGroupModel and ?,unclassified,"_Cons_val<std::allocator<C3DGeneratorObject>,C3DGeneratorObject,C3DGeneratorObject>",size-run,
00c809a0,14,FUN_00c809a0,between MapAnalysisImpCGroupModel and ?,unclassified,Util_CountBits,size-run,1.00
00c809b0,24,FUN_00c809b0,between MapAnalysisImpCGroupModel and ?,unclassified,Math_Log2Int,size-run,1.00
00c809d0,421,FUN_00c809d0,between MapAnalysisImpCGroupModel and ?,unclassified,C3DGeneratorObject_Write,size-run,0.51
00c80b80,568,FUN_00c80b80,between MapAnalysisImpCGroupModel and ?,unclassified,C3DGeneratorObject_ParseComplex,size-run,0.30
00c80dd0,21,FUN_00c80dd0,between MapAnalysisImpCGroupModel and ?,unclassified,Int_Compare,size-run,0.88
00c81010,71,FUN_00c81010,between MapAnalysisImpCGroupModel and ?,unclassified,Interpolate_ClampedLinear,size-run,1.00
00c81060,43,FUN_00c81060,between MapAnalysisImpCGroupModel and ?,unclassified,Clamp_To10BitValue,size-run,0.62
00c81090,388,FUN_00c81090,between MapAnalysisImpCGroupModel and ?,unclassified,CurveInterpolation_InterpolateFloats,size-run,0.96
00c81220,138,FUN_00c81220,between MapAnalysisImpCGroupModel and ?,unclassified,CurveInterpolation_InterpolateInts,size-run,0.75
00c812b0,465,FUN_00c812b0,between MapAnalysisImpCGroupModel and ?,unclassified,FloatVector_Clamp,size-run,0.69
00c81490,498,FUN_00c81490,between MapAnalysisImpCGroupModel and ?,unclassified,LinearRegression_CalcSlope,size-run,0.81
00c81690,542,FUN_00c81690,between MapAnalysisImpCGroupModel and ?,unclassified,CurveInterpolation_ValidateSplineQuality,size-run,0.93
00c818b0,23,FUN_00c818b0,between MapAnalysisImpCGroupModel and ?,unclassified,InterpolateInt_Conditional,size-run,1.00
00c818d0,1076,FUN_00c818d0,between MapAnalysisImpCGroupModel and ?,unclassified,CurveInterpolation_ComputeSpline,size-run,0.68
00c81d10,163,FUN_00c81d10,between MapAnalysisImpCGroupModel and ?,unclassified,PixelBlend_InterpolateWithMemAlloc,size-run,0.92
00c81dc0,1393,FUN_00c81dc0,between MapAnalysisImpCGroupModel and ?,unclassified,CEnvironment_SerializeTheme,size-run,0.73
00c82630,347,FUN_00c82630,between MapAnalysisImpCGroupModel and ?,unclassified,Geometry_ScaleVertexArray,size-run,0.84
00c82790,25,FUN_00c82790,between MapAnalysisImpCGroupModel and ?,unclassified,"_Cons_val<std::allocator<C3DGeneratorObject>,C3DGeneratorObject,C3DGeneratorObject>",size-run,
00c827b0,86,FUN_00c827b0,between MapAnalysisImpCGroupModel and ?,unclassified,C3DGeneratorObject_Release,body,0.61
00c82900,359,FUN_00c82900,between MapAnalysisImpCGroupModel and ?,unclassified,Math_PrecomputeAngleLookupTable,body,0.67
00c82bd0,114,FUN_00c82bd0,between MapAnalysisImpCGroupModel and ?,unclassified,Geometry_TransformAndScale,body,0.65
00c82c50,67,FUN_00c82c50,between MapAnalysisImpCGroupModel and ?,unclassified,,,
00c82ca0,31,FUN_00c82ca0,between MapAnalysisImpCGroupModel and ?,unclassified,,,
00c82cc0,31,FUN_00c82cc0,between MapAnalysisImpCGroupModel and ?,unclassified,,,
00c82ce0,29,FUN_00c82ce0,between MapAnalysisImpCGroupModel and ?,unclassified,operator+=,size-run,
00c82d00,29,FUN_00c82d00,between MapAnalysisImpCGroupModel and ?,unclassified,GetSize,size-run,
00c82d20,9,SetVtable_00dad8d0_00c82d20,between MapAnalysisImpCGroupModel and ?,vtable setter,CBase,size-run,
00c82d40,94,FUN_00c82d40,between MapAnalysisImpCGroupModel and ?,unclassified,DSP_ScaleFloatVector,size-run,0.88
00c82da0,105,FUN_00c82da0,between MapAnalysisImpCGroupModel and ?,unclassified,DSP_ScaleFloatVectorWithOffset,size-run,0.99
00c82e10,206,FUN_00c82e10,between MapAnalysisImpCGroupModel and ?,unclassified,DSP_AmplitudeModulate,size-run,0.81
00c82ee0,220,FUN_00c82ee0,between MapAnalysisImpCGroupModel and ?,unclassified,DSP_AmplitudeModulateWithOffset,size-run,0.86
00c82fc0,62,FUN_00c82fc0,between MapAnalysisImpCGroupModel and ?,unclassified,"_Copy_impl<std::pair<float,CSubtitledMessage::CCameraTag>*,std::pair<float,class_CSubtitledMessage::CCameraTag>*>",size-run,
00c83000,108,FUN_00c83000,between MapAnalysisImpCGroupModel and ?,unclassified,DSP_AddScaledVector,size-run,1.00
00c83070,216,FUN_00c83070,between MapAnalysisImpCGroupModel and ?,unclassified,DSP_AddScaledVectorWithModulation,size-run,0.87
00c83150,681,FUN_00c83150,between MapAnalysisImpCGroupModel and ?,unclassified,Audio_ProcessFilter4Channel,size-run,0.88
00c83400,142,FUN_00c83400,between MapAnalysisImpCGroupModel and ?,unclassified,GuildTrainingSkillScript_AllocSkillSlots,size-run,0.71
00c83490,428,FUN_00c83490,between MapAnalysisImpCGroupModel and ?,unclassified,Graphics_ProcessStreamData,size-run,0.51
00c83640,850,FUN_00c83640,between MapAnalysisImpCGroupModel and ?,unclassified,Partition_ProcessAnimationData,size-run,0.50
00c839b0,140,FUN_00c839b0,between MapAnalysisImpCGroupModel and ?,unclassified,GuildTrainingSkillScript_AllocEffectArray,size-run,0.72
00c83a40,255,FUN_00c83a40,between MapAnalysisImpCGroupModel and ?,unclassified,Graphics_RenderWaveform,size-run,0.54
00c83b40,588,FUN_00c83b40,between MapAnalysisImpCGroupModel and ?,unclassified,Animation_InterpolateProcess,size-run,0.58
00c83d90,139,FUN_00c83d90,between MapAnalysisImpCGroupModel and ?,unclassified,Audio_ApplyConvolution_Samples,size-run,0.87
00c83e30,32,FUN_00c83e30,between MapAnalysisImpCGroupModel and ?,unclassified,AddTrigger,size-run,
00c83e50,125,FUN_00c83e50,between MapAnalysisImpCGroupModel and ?,unclassified,WaveformBuffer_Process,size-run,0.68
00c83ed0,15,FUN_00c83ed0,between MapAnalysisImpCGroupModel and ?,unclassified,FtoL,size-run,
00c83f00,71,FUN_00c83f00,between MapAnalysisImpCGroupModel and ?,unclassified,,,
00c83f50,77,FUN_00c83f50,between MapAnalysisImpCGroupModel and ?,unclassified,,,
00c83fa0,8,FUN_00c83fa0,between MapAnalysisImpCGroupModel and ?,unclassified,,,
00c83fb0,81,FUN_00c83fb0,between MapAnalysisImpCGroupModel and ?,unclassified,,,
00c84010,397,FUN_00c84010,between MapAnalysisImpCGroupModel and ?,unclassified,Math_ApplyDampeningFilter,body,0.75
00c841a0,196,FUN_00c841a0,between MapAnalysisImpCGroupModel and ?,unclassified,FloatArray_TransformWithUnroll,body,0.95
00c84270,59,FUN_00c84270,between MapAnalysisImpCGroupModel and ?,unclassified,Float_CompareStrict,body,0.92
00c842b0,718,FUN_00c842b0,between MapAnalysisImpCGroupModel and ?,unclassified,Math_LevenbergMarquardtFit,body,0.84
00c84580,495,FUN_00c84580,between MapAnalysisImpCGroupModel and ?,unclassified,Math_SolveLinearSystemGaussian,body,0.92
00c84780,1013,FUN_00c84780,between MapAnalysisImpCGroupModel and ?,unclassified,Math_FitSplineCurve,body,0.67
00c84bb0,10,FUN_00c84bb0,between MapAnalysisImpCGroupModel and ?,unclassified,,,
00c84bc0,10,FUN_00c84bc0,between MapAnalysisImpCGroupModel and ?,unclassified,,,
00c84bf0,1564,FUN_00c84bf0,between MapAnalysisImpCGroupModel and ?,unclassified,,,
00c85430,12,FUN_00c85430,between MapAnalysisImpCGroupModel and ?,unclassified,,,
00c85450,12,FUN_00c85450,between MapAnalysisImpCGroupModel and ?,unclassified,,,
00c85470,443,FUN_00c85470,between MapAnalysisImpCGroupModel and ?,unclassified,,,
00c85680,45,FUN_00c85680,between MapAnalysisImpCGroupModel and ?,unclassified,,,
00c856b0,17,FUN_00c856b0,between MapAnalysisImpCGroupModel and ?,unclassified,`vector_deleting_destructor',size-run,
00c856d0,22,FUN_00c856d0,between MapAnalysisImpCGroupModel and ?,unclassified,`vector_deleting_destructor',size-run,
00c856f0,12,FUN_00c856f0,between MapAnalysisImpCGroupModel and ?,unclassified,`vector_deleting_destructor',size-run,
00c85710,55,FUN_00c85710,between MapAnalysisImpCGroupModel and ?,unclassified,`vector_deleting_destructor',size-run,
00c85750,58,FUN_00c85750,between MapAnalysisImpCGroupModel and ?,unclassified,"pair<unsigned_long,C3DMeshVolume>",size-run,
00c85790,85,FUN_00c85790,between MapAnalysisImpCGroupModel and ?,unclassified,CCardPositionsDef,size-run,
00c857f0,1579,FUN_00c857f0,between MapAnalysisImpCGroupModel and ?,unclassified,,,
00c85eb0,212,FUN_00c85eb0,between MapAnalysisImpCGroupModel and ?,unclassified,,,
00c85f90,175,FUN_00c85f90,between MapAnalysisImpCGroupModel and ?,unclassified,,,
00c86040,66,FUN_00c86040,between MapAnalysisImpCGroupModel and ?,unclassified,,,
00c86090,116,FUN_00c86090,between MapAnalysisImpCGroupModel and ?,unclassified,,,
00c86110,183,FUN_00c86110,between MapAnalysisImpCGroupModel and ?,unclassified,,,
00c861d0,2149,FUN_00c861d0,between MapAnalysisImpCGroupModel and ?,unclassified,,,
00c86a40,43,FUN_00c86a40,between MapAnalysisImpCGroupModel and ?,unclassified,,,
00c86a70,451,FUN_00c86a70,between MapAnalysisImpCGroupModel and ?,unclassified,,,
00c86c60,327,FUN_00c86c60,between MapAnalysisImpCGroupModel and ?,unclassified,,,
00c86db0,194,FUN_00c86db0,between MapAnalysisImpCGroupModel and ?,unclassified,,,
00c86e80,277,FUN_00c86e80,between MapAnalysisImpCGroupModel and ?,unclassified,,,
00c86fa0,593,FUN_00c86fa0,between MapAnalysisImpCGroupModel and ?,unclassified,,,
00c87230,24,FUN_00c87230,between MapAnalysisImpCGroupModel and ?,unclassified,,,
00c87250,75,FUN_00c87250,between MapAnalysisImpCGroupModel and ?,unclassified,,,
00c87320,1195,FUN_00c87320,between MapAnalysisImpCGroupModel and ?,unclassified,,,
00c87800,539,FUN_00c87800,between MapAnalysisImpCGroupModel and ?,unclassified,,,
00c87ac0,32,FUN_00c87ac0,between MapAnalysisImpCGroupModel and ?,unclassified,,,
00c87ae0,44,FUN_00c87ae0,between MapAnalysisImpCGroupModel and ?,unclassified,,,
00c87b10,2276,FUN_00c87b10,between MapAnalysisImpCGroupModel and ?,unclassified,,,
00c88440,277,FUN_00c88440,between MapAnalysisImpCGroupModel and ?,unclassified,,,
00c88560,174,FUN_00c88560,between MapAnalysisImpCGroupModel and ?,unclassified,,,
00c88610,197,FUN_00c88610,between MapAnalysisImpCGroupModel and ?,unclassified,,,
00c886e0,111,FUN_00c886e0,between MapAnalysisImpCGroupModel and ?,unclassified,,,
00c88750,109,FUN_00c88750,between MapAnalysisImpCGroupModel and ?,unclassified,,,
00c887c0,98,FUN_00c887c0,between MapAnalysisImpCGroupModel and ?,unclassified,,,
00c88830,1976,FUN_00c88830,between MapAnalysisImpCGroupModel and ?,unclassified,,,
00c890c0,20,FUN_00c890c0,between MapAnalysisImpCGroupModel and ?,unclassified,GetActionName,size-run,
00c890e0,146,FUN_00c890e0,between MapAnalysisImpCGroupModel and ?,unclassified,`scalar_deleting_destructor',size-run,
00c891e0,24,FUN_00c891e0,between MapAnalysisImpCGroupModel and ?,unclassified,operator(),size-run,
00c89200,19,FUN_00c89200,between MapAnalysisImpCGroupModel and ?,unclassified,operator(),size-run,
00c89220,12,FUN_00c89220,between MapAnalysisImpCGroupModel and ?,unclassified,operator(),size-run,
00c89240,19,FUN_00c89240,between MapAnalysisImpCGroupModel and ?,unclassified,operator(),size-run,
00c89260,359,FUN_00c89260,between MapAnalysisImpCGroupModel and ?,unclassified,,,
00c89400,43,FUN_00c89400,between MapAnalysisImpCGroupModel and ?,unclassified,,,
00c89430,3,FUN_00c89430,between MapAnalysisImpCGroupModel and ?,unclassified,,,
00c89440,39,FUN_00c89440,between MapAnalysisImpCGroupModel and ?,unclassified,,,
00c89470,355,FUN_00c89470,between MapAnalysisImpCGroupModel and ?,unclassified,,,
00c89610,41,FUN_00c89610,between MapAnalysisImpCGroupModel and ?,unclassified,,,
00c89640,441,FUN_00c89640,between MapAnalysisImpCGroupModel and ?,unclassified,,,
00c89850,43,FUN_00c89850,between MapAnalysisImpCGroupModel and ?,unclassified,,,
00c89890,359,FUN_00c89890,between MapAnalysisImpCGroupModel and ?,unclassified,,,
00c89a50,43,FUN_00c89a50,between MapAnalysisImpCGroupModel and ?,unclassified,,,
00c89a80,3,FUN_00c89a80,between MapAnalysisImpCGroupModel and ?,unclassified,,,
00c89a90,14,FUN_00c89a90,between MapAnalysisImpCGroupModel and ?,unclassified,,,
00c89aa0,517,FUN_00c89aa0,between MapAnalysisImpCGroupModel and ?,unclassified,,,
00c89cb0,154,FUN_00c89cb0,between MapAnalysisImpCGroupModel and ?,unclassified,,,
00c89d60,101,FUN_00c89d60,between MapAnalysisImpCGroupModel and ?,unclassified,,,
00c89dd0,441,FUN_00c89dd0,between MapAnalysisImpCGroupModel and ?,unclassified,,,
00c89fe0,39,FUN_00c89fe0,between MapAnalysisImpCGroupModel and ?,unclassified,,,
00c8a010,441,FUN_00c8a010,between MapAnalysisImpCGroupModel and ?,unclassified,,,
00c8a220,441,FUN_00c8a220,between MapAnalysisImpCGroupModel and ?,unclassified,,,
00c8a430,951,FUN_00c8a430,between MapAnalysisImpCGroupModel and ?,unclassified,,,
00c8a810,43,FUN_00c8a810,between MapAnalysisImpCGroupModel and ?,unclassified,,,
00c8a850,82,FUN_00c8a850,between MapAnalysisImpCGroupModel and ?,unclassified,,,
00c8a8b0,585,FUN_00c8a8b0,between MapAnalysisImpCGroupModel and ?,unclassified,,,
00c8ab00,37,FUN_00c8ab00,between MapAnalysisImpCGroupModel and ?,unclassified,,,
00c8ab30,39,FUN_00c8ab30,between MapAnalysisImpCGroupModel and ?,unclassified,,,
00c8ab60,37,FUN_00c8ab60,between MapAnalysisImpCGroupModel and ?,unclassified,,,
00c8ab90,39,FUN_00c8ab90,between MapAnalysisImpCGroupModel and ?,unclassified,,,
00c8abc0,37,FUN_00c8abc0,between MapAnalysisImpCGroupModel and ?,unclassified,,,
00c8abf0,79,FUN_00c8abf0,between MapAnalysisImpCGroupModel and ?,unclassified,,,
00c8ac40,83,FUN_00c8ac40,between MapAnalysisImpCGroupModel and ?,unclassified,,,
00c8aca0,31,FUN_00c8aca0,between MapAnalysisImpCGroupModel and ?,unclassified,,,
00c8acc0,84,FUN_00c8acc0,between MapAnalysisImpCGroupModel and ?,unclassified,,,
00c8ad20,70,FUN_00c8ad20,between MapAnalysisImpCGroupModel and ?,unclassified,,,
00c8ad70,35,FUN_00c8ad70,between MapAnalysisImpCGroupModel and ?,unclassified,,,
00c8ada0,33,FUN_00c8ada0,between MapAnalysisImpCGroupModel and ?,unclassified,,,
00c8add0,17,FUN_00c8add0,between MapAnalysisImpCGroupModel and ?,unclassified,,,
00c8adf0,19,FUN_00c8adf0,between MapAnalysisImpCGroupModel and ?,unclassified,,,
00c8ae10,17,FUN_00c8ae10,between MapAnalysisImpCGroupModel and ?,unclassified,,,
00c8ae30,17,FUN_00c8ae30,between MapAnalysisImpCGroupModel and ?,unclassified,,,
00c8ae90,73,FUN_00c8ae90,between MapAnalysisImpCGroupModel and ?,unclassified,FileFormat_DispatchFormat,body,0.90
00c8aee0,102,FUN_00c8aee0,between MapAnalysisImpCGroupModel and ?,unclassified,ThreadMsg_PumpAndWaitForCompletion,body,0.88
00c8afb0,103,FUN_00c8afb0,between MapAnalysisImpCGroupModel and ?,unclassified,COM_GetInputPin,size-run,0.75
00c8b030,28,FUN_00c8b030,between MapAnalysisImpCGroupModel and ?,unclassified,WorldFrameUpdate,size-run,
00c8b060,26,FUN_00c8b060,between MapAnalysisImpCGroupModel and ?,unclassified,operator(),size-run,
00c8b110,48,Wrap_ResetEvent_00c8b110,between MapAnalysisImpCGroupModel and ?,Win32/CRT wrapper,OnResize,size-run,
00c8b140,124,FUN_00c8b140,between MapAnalysisImpCGroupModel and ?,unclassified,Audio_ProcessEventWithCallback,size-run,0.47
00c8b200,41,FUN_00c8b200,between MapAnalysisImpCGroupModel and ?,unclassified,ClipBox,size-run,
00c8b230,93,FUN_00c8b230,between MapAnalysisImpCGroupModel and ?,unclassified,RemoveExclusiveForegroundWindow,size-run,
00c8b290,97,FUN_00c8b290,between MapAnalysisImpCGroupModel and ?,unclassified,ReleaseVolume,size-run,
00c8b300,96,FUN_00c8b300,between MapAnalysisImpCGroupModel and ?,unclassified,Audio_SynchronizeWithCriticalSection,size-run,1.00
00c8b360,156,FUN_00c8b360,between MapAnalysisImpCGroupModel and ?,unclassified,CSurface::GetRefCountAndLock,size-run,0.53
00c8b400,32,Wrap_timeKillEvent_00c8b400,between MapAnalysisImpCGroupModel and ?,Win32/CRT wrapper,ClearTextures,size-run,
00c8b420,166,FUN_00c8b420,between MapAnalysisImpCGroupModel and ?,unclassified,Audio_StartPlayback,size-run,1.00
00c8b4d0,104,FUN_00c8b4d0,between MapAnalysisImpCGroupModel and ?,unclassified,CVolume_Shutdown,size-run,1.00
00c8b540,39,FUN_00c8b540,between MapAnalysisImpCGroupModel and ?,unclassified,ClipBox,size-run,
00c8b5e0,75,Ctor_vt00dad9a0_00c8b5e0,between MapAnalysisImpCGroupModel and ?,constructor,CAIStateGroup_WhisperPotionCombat,size-run,
00c8b630,159,FUN_00c8b630,between MapAnalysisImpCGroupModel and ?,unclassified,Engine_AddPrimitiveToRenderer,size-run,0.49
00c8b6d0,157,FUN_00c8b6d0,between MapAnalysisImpCGroupModel and ?,unclassified,OpenGate,size-run,
00c8b770,147,FUN_00c8b770,between MapAnalysisImpCGroupModel and ?,unclassified,Engine_RemovePrimitive,size-run,1.00
00c8b810,31,FUN_00c8b810,between MapAnalysisImpCGroupModel and ?,unclassified,DetachTarget,size-run,
00c8b860,58,FUN_00c8b860,between MapAnalysisImpCGroupModel and ?,unclassified,,,
00c8b910,191,FUN_00c8b910,between MapAnalysisImpCGroupModel and ?,unclassified,OnActivate,size-run,
00c8b9f0,25,Wrap_timeGetTime_00c8b9f0,between MapAnalysisImpCGroupModel and ?,Win32/CRT wrapper,IsTalking,size-run,
00c8ba30,15,FUN_00c8ba30,between MapAnalysisImpCGroupModel and ?,unclassified,CallCommandFunction,size-run,
00c8ba60,16,FUN_00c8ba60,between MapAnalysisImpCGroupModel and ?,unclassified,operator==,size-run,
00c8bb80,16,FUN_00c8bb80,between MapAnalysisImpCGroupModel and ?,unclassified,operator==,size-run,
00c8bbe0,100,FUN_00c8bbe0,between MapAnalysisImpCGroupModel and ?,unclassified,Audio_SleepUntilFrameTime,size-run,1.00
00c8bc50,43,Wrap_timeGetTime_00c8bc50,between MapAnalysisImpCGroupModel and ?,Win32/CRT wrapper,WriteToFile,size-run,
00c8bc80,127,FUN_00c8bc80,between MapAnalysisImpCGroupModel and ?,unclassified,Audio_UpdateFrameTimings,size-run,1.00
00c8bd50,366,FUN_00c8bd50,between MapAnalysisImpCGroupModel and ?,unclassified,Audio_ProcessTimeAdjustment,size-run,0.84
00c8bec0,1138,FUN_00c8bec0,between MapAnalysisImpCGroupModel and ?,unclassified,Audio_AdjustBufferLevel,size-run,0.52
00c8c3c0,54,FUN_00c8c3c0,between MapAnalysisImpCGroupModel and ?,unclassified,COM_GetValue,size-run,1.00
00c8c410,54,FUN_00c8c410,between MapAnalysisImpCGroupModel and ?,unclassified,CritSec_GetField44_Locked,size-run,1.00
00c8c460,113,FUN_00c8c460,between MapAnalysisImpCGroupModel and ?,unclassified,GetCalculatedValue_WithTimeElapsed,size-run,1.00
00c8c4e0,107,FUN_00c8c4e0,between MapAnalysisImpCGroupModel and ?,unclassified,CritSec_GetDividedValue_Locked,size-run,0.83
00c8c550,101,Math_IntegerSqrt,between MapAnalysisImpCGroupModel and ?,named,Math_IntegerSquareRoot,size-run,1.00
00c8c5c0,196,FUN_00c8c5c0,between MapAnalysisImpCGroupModel and ?,unclassified,AudioDevice_ComputeLatencyDelta,size-run,0.73
00c8c780,80,FUN_00c8c780,between MapAnalysisImpCGroupModel and ?,unclassified,,,
00c8c830,248,Ctor_vt00dada30_00c8c830,between MapAnalysisImpCGroupModel and ?,constructor,,,
00c8c970,216,Dtor_00c8c970,between MapAnalysisImpCGroupModel and ?,destructor,,,
00c8ca50,298,FUN_00c8ca50,between MapAnalysisImpCGroupModel and ?,unclassified,,,
00c8cbb0,99,FUN_00c8cbb0,between MapAnalysisImpCGroupModel and ?,unclassified,Audio_WaitForBufferEvent,body,1.00
00c8cc20,77,FUN_00c8cc20,between MapAnalysisImpCGroupModel and ?,unclassified,,,
00c8cc70,93,FUN_00c8cc70,between MapAnalysisImpCGroupModel and ?,unclassified,,,
00c8cdb0,312,FUN_00c8cdb0,between MapAnalysisImpCGroupModel and ?,unclassified,CAudioBank_Stop,body,0.97
00c8cef0,313,FUN_00c8cef0,between MapAnalysisImpCGroupModel and ?,unclassified,,,
00c8d030,207,FUN_00c8d030,between MapAnalysisImpCGroupModel and ?,unclassified,,,
00c8d100,52,Wrap_SetEvent_00c8d100,between MapAnalysisImpCGroupModel and ?,Win32/CRT wrapper,AudioThread_RequestStop,body,1.00
00c8d140,53,FUN_00c8d140,between MapAnalysisImpCGroupModel and ?,unclassified,AudioThread_StopAndWait,body,0.82
00c8d180,53,FUN_00c8d180,between MapAnalysisImpCGroupModel and ?,unclassified,,,
00c8d1c0,117,FUN_00c8d1c0,between MapAnalysisImpCGroupModel and ?,unclassified,,,
00c8d240,460,FUN_00c8d240,between MapAnalysisImpCGroupModel and ?,unclassified,CEngine_InitializeRender_WithSurface,body,0.71
00c8d590,154,FUN_00c8d590,between MapAnalysisImpCGroupModel and ?,unclassified,ScheduleTimer_ForScreenRefresh,body,0.67
00c8d630,74,FUN_00c8d630,between MapAnalysisImpCGroupModel and ?,unclassified,,,
00c8d680,150,FUN_00c8d680,between MapAnalysisImpCGroupModel and ?,unclassified,,,
00c8d720,178,FUN_00c8d720,between MapAnalysisImpCGroupModel and ?,unclassified,,,
00c8d7e0,27,ScalarDeletingDtor_00c8d7e0,between MapAnalysisImpCGroupModel and ?,scalar deleting destructor,,,
00c8d910,45,Dtor_00c8d910,between MapAnalysisImpCGroupModel and ?,destructor,,,
00c8d940,27,ScalarDeletingDtor_00c8d940,between MapAnalysisImpCGroupModel and ?,scalar deleting destructor,,,
00c8d960,103,Ctor_vt00dadb70_00c8d960,between MapAnalysisImpCGroupModel and ?,constructor,,,
00c8d9d0,27,ScalarDeletingDtor_00c8d9d0,between MapAnalysisImpCGroupModel and ?,scalar deleting destructor,,,
00c8da10,135,FUN_00c8da10,between MapAnalysisImpCGroupModel and ?,unclassified,,,
00c8db00,161,FUN_00c8db00,between MapAnalysisImpCGroupModel and ?,unclassified,,,
00c8dc80,19,FUN_00c8dc80,between MapAnalysisImpCGroupModel and ?,unclassified,,,
00c8dcf0,80,FUN_00c8dcf0,between MapAnalysisImpCGroupModel and ?,unclassified,,,
00c8dd40,194,FUN_00c8dd40,between MapAnalysisImpCGroupModel and ?,unclassified,Audio_SetDeviceSource,body,0.84
00c8de20,67,FUN_00c8de20,between MapAnalysisImpCGroupModel and ?,unclassified,,,
00c8df10,88,Dtor_00c8df10,between MapAnalysisImpCGroupModel and ?,destructor,GetMeshesUsed,size-run,
00c8dff0,42,Wrap_InterlockedDecrement_00c8dff0,between MapAnalysisImpCGroupModel and ?,Win32/CRT wrapper,InterlockedDecrement_WithCleanup,size-run,1.00
00c8e020,48,FUN_00c8e020,between MapAnalysisImpCGroupModel and ?,unclassified,GetNoFaces,size-run,
00c8e050,40,FUN_00c8e050,between MapAnalysisImpCGroupModel and ?,unclassified,GetNoFaces,size-run,
00c8e120,42,Wrap_InterlockedDecrement_00c8e120,between MapAnalysisImpCGroupModel and ?,Win32/CRT wrapper,InterlockedDecrement_WithCleanup_AtOffset4,size-run,1.00
00c8e150,29,FUN_00c8e150,between MapAnalysisImpCGroupModel and ?,unclassified,Init,size-run,
00c8e170,46,FUN_00c8e170,between MapAnalysisImpCGroupModel and ?,unclassified,~WaypointData,size-run,
00c8e1d0,125,FUN_00c8e1d0,between MapAnalysisImpCGroupModel and ?,unclassified,MovableResourceMemoryPool_CheckGUID,size-run,0.54
00c8e2b0,5,FUN_00c8e2b0,between MapAnalysisImpCGroupModel and ?,unclassified,,,
00c8e2d0,26,FUN_00c8e2d0,between MapAnalysisImpCGroupModel and ?,unclassified,,,
00c8e300,42,FUN_00c8e300,between MapAnalysisImpCGroupModel and ?,unclassified,,,
00c8e330,25,FUN_00c8e330,between MapAnalysisImpCGroupModel and ?,unclassified,,,
00c8e350,25,FUN_00c8e350,between MapAnalysisImpCGroupModel and ?,unclassified,,,
00c8e690,110,FUN_00c8e690,between MapAnalysisImpCGroupModel and ?,unclassified,GetWideStringData_CopyToOutput,body,0.84
00c8e7d0,5,FUN_00c8e7d0,between MapAnalysisImpCGroupModel and ?,unclassified,,,
00c8e820,50,FUN_00c8e820,between MapAnalysisImpCGroupModel and ?,unclassified,,,
00c8e870,22,FUN_00c8e870,between MapAnalysisImpCGroupModel and ?,unclassified,,,
00c8e890,70,FUN_00c8e890,between MapAnalysisImpCGroupModel and ?,unclassified,COM_QueryInterface_012a9a24,body,0.75
00c8e8e0,75,FUN_00c8e8e0,between MapAnalysisImpCGroupModel and ?,unclassified,,,
00c8e950,240,FUN_00c8e950,between MapAnalysisImpCGroupModel and ?,unclassified,Com_CreateWithFallback,body,0.91
00c8eac0,29,FUN_00c8eac0,between MapAnalysisImpCGroupModel and ?,unclassified,,,
00c8eae0,27,FUN_00c8eae0,between MapAnalysisImpCGroupModel and ?,unclassified,,,
00c8ebb0,94,FUN_00c8ebb0,between MapAnalysisImpCGroupModel and ?,unclassified,ReleaseVolume,size-run,
00c8edc0,49,FUN_00c8edc0,between MapAnalysisImpCGroupModel and ?,unclassified,GetRefCount,size-run,
00c8ee00,339,FUN_00c8ee00,between MapAnalysisImpCGroupModel and ?,unclassified,AudioFile_QueryCapabilities,size-run,1.00
00c8ef60,82,FUN_00c8ef60,between MapAnalysisImpCGroupModel and ?,unclassified,FindMatchingElement_InArray,size-run,1.00
00c8efc0,182,FUN_00c8efc0,between MapAnalysisImpCGroupModel and ?,unclassified,Enumerate_QueryInterface_012a9a24,size-run,1.00
00c8f080,37,FUN_00c8f080,between MapAnalysisImpCGroupModel and ?,unclassified,ChangeScene,size-run,
00c8f0b0,41,FUN_00c8f0b0,between MapAnalysisImpCGroupModel and ?,unclassified,Audio_ResetFlaggedState,body,1.00
00c8f170,207,FUN_00c8f170,between MapAnalysisImpCGroupModel and ?,unclassified,,,
00c8f2f0,91,FUN_00c8f2f0,between MapAnalysisImpCGroupModel and ?,unclassified,DecrementRefcount_AndCleanup,size-run,1.00
00c8f660,86,FUN_00c8f660,between MapAnalysisImpCGroupModel and ?,unclassified,CBankFileAsyncData_SetImmContext,size-run,0.45
00c8f900,88,Dtor_00c8f900,between MapAnalysisImpCGroupModel and ?,destructor,~CPatchTesselationEdgeStrip,size-run,
00c8f960,15,FUN_00c8f960,between MapAnalysisImpCGroupModel and ?,unclassified,Thunk_VirtualMethod_0,size-run,1.00
00c8f970,16,FUN_00c8f970,between MapAnalysisImpCGroupModel and ?,unclassified,Thunk_VirtualMethod_1,size-run,1.00
00c8f980,16,FUN_00c8f980,between MapAnalysisImpCGroupModel and ?,unclassified,Thunk_VirtualMethod_2,size-run,1.00
00c8fa90,64,FUN_00c8fa90,between MapAnalysisImpCGroupModel and ?,unclassified,TransferBinaryOut,size-run,
00c8fad0,127,FUN_00c8fad0,between MapAnalysisImpCGroupModel and ?,unclassified,Audio_SignalShutdown,size-run,1.00
00c8fb50,282,FUN_00c8fb50,between MapAnalysisImpCGroupModel and ?,unclassified,WaitForAsyncCompletion_WithRetry,size-run,0.96
00c8fc70,52,FUN_00c8fc70,between MapAnalysisImpCGroupModel and ?,unclassified,NHitLocations_TransferBinaryOut_WithRefcount,size-run,0.36
00c8fcb0,42,FUN_00c8fcb0,between MapAnalysisImpCGroupModel and ?,unclassified,ClipBox,size-run,
00c8fd00,68,Wrap_ResetEvent_00c8fd00,between MapAnalysisImpCGroupModel and ?,Win32/CRT wrapper,GetCurrentChange,size-run,
00c8fd50,45,Wrap_SetEvent_00c8fd50,between MapAnalysisImpCGroupModel and ?,Win32/CRT wrapper,GetAnims,size-run,
00c8fd80,41,Wrap_SetEvent_00c8fd80,between MapAnalysisImpCGroupModel and ?,Win32/CRT wrapper,GetAnims,size-run,
00c8fdb0,41,Wrap_ResetEvent_00c8fdb0,between MapAnalysisImpCGroupModel and ?,Win32/CRT wrapper,GetAnims,size-run,
00c8fde0,207,FUN_00c8fde0,between MapAnalysisImpCGroupModel and ?,unclassified,CAudioBank_ExecuteCommand,size-run,0.45
00c8fef0,58,FUN_00c8fef0,between MapAnalysisImpCGroupModel and ?,unclassified,Object_AcquireField26,size-run,1.00
00c8ff70,108,FUN_00c8ff70,between MapAnalysisImpCGroupModel and ?,unclassified,~CVertexShaderData,size-run,
00c90130,83,FUN_00c90130,between MapAnalysisImpCGroupModel and ?,unclassified,GetVectorFields_Locked,size-run,1.00
00c902b0,60,FUN_00c902b0,between MapAnalysisImpCGroupModel and ?,unclassified,GetBufferOffset_Locked,size-run,1.00
00c902f0,32,Wrap_ReleaseSemaphore_00c902f0,between MapAnalysisImpCGroupModel and ?,Win32/CRT wrapper,OnKill,size-run,
00c903d0,188,FUN_00c903d0,between MapAnalysisImpCGroupModel and ?,unclassified,CScriptDefinitionManager_SignalCompletion,size-run,0.96
00c90500,281,FUN_00c90500,between MapAnalysisImpCGroupModel and ?,unclassified,AllocateAndValidateMemoryRange,size-run,1.00
00c90630,69,FUN_00c90630,between MapAnalysisImpCGroupModel and ?,unclassified,CScriptDefinitionManager::DeallocateScriptEntries,size-run,1.00
00c90680,96,Dtor_00c90680,between MapAnalysisImpCGroupModel and ?,destructor,~CScriptDefinitionManager,size-run,
00c90710,471,FUN_00c90710,between MapAnalysisImpCGroupModel and ?,unclassified,FileArchive_ValidateAndLoad,size-run,1.00
00c90950,13,FUN_00c90950,between MapAnalysisImpCGroupModel and ?,unclassified,Uninitialise,size-run,
00c90a00,89,FUN_00c90a00,between MapAnalysisImpCGroupModel and ?,unclassified,ReleaseVolume,size-run,
00c90d30,46,FUN_00c90d30,between MapAnalysisImpCGroupModel and ?,unclassified,,,
00c90ea0,162,FUN_00c90ea0,between MapAnalysisImpCGroupModel and ?,unclassified,CAudioBank_PauseAllSounds,size-run,1.00
00c90f50,192,FUN_00c90f50,between MapAnalysisImpCGroupModel and ?,unclassified,CAudioBank_ResumeAllSounds,size-run,1.00
00c91010,266,FUN_00c91010,between MapAnalysisImpCGroupModel and ?,unclassified,CAudioBank_SetAudioFormat,size-run,1.00
00c91120,225,FUN_00c91120,between MapAnalysisImpCGroupModel and ?,unclassified,FindEntryByString_InList,size-run,0.79
00c91300,27,ScalarDeletingDtor_00c91300,between MapAnalysisImpCGroupModel and ?,scalar deleting destructor,`vector_deleting_destructor',size-run,
00c91330,276,FUN_00c91330,between MapAnalysisImpCGroupModel and ?,unclassified,PopNodes_FromList_UpToCount,size-run,0.93
00c91450,63,FUN_00c91450,between MapAnalysisImpCGroupModel and ?,unclassified,SkipNodes_InList_ByCount,size-run,1.00
00c91490,40,Ctor_vt00dadc54_00c91490,between MapAnalysisImpCGroupModel and ?,constructor,,,
00c91700,174,FUN_00c91700,between MapAnalysisImpCGroupModel and ?,unclassified,VirtualFileSystem_TransactionExecute,body,0.62
00c917b0,219,FUN_00c917b0,between MapAnalysisImpCGroupModel and ?,unclassified,AudioBank_ExecuteAsyncTransaction,body,0.74
00c91890,215,FUN_00c91890,between MapAnalysisImpCGroupModel and ?,unclassified,AudioBank_LoadAsyncWithRetry,body,0.66
00c91a30,41,ScalarDeletingDtor_00c91a30,between MapAnalysisImpCGroupModel and ?,scalar deleting destructor,,,
00c91a70,27,ScalarDeletingDtor_00c91a70,between MapAnalysisImpCGroupModel and ?,scalar deleting destructor,,,
00c91a90,281,FUN_00c91a90,between MapAnalysisImpCGroupModel and ?,unclassified,,,
00c91bb0,305,FUN_00c91bb0,between MapAnalysisImpCGroupModel and ?,unclassified,CAudioBank_LoadAsync,body,0.85
00c91df0,27,ScalarDeletingDtor_00c91df0,between MapAnalysisImpCGroupModel and ?,scalar deleting destructor,,,
00c91e90,198,Ctor_vt00dadc34_00c91e90,between MapAnalysisImpCGroupModel and ?,constructor,,,
00c92000,82,Ctor_vt00dadc54_00c92000,between MapAnalysisImpCGroupModel and ?,constructor,,,
00c92100,249,FUN_00c92100,between MapAnalysisImpCGroupModel and ?,unclassified,,,
00c92310,171,FUN_00c92310,between MapAnalysisImpCGroupModel and ?,unclassified,,,
00c923c0,57,FUN_00c923c0,between MapAnalysisImpCGroupModel and ?,unclassified,,,
00c92400,84,FUN_00c92400,between MapAnalysisImpCGroupModel and ?,unclassified,,,
00c924a0,241,Ctor_vt00dadd40_00c924a0,between MapAnalysisImpCGroupModel and ?,constructor,,,
00c925a0,149,FUN_00c925a0,between MapAnalysisImpCGroupModel and ?,unclassified,NHitLocations::CPhysicalPrimitiveCylinder_TransferBinaryOutAsync,body,0.69
00c92640,210,FUN_00c92640,between MapAnalysisImpCGroupModel and ?,unclassified,,,
00c929e0,94,FUN_00c929e0,between MapAnalysisImpCGroupModel and ?,unclassified,,,
00c92ad0,162,FUN_00c92ad0,between MapAnalysisImpCGroupModel and ?,unclassified,,,
00c92b80,212,Ctor_vt00daddd4_00c92b80,between MapAnalysisImpCGroupModel and ?,constructor,,,
00c92c80,42,FUN_00c92c80,between MapAnalysisImpCGroupModel and ?,unclassified,C3DMeshFileGroupChunk,size-run,
00c92cb0,26,Wrap_LoadLibraryA_00c92cb0,between MapAnalysisImpCGroupModel and ?,Win32/CRT wrapper,OnDie,size-run,
00c92d10,33,FUN_00c92d10,between MapAnalysisImpCGroupModel and ?,unclassified,?CreateNewInstance@C3DMeshFileGroupChunk@@UBEPAVCChunkedFileChunk@@XZ,size-run,
00c92db0,40,Wrap_InterlockedIncrement_00c92db0,between MapAnalysisImpCGroupModel and ?,Win32/CRT wrapper,C3DAnimFileXSequenceChunk,size-run,
00c92de0,71,FUN_00c92de0,between MapAnalysisImpCGroupModel and ?,unclassified,OnDie,size-run,
00c92e30,31,Wrap_InterlockedIncrement_00c92e30,between MapAnalysisImpCGroupModel and ?,Win32/CRT wrapper,?CreateNewInstance@C3DMeshFileVerticesChunk@@UBEPAVCChunkedFileChunk@@XZ,size-run,
00c92e90,106,FUN_00c92e90,between MapAnalysisImpCGroupModel and ?,unclassified,,,
00c92f20,84,FUN_00c92f20,between MapAnalysisImpCGroupModel and ?,unclassified,,,
00c92f80,51,FUN_00c92f80,between MapAnalysisImpCGroupModel and ?,unclassified,,,
00c92fc0,100,FUN_00c92fc0,between MapAnalysisImpCGroupModel and ?,unclassified,,,
00c93030,125,Dtor_00c93030,between MapAnalysisImpCGroupModel and ?,destructor,,,
00c930b0,37,FUN_00c930b0,between MapAnalysisImpCGroupModel and ?,unclassified,,,
00c93100,58,FUN_00c93100,between MapAnalysisImpCGroupModel and ?,unclassified,,,
00c93190,72,Ctor_vt00db1314_00c93190,between MapAnalysisImpCGroupModel and ?,constructor,,,
00c93230,133,Dtor_00c93230,between MapAnalysisImpCGroupModel and ?,destructor,,,
00c932c0,207,FUN_00c932c0,between MapAnalysisImpCGroupModel and ?,unclassified,,,
00c933a0,29,FUN_00c933a0,between MapAnalysisImpCGroupModel and ?,unclassified,,,
00c933c0,84,FUN_00c933c0,between MapAnalysisImpCGroupModel and ?,unclassified,,,
00c93420,150,Ctor_vt00db12a4_00c93420,between MapAnalysisImpCGroupModel and ?,constructor,,,
00c934c0,27,ScalarDeletingDtor_00c934c0,between MapAnalysisImpCGroupModel and ?,scalar deleting destructor,,,
00c934e0,180,FUN_00c934e0,between MapAnalysisImpCGroupModel and ?,unclassified,,,
00c935a0,170,FUN_00c935a0,between MapAnalysisImpCGroupModel and ?,unclassified,,,
00c93650,293,FUN_00c93650,between MapAnalysisImpCGroupModel and ?,unclassified,,,
00c93780,202,FUN_00c93780,between MapAnalysisImpCGroupModel and ?,unclassified,,,
00c93850,152,FUN_00c93850,between MapAnalysisImpCGroupModel and ?,unclassified,,,
00c93900,269,FUN_00c93900,between MapAnalysisImpCGroupModel and ?,unclassified,,,
00c93a10,27,ScalarDeletingDtor_00c93a10,between MapAnalysisImpCGroupModel and ?,scalar deleting destructor,,,
00c93a30,34,EnlargedUnsignedDivide,between MapAnalysisImpCGroupModel and ?,named,,,
00c93a60,28,Wrap_CreateEventA_00c93a60,between MapAnalysisImpCGroupModel and ?,Win32/CRT wrapper,,,
00c93a80,14,Wrap_CloseHandle_00c93a80,between MapAnalysisImpCGroupModel and ?,Win32/CRT wrapper,,,
00c93a90,118,LH_TimedWait,between MapAnalysisImpCGroupModel and ?,named,,,
00c93b50,34,FUN_00c93b50,between MapAnalysisImpCGroupModel and ?,unclassified,,,
00c93b80,55,FUN_00c93b80,between MapAnalysisImpCGroupModel and ?,unclassified,,,
00c93bc0,61,FUN_00c93bc0,between MapAnalysisImpCGroupModel and ?,unclassified,,,
00c93c70,18,FUN_00c93c70,between MapAnalysisImpCGroupModel and ?,unclassified,,,
00c93d10,57,FUN_00c93d10,between MapAnalysisImpCGroupModel and ?,unclassified,,,
00c93d50,81,FUN_00c93d50,between MapAnalysisImpCGroupModel and ?,unclassified,MemMove,body,0.99
00c93db0,779,FUN_00c93db0,between MapAnalysisImpCGroupModel and ?,unclassified,Math_Divide64bit,body,0.93
00c94100,493,FUN_00c94100,between MapAnalysisImpCGroupModel and ?,unclassified,SignedDecimal_Divide,body,0.89
00c94350,95,FUN_00c94350,between MapAnalysisImpCGroupModel and ?,unclassified,COM_AllocateWideString,body,0.62
00c943b0,520,LH_DirectShow_MessagePump,between MapAnalysisImpCGroupModel and ?,named,OS_WaitForMultipleObjectsWithMessages,body,0.68
00c945c0,29,Wrap_GetLastError_00c945c0,between MapAnalysisImpCGroupModel and ?,Win32/CRT wrapper,Win32ErrorToHRESULT,body,1.00
00c946a0,66,FUN_00c946a0,between MapAnalysisImpCGroupModel and ?,unclassified,,,
00c946f0,83,FUN_00c946f0,between MapAnalysisImpCGroupModel and ?,unclassified,,,
00c94750,73,lpStartAddress_00c94750,between MapAnalysisImpCGroupModel and ?,named,,,
00c947a0,81,FUN_00c947a0,between MapAnalysisImpCGroupModel and ?,unclassified,,,
00c94800,84,FUN_00c94800,between MapAnalysisImpCGroupModel and ?,unclassified,CThreadMessage::Send,body,0.65
00c94860,20,Wrap_WaitForSingleObject_00c94860,between MapAnalysisImpCGroupModel and ?,Win32/CRT wrapper,,,
00c94880,47,Wrap_WaitForSingleObject_00c94880,between MapAnalysisImpCGroupModel and ?,Win32/CRT wrapper,CThreadMessage::TryReceive,body,0.71
00c948b0,34,FUN_00c948b0,between MapAnalysisImpCGroupModel and ?,unclassified,,,
00c948e0,161,FUN_00c948e0,between MapAnalysisImpCGroupModel and ?,unclassified,CFileInstaller::Destructor,body,0.66
00c94990,109,FUN_00c94990,between MapAnalysisImpCGroupModel and ?,unclassified,COM_CoInitializeMainLoop,body,1.00
00c94a00,173,FUN_00c94a00,between MapAnalysisImpCGroupModel and ?,unclassified,,,
00c94b40,24,FUN_00c94b40,between MapAnalysisImpCGroupModel and ?,unclassified,Std_MemCmp_Dwords,body,1.00
00c94b60,29,FUN_00c94b60,between MapAnalysisImpCGroupModel and ?,unclassified,,,
00c94b80,32,FUN_00c94b80,between MapAnalysisImpCGroupModel and ?,unclassified,,,
00c94bb0,10,FUN_00c94bb0,between MapAnalysisImpCGroupModel and ?,unclassified,,,
00c94bc0,32,FUN_00c94bc0,between MapAnalysisImpCGroupModel and ?,unclassified,,,
00c94be0,32,Wrap_CoTaskMemFree_00c94be0,between MapAnalysisImpCGroupModel and ?,Win32/CRT wrapper,"Stack<unsigned_long,64>::~Stack<unsigned_long,64>",size-run,
00c94c00,87,FUN_00c94c00,between MapAnalysisImpCGroupModel and ?,unclassified,COM_AllocAndCacheBuffer,size-run,0.80
00c94c60,121,FUN_00c94c60,between MapAnalysisImpCGroupModel and ?,unclassified,COM_AllocAndCacheBuffer_WithCopy,size-run,0.90
00c94ce0,27,FUN_00c94ce0,between MapAnalysisImpCGroupModel and ?,unclassified,CEntry,size-run,
00c94d00,52,FUN_00c94d00,between MapAnalysisImpCGroupModel and ?,unclassified,AudioBank_MatchesSignature,size-run,1.00
00c94d40,170,FUN_00c94d40,between MapAnalysisImpCGroupModel and ?,unclassified,AudioBank_CompareTransactionKeys,size-run,0.74
00c94df0,103,FUN_00c94df0,between MapAnalysisImpCGroupModel and ?,unclassified,COM_CopyVariant,body,1.00
00c94ed0,56,FUN_00c94ed0,between MapAnalysisImpCGroupModel and ?,unclassified,,,
00c94f10,29,FUN_00c94f10,between MapAnalysisImpCGroupModel and ?,unclassified,,,
00c94f70,34,FUN_00c94f70,between MapAnalysisImpCGroupModel and ?,unclassified,,,
00c94fd0,101,FUN_00c94fd0,between MapAnalysisImpCGroupModel and ?,unclassified,,,
00c95060,91,FUN_00c95060,between MapAnalysisImpCGroupModel and ?,unclassified,,,
00c950d0,27,FUN_00c950d0,between MapAnalysisImpCGroupModel and ?,unclassified,,,
00c95130,71,FUN_00c95130,between MapAnalysisImpCGroupModel and ?,unclassified,,,
00c95180,49,FUN_00c95180,between MapAnalysisImpCGroupModel and ?,unclassified,,,
00c95210,19,FUN_00c95210,between MapAnalysisImpCGroupModel and ?,unclassified,,,
00c95390,38,FUN_00c95390,between MapAnalysisImpCGroupModel and ?,unclassified,,,
00c953c0,194,FUN_00c953c0,between MapAnalysisImpCGroupModel and ?,unclassified,,,
00c95640,438,FUN_00c95640,between MapAnalysisImpCGroupModel and ?,unclassified,,,
00c95860,152,FUN_00c95860,between MapAnalysisImpCGroupModel and ?,unclassified,,,
00c95a00,78,Ctor_vt00db15e8_00c95a00,between MapAnalysisImpCGroupModel and ?,constructor,,,
00c95a80,24,FUN_00c95a80,between MapAnalysisImpCGroupModel and ?,unclassified,,,
00c95c40,104,Dtor_00c95c40,between MapAnalysisImpCGroupModel and ?,destructor,,,
00c95cb0,163,FUN_00c95cb0,between MapAnalysisImpCGroupModel and ?,unclassified,,,
00c95d60,24,FUN_00c95d60,between MapAnalysisImpCGroupModel and ?,unclassified,,,
00c95df0,95,FUN_00c95df0,between MapAnalysisImpCGroupModel and ?,unclassified,,,
00c95e70,77,FUN_00c95e70,between MapAnalysisImpCGroupModel and ?,unclassified,,,
00c95ec0,122,FUN_00c95ec0,between MapAnalysisImpCGroupModel and ?,unclassified,,,
00c95f40,384,FUN_00c95f40,between MapAnalysisImpCGroupModel and ?,unclassified,,,
00c960c0,177,FUN_00c960c0,between MapAnalysisImpCGroupModel and ?,unclassified,,,
00c96180,239,FUN_00c96180,between MapAnalysisImpCGroupModel and ?,unclassified,,,
00c96270,218,FUN_00c96270,between MapAnalysisImpCGroupModel and ?,unclassified,,,
00c963a0,27,ScalarDeletingDtor_00c963a0,between MapAnalysisImpCGroupModel and ?,scalar deleting destructor,,,
00c965d0,78,Ctor_vt00db1680_00c965d0,between MapAnalysisImpCGroupModel and ?,constructor,,,
00c96620,27,ScalarDeletingDtor_00c96620,between MapAnalysisImpCGroupModel and ?,scalar deleting destructor,,,
00c96640,67,FUN_00c96640,between MapAnalysisImpCGroupModel and ?,unclassified,,,
00c96700,303,FUN_00c96700,between MapAnalysisImpCGroupModel and ?,unclassified,,,
00c96830,13,FUN_00c96830,between MapAnalysisImpCGroupModel and ?,unclassified,,,
00c96860,221,FUN_00c96860,between MapAnalysisImpCGroupModel and ?,unclassified,COM_LoadTypeLibrary,body,0.97
00c96eb0,90,FUN_00c96eb0,between MapAnalysisImpCGroupModel and ?,unclassified,COM_QueryInterface_Wrapper2,size-run,0.54
00c96f10,90,FUN_00c96f10,between MapAnalysisImpCGroupModel and ?,unclassified,COM_QueryInterface_Wrapper,size-run,0.54
00c976c0,169,FUN_00c976c0,between MapAnalysisImpCGroupModel and ?,unclassified,COM_InitializeFromDispatch,size-run,0.76
00c97770,63,FUN_00c97770,between MapAnalysisImpCGroupModel and ?,unclassified,SetTargetVertexNormal,size-run,
00c977b0,179,FUN_00c977b0,between MapAnalysisImpCGroupModel and ?,unclassified,CThreadedManager::ExecuteTask,size-run,0.50
00c97870,47,FUN_00c97870,between MapAnalysisImpCGroupModel and ?,unclassified,CTCGraphicAppearanceMultipleStaticMeshes,size-run,
00c978a0,87,FUN_00c978a0,between MapAnalysisImpCGroupModel and ?,unclassified,CSurface_GetRefCountAndLock,size-run,1.00
00c97c20,120,FUN_00c97c20,between MapAnalysisImpCGroupModel and ?,unclassified,StackCheck_ValidateFrame,size-run,0.85
00c98460,439,FUN_00c98460,between MapAnalysisImpCGroupModel and ?,unclassified,Variant_CopyVariantArray,size-run,0.78
00c98660,95,FUN_00c98660,between MapAnalysisImpCGroupModel and ?,unclassified,Unwind_Cleanup,size-run,0.89
00c98730,47,FUN_00c98730,between MapAnalysisImpCGroupModel and ?,unclassified,GetAnims,size-run,
00c98800,332,FUN_00c98800,between MapAnalysisImpCGroupModel and ?,unclassified,COM_InitializeTypeLibrary,body,0.98
00c989f0,9,FUN_00c989f0,between MapAnalysisImpCGroupModel and ?,unclassified,,,
00c98a00,9,FUN_00c98a00,between MapAnalysisImpCGroupModel and ?,unclassified,,,
00c98a10,9,FUN_00c98a10,between MapAnalysisImpCGroupModel and ?,unclassified,,,
00c98a20,9,FUN_00c98a20,between MapAnalysisImpCGroupModel and ?,unclassified,,,
00c98a60,118,FUN_00c98a60,between MapAnalysisImpCGroupModel and ?,unclassified,,,
00c98b20,19,FUN_00c98b20,between MapAnalysisImpCGroupModel and ?,unclassified,,,
00c98b40,75,FUN_00c98b40,between MapAnalysisImpCGroupModel and ?,unclassified,,,
00c98ce0,501,Ctor_vt00db175c_00c98ce0,between MapAnalysisImpCGroupModel and ?,constructor,,,
00c98f30,122,FUN_00c98f30,between MapAnalysisImpCGroupModel and ?,unclassified,,,
00c98fb0,124,FUN_00c98fb0,between MapAnalysisImpCGroupModel and ?,unclassified,,,
00c99030,251,FUN_00c99030,between MapAnalysisImpCGroupModel and ?,unclassified,CEngineLandscapePatch::Destructor,body,0.64
00c99130,208,FUN_00c99130,between MapAnalysisImpCGroupModel and ?,unclassified,CEngineLandscapePatch::AllocateTask,body,0.76
00c99200,199,FUN_00c99200,between MapAnalysisImpCGroupModel and ?,unclassified,CModifierGraphic_UpdatePosition,body,0.88
00c992d0,104,FUN_00c992d0,between MapAnalysisImpCGroupModel and ?,unclassified,,,
00c99340,82,FUN_00c99340,between MapAnalysisImpCGroupModel and ?,unclassified,,,
00c993a0,276,FUN_00c993a0,between MapAnalysisImpCGroupModel and ?,unclassified,,,
00c994c0,395,FUN_00c994c0,between MapAnalysisImpCGroupModel and ?,unclassified,,,
00c99770,27,ScalarDeletingDtor_00c99770,between MapAnalysisImpCGroupModel and ?,scalar deleting destructor,,,
00c99790,124,Ctor_vt00db1878_00c99790,between MapAnalysisImpCGroupModel and ?,constructor,,,
00c99820,27,ScalarDeletingDtor_00c99820,between MapAnalysisImpCGroupModel and ?,scalar deleting destructor,,,
00c99840,34,FUN_00c99840,between MapAnalysisImpCGroupModel and ?,unclassified,,,
00c99940,216,FUN_00c99940,between MapAnalysisImpCGroupModel and ?,unclassified,,,
00c99a20,194,FUN_00c99a20,between MapAnalysisImpCGroupModel and ?,unclassified,,,
00c99af0,140,FUN_00c99af0,between MapAnalysisImpCGroupModel and ?,unclassified,CEditControlCentre::SetRenderEffect,body,0.78
00c99cd0,21,FUN_00c99cd0,between MapAnalysisImpCGroupModel and ?,unclassified,,,
00c99da0,28,FUN_00c99da0,between MapAnalysisImpCGroupModel and ?,unclassified,,,
00c99dc0,50,FUN_00c99dc0,between MapAnalysisImpCGroupModel and ?,unclassified,,,
00c99e00,24,FUN_00c99e00,between MapAnalysisImpCGroupModel and ?,unclassified,,,
00c99e20,17,FUN_00c99e20,between MapAnalysisImpCGroupModel and ?,unclassified,,,
00c99e40,41,FUN_00c99e40,between MapAnalysisImpCGroupModel and ?,unclassified,,,
00c99e70,92,FUN_00c99e70,between MapAnalysisImpCGroupModel and ?,unclassified,,,
00c99ee0,104,FUN_00c99ee0,between MapAnalysisImpCGroupModel and ?,unclassified,,,
00c99f50,100,FUN_00c99f50,between MapAnalysisImpCGroupModel and ?,unclassified,,,
00c99fc0,55,FUN_00c99fc0,between MapAnalysisImpCGroupModel and ?,unclassified,,,
